Brand Name,Parent Company,Type of Product,Type of Material,Layers,Total Count,City,Provinces,Time of Audit,Specifics of Audit
PUTRI PANDA,PUTRI PANDA,FOOD PACKAGING,PET,SINGLE LAYER,6,CILACAP,CENTRAL JAVA,2023-09-09,COAST/SHORELINE
ABC,SANTOS JAYA ABADI,FOOD PACKAGING,PET,SINGLE LAYER,12,CILACAP,CENTRAL JAVA,2023-09-09,COAST/SHORELINE
KAPAL API,SANTOS JAYA ABADI,FOOD PACKAGING,PET,SINGLE LAYER,3,CILACAP,CENTRAL JAVA,2023-09-09,COAST/SHORELINE
KOPI GOOD DAY,SANTOS JAYA ABADI,FOOD PACKAGING,PET,SINGLE LAYER,3,CILACAP,CENTRAL JAVA,2023-09-09,COAST/SHORELINE
POP MIE,INDOFOOD,FOOD PACKAGING,PS,SINGLE LAYER,1,CILACAP,CENTRAL JAVA,2023-09-09,COAST/SHORELINE
SEDAAP,WINGS,FOOD PACKAGING,PS,SINGLE LAYER,4,CILACAP,CENTRAL JAVA,2023-09-09,COAST/SHORELINE
PIKOPI,SANTOS JAYA ABADI,FOOD PACKAGING,PET,SINGLE LAYER,1,CILACAP,CENTRAL JAVA,2023-09-09,COAST/SHORELINE
ROKOK AROMA,NIAGA NUSA ABADI,SMOKING MATERIAL,OTHERS,MULTI LAYER,1,CILACAP,CENTRAL JAVA,2023-09-09,COAST/SHORELINE
MARCOPOLO,SUMATRA TOBACCO TRADING COMPANY,SMOKING MATERIAL,OTHERS,MULTI LAYER,1,CILACAP,CENTRAL JAVA,2023-09-09,COAST/SHORELINE
GUDANG GARAM,GUDANG GARAM TBK.,SMOKING MATERIAL,OTHERS,MULTI LAYER,2,CILACAP,CENTRAL JAVA,2023-09-09,COAST/SHORELINE
DJARUM SUPER,DJARUM,SMOKING MATERIAL,OTHERS,MULTI LAYER,2,CILACAP,CENTRAL JAVA,2023-09-09,COAST/SHORELINE
TOP COFFEE,HARUM,FOOD PACKAGING,PET,SINGLE LAYER,1,CILACAP,CENTRAL JAVA,2023-09-09,COAST/SHORELINE
TAPAL KOEDA,TAPAL KUDA KENCANA,SMOKING MATERIAL,OTHERS,SINGLE LAYER,1,CILACAP,CENTRAL JAVA,2023-09-09,COAST/SHORELINE
MISTER,SIANTAR TOP,FOOD PACKAGING,PET,SINGLE LAYER,2,CILACAP,CENTRAL JAVA,2023-09-09,COAST/SHORELINE
PADIMAS,STANLY TRIJAYA MANDIRI,FOOD PACKAGING,PET,SINGLE LAYER,4,CILACAP,CENTRAL JAVA,2023-09-09,COAST/SHORELINE
AOKA,INDONESIA BAKERY FAMILY,FOOD PACKAGING,PET,SINGLE LAYER,3,CILACAP,CENTRAL JAVA,2023-09-09,COAST/SHORELINE
SARI ROTI,NIPPON INDOSARI CORPINDO,FOOD PACKAGING,PET,SINGLE LAYER,1,CILACAP,CENTRAL JAVA,2023-09-09,COAST/SHORELINE
BALIMAS,UNKNOWN,FOOD PACKAGING,PET,SINGLE LAYER,1,CILACAP,CENTRAL JAVA,2023-09-09,COAST/SHORELINE
SARI WANGI,ANGRI WANGI INDONESIA,FOOD PACKAGING,PET,SINGLE LAYER,1,CILACAP,CENTRAL JAVA,2023-09-09,COAST/SHORELINE
MANIZ,UNKNOWN,FOOD PACKAGING,PET,SINGLE LAYER,3,CILACAP,CENTRAL JAVA,2023-09-09,COAST/SHORELINE
SEDAAP,WINGS,FOOD PACKAGING,PET,SINGLE LAYER,6,CILACAP,CENTRAL JAVA,2023-09-09,COAST/SHORELINE
INDOMIE,INDOFOOD,FOOD PACKAGING,PET,SINGLE LAYER,2,CILACAP,CENTRAL JAVA,2023-09-09,COAST/SHORELINE
MINYAKITA,APICAL GROUP,FOOD PACKAGING,PET,SINGLE LAYER,2,CILACAP,CENTRAL JAVA,2023-09-09,COAST/SHORELINE
PANTENE,COLGATE-PALMOLIVE,PERSONAL CARE,PET,SINGLE LAYER,3,CILACAP,CENTRAL JAVA,2023-09-09,COAST/SHORELINE
HEAD & SHOULDERS,HEAD & SHOULDER,PERSONAL CARE,PET,SINGLE LAYER,2,CILACAP,CENTRAL JAVA,2023-09-09,COAST/SHORELINE
REJOICE,PHRONG INTERTRADE CO LTD,PERSONAL CARE,PET,SINGLE LAYER,1,CILACAP,CENTRAL JAVA,2023-09-09,COAST/SHORELINE
AQUA,DANONE,FOOD PACKAGING,HDPE,MULTI LAYER,2,CILACAP,CENTRAL JAVA,2023-09-09,COAST/SHORELINE
MINYAK GORENG SMART,UNKNOWN,FOOD PACKAGING,PET,SINGLE LAYER,1,CILACAP,CENTRAL JAVA,2023-09-09,COAST/SHORELINE
FRAISWELL,BINA KARYA PRIMA,FOOD PACKAGING,PET,SINGLE LAYER,1,CILACAP,CENTRAL JAVA,2023-09-09,COAST/SHORELINE
TICTIC,SIANTAR TOP,FOOD PACKAGING,PET,SINGLE LAYER,1,CILACAP,CENTRAL JAVA,2023-09-09,COAST/SHORELINE
PEMBALUT CHARM,UNI-CHARM INDONESIA,PERSONAL CARE,PET,SINGLE LAYER,1,CILACAP,CENTRAL JAVA,2023-09-09,COAST/SHORELINE
BABY HAPPY,PROTEX,PERSONAL CARE,PET,SINGLE LAYER,1,CILACAP,CENTRAL JAVA,2023-09-09,COAST/SHORELINE
EKOMIE,WINGS,FOOD PACKAGING,OTHERS,MULTI LAYER,1,CILACAP,CENTRAL JAVA,2023-09-09,COAST/SHORELINE
NEXTAR,NABATI,FOOD PACKAGING,PET,SINGLE LAYER,2,CILACAP,CENTRAL JAVA,2023-09-09,COAST/SHORELINE
GARUDA,TUDUNG GROUP,FOOD PACKAGING,PET,SINGLE LAYER,2,CILACAP,CENTRAL JAVA,2023-09-09,COAST/SHORELINE
VIT,TIRTA INVESTAMA,FOOD PACKAGING,PET,SINGLE LAYER,1,CILACAP,CENTRAL JAVA,2023-09-09,COAST/SHORELINE
ROMA SARI GANDUM,MAYORA INDAH,FOOD PACKAGING,PET,SINGLE LAYER,1,CILACAP,CENTRAL JAVA,2023-09-09,COAST/SHORELINE
ZINC,PT LION WINGS,PERSONAL CARE,PET,MULTI LAYER,1,CILACAP,CENTRAL JAVA,2023-09-09,COAST/SHORELINE
GOLIA,PERFETTI VAN MELLE,FOOD PACKAGING,PET,MULTI LAYER,1,CILACAP,CENTRAL JAVA,2023-09-09,COAST/SHORELINE
KISS,MAYORA INDAH,FOOD PACKAGING,PET,MULTI LAYER,5,CILACAP,CENTRAL JAVA,2023-09-09,COAST/SHORELINE
COFFEE CANDY,SANTOS JAYA ABADI,FOOD PACKAGING,PET,MULTI LAYER,1,CILACAP,CENTRAL JAVA,2023-09-09,COAST/SHORELINE
RELAXA,AGEL LANGGENG,FOOD PACKAGING,PET,MULTI LAYER,2,CILACAP,CENTRAL JAVA,2023-09-09,COAST/SHORELINE
MINTZ,ORANG TUA,FOOD PACKAGING,PET,MULTI LAYER,2,CILACAP,CENTRAL JAVA,2023-09-09,COAST/SHORELINE
SASA,SASA INTI,FOOD PACKAGING,PET,MULTI LAYER,4,CILACAP,CENTRAL JAVA,2023-09-09,COAST/SHORELINE
MASAKO,AJINOMOTO,FOOD PACKAGING,PET,MULTI LAYER,2,CILACAP,CENTRAL JAVA,2023-09-09,COAST/SHORELINE
YOUKA,UNKNOWN,FOOD PACKAGING,PET,MULTI LAYER,3,CILACAP,CENTRAL JAVA,2023-09-09,COAST/SHORELINE
KLIK,INDOFOOD,FOOD PACKAGING,PET,MULTI LAYER,1,CILACAP,CENTRAL JAVA,2023-09-09,COAST/SHORELINE
SUPER,GANDHI SPICES PVT. LTD.,HOUSEHOLD PRODUCT,PET,SINGLE LAYER,1,CILACAP,CENTRAL JAVA,2023-09-09,COAST/SHORELINE
ATTACK,KAO CORPORATION CHEMICALS COMPANY,HOUSEHOLD PRODUCT,PET,MULTI LAYER,1,CILACAP,CENTRAL JAVA,2023-09-09,COAST/SHORELINE
TRESEMME,GODEFROY,PERSONAL CARE,PET,MULTI LAYER,1,CILACAP,CENTRAL JAVA,2023-09-09,COAST/SHORELINE
SABDO PALON,UNKNOWN,FOOD PACKAGING,PET,SINGLE LAYER,1,CILACAP,CENTRAL JAVA,2023-09-09,COAST/SHORELINE
KANZLER,PT MACROPRIMA PANGANUTAMA,FOOD PACKAGING,PET,MULTI LAYER,2,CILACAP,CENTRAL JAVA,2023-09-09,COAST/SHORELINE
GERY SALUT,GARUDA FOOD,FOOD PACKAGING,PET,MULTI LAYER,1,CILACAP,CENTRAL JAVA,2023-09-09,COAST/SHORELINE
CUP,UNBRANDED,FOOD PACKAGING,PS,SINGLE LAYER,2,CILACAP,CENTRAL JAVA,2023-09-09,COAST/SHORELINE
DAIA,WINGS,HOUSEHOLD PRODUCT,PET,MULTI LAYER,3,CILACAP,CENTRAL JAVA,2023-09-09,COAST/SHORELINE
EKONOMI,WINGS,HOUSEHOLD PRODUCT,PET,MULTI LAYER,2,CILACAP,CENTRAL JAVA,2023-09-09,COAST/SHORELINE
SO KLIN,WINGS,HOUSEHOLD PRODUCT,PET,MULTI LAYER,1,CILACAP,CENTRAL JAVA,2023-09-09,COAST/SHORELINE
MAMY POKO,UNICHARM,HOUSEHOLD PRODUCT,PET,MULTI LAYER,1,CILACAP,CENTRAL JAVA,2023-09-09,COAST/SHORELINE
KOPIKO,MAYORA INDAH,FOOD PACKAGING,PET,MULTI LAYER,3,CILACAP,CENTRAL JAVA,2023-09-09,COAST/SHORELINE
CLEO,TANOBEL FOOD,FOOD PACKAGING,PET,SINGLE LAYER,1,CILACAP,CENTRAL JAVA,2023-09-09,COAST/SHORELINE
SO NICE,SO GOOD,FOOD PACKAGING,PET,SINGLE LAYER,1,CILACAP,CENTRAL JAVA,2023-09-09,COAST/SHORELINE
KOMIX,BINTANG TOEDJOE,FOOD PACKAGING,PET,MULTI LAYER,2,CILACAP,CENTRAL JAVA,2023-09-09,COAST/SHORELINE
TOLAK ANGIN,SIDOMUNCUL,FOOD PACKAGING,PET,MULTI LAYER,1,CILACAP,CENTRAL JAVA,2023-09-09,COAST/SHORELINE
FRISIAN FLAG,FRIESLANDCAMPINA,FOOD PACKAGING,PET,MULTI LAYER,2,CILACAP,CENTRAL JAVA,2023-09-09,COAST/SHORELINE
MIRANDA,UNBRANDED,PERSONAL CARE,PET,MULTI LAYER,1,CILACAP,CENTRAL JAVA,2023-09-09,COAST/SHORELINE
ANTANGIN,DELTOMED LABORATORIES,FOOD PACKAGING,PET,MULTI LAYER,2,CILACAP,CENTRAL JAVA,2023-09-09,COAST/SHORELINE
TEH GELAS,ORANG TUA,FOOD PACKAGING,PET,SINGLE LAYER,2,CILACAP,CENTRAL JAVA,2023-09-09,COAST/SHORELINE
LIFEBUOY,UNILEVER,PERSONAL CARE,PET,MULTI LAYER,1,CILACAP,CENTRAL JAVA,2023-09-09,COAST/SHORELINE
ULTRA MILK,ULTRAJAYA,FOOD PACKAGING,OTHERS,MULTI LAYER,1,CILACAP,CENTRAL JAVA,2023-09-09,COAST/SHORELINE
DUA PUTRA,UNKNOWN,FOOD PACKAGING,PET,SINGLE LAYER,1,CILACAP,CENTRAL JAVA,2023-09-09,COAST/SHORELINE
NABATI,NABATI GROUP.,FOOD PACKAGING,PET,MULTI LAYER,1,CILACAP,CENTRAL JAVA,2023-09-09,COAST/SHORELINE
ROMA,MAYORA INDAH,FOOD PACKAGING,PET,MULTI LAYER,2,CILACAP,CENTRAL JAVA,2023-09-09,COAST/SHORELINE
AOKA,INDONESIA BAKERY FAMILY,FOOD PACKAGING,PET,MULTI LAYER,3,CILACAP,CENTRAL JAVA,2023-09-09,COAST/SHORELINE
YAKULT,YAKULT,FOOD PACKAGING,HDPE,SINGLE LAYER,2,CILACAP,CENTRAL JAVA,2023-09-09,COAST/SHORELINE
SIMBA,SIMBA INDOSNACK MAKMUR,FOOD PACKAGING,PET,MULTI LAYER,1,CILACAP,CENTRAL JAVA,2023-09-09,COAST/SHORELINE
ROLIS,UNKNOWN,FOOD PACKAGING,PET,MULTI LAYER,2,CILACAP,CENTRAL JAVA,2023-09-09,COAST/SHORELINE
INDOFOOD,INDOFOOD,FOOD PACKAGING,PET,MULTI LAYER,4,CILACAP,CENTRAL JAVA,2023-09-09,COAST/SHORELINE
NUVO,WINGS,HOUSEHOLD PRODUCT,PET,MULTI LAYER,1,CILACAP,CENTRAL JAVA,2023-09-09,COAST/SHORELINE
ROCKET CHICKEN,UNKNOWN,FOOD PACKAGING,PET,MULTI LAYER,1,CILACAP,CENTRAL JAVA,2023-09-09,COAST/SHORELINE
KACANG CIKUR POGO,UNKNOWN,FOOD PACKAGING,PET,MULTI LAYER,2,CILACAP,CENTRAL JAVA,2023-09-09,COAST/SHORELINE
GERY,GARUDA FOOD,FOOD PACKAGING,PET,MULTI LAYER,2,CILACAP,CENTRAL JAVA,2023-09-09,COAST/SHORELINE
WALLS,UNILEVER,FOOD PACKAGING,PET,MULTI LAYER,5,CILACAP,CENTRAL JAVA,2023-09-09,COAST/SHORELINE
MENTOS,PERFETTI VAN MELLE,FOOD PACKAGING,PET,MULTI LAYER,2,CILACAP,CENTRAL JAVA,2023-09-09,COAST/SHORELINE
BLASTER,ULTRA PRIMA ABADI,FOOD PACKAGING,PET,MULTI LAYER,1,CILACAP,CENTRAL JAVA,2023-09-09,COAST/SHORELINE
CUCU,INTERNUSA FOOD,FOOD PACKAGING,PET,SINGLE LAYER,1,CILACAP,CENTRAL JAVA,2023-09-09,COAST/SHORELINE
ZINC,PT LION WINGS,PERSONAL CARE,PET,MULTI LAYER,1,CILACAP,CENTRAL JAVA,2023-09-09,COAST/SHORELINE
POLYGON,UNKNOWN,OTHERS,OTHERS,MULTI LAYER,1,CILACAP,CENTRAL JAVA,2023-09-09,COAST/SHORELINE
MISTER POTATO,PACIFIC FOOD INDONESIA,FOOD PACKAGING,PET,MULTI LAYER,1,CILACAP,CENTRAL JAVA,2023-09-09,COAST/SHORELINE
CHOCOLATOS,GARUDA FOOD,FOOD PACKAGING,PET,MULTI LAYER,2,CILACAP,CENTRAL JAVA,2023-09-09,COAST/SHORELINE
MIE KREMEZZ,TIGA PILAR SEJAHTERA,FOOD PACKAGING,PET,MULTI LAYER,2,CILACAP,CENTRAL JAVA,2023-09-09,COAST/SHORELINE
GORIORIO,SIANTAR TOP,FOOD PACKAGING,PET,MULTI LAYER,1,CILACAP,CENTRAL JAVA,2023-09-09,COAST/SHORELINE
YUPI,YUPINDO,FOOD PACKAGING,PET,MULTI LAYER,1,CILACAP,CENTRAL JAVA,2023-09-09,COAST/SHORELINE
SPRITE,THE COCA-COLA COMPANY,FOOD PACKAGING,PET,SINGLE LAYER,1,CILACAP,CENTRAL JAVA,2023-09-09,COAST/SHORELINE
XIANG XIANG,UNKNOWN,FOOD PACKAGING,PET,MULTI LAYER,1,CILACAP,CENTRAL JAVA,2023-09-09,COAST/SHORELINE
BLUE BAND,UNILEVER,FOOD PACKAGING,PET,MULTI LAYER,1,CILACAP,CENTRAL JAVA,2023-09-09,COAST/SHORELINE
KAIPA,UNKNOWN,FOOD PACKAGING,PET,MULTI LAYER,1,CILACAP,CENTRAL JAVA,2023-09-09,COAST/SHORELINE
PILUS CAP BAWANG TUNGGAL,UNKNOWN,FOOD PACKAGING,PET,MULTI LAYER,1,CILACAP,CENTRAL JAVA,2023-09-09,COAST/SHORELINE
CHOKI CHOKI,MAYORA INDAH,FOOD PACKAGING,PET,MULTI LAYER,2,CILACAP,CENTRAL JAVA,2023-09-09,COAST/SHORELINE
VITAMIN C,UNKNOWN,FOOD PACKAGING,PET,MULTI LAYER,1,CILACAP,CENTRAL JAVA,2023-09-09,COAST/SHORELINE
MADURASA,MADURASA UNGGULAN NUSANTARA,FOOD PACKAGING,PET,MULTI LAYER,1,CILACAP,CENTRAL JAVA,2023-09-09,COAST/SHORELINE
LE MINERALE,MAYORA INDAH,HOUSEHOLD PRODUCT,PET,MULTI LAYER,1,CILACAP,CENTRAL JAVA,2023-09-09,COAST/SHORELINE
GUDANG GARAM,GUDANG GARAM TBK.,SMOKING MATERIAL,PET,SINGLE LAYER,1,CILACAP,CENTRAL JAVA,2023-09-09,COAST/SHORELINE
DEKA,UNKNOWN,FOOD PACKAGING,PET,MULTI LAYER,1,CILACAP,CENTRAL JAVA,2023-09-09,COAST/SHORELINE
TINGTING,GARUDA FOOD,FOOD PACKAGING,PET,MULTI LAYER,1,CILACAP,CENTRAL JAVA,2023-09-09,COAST/SHORELINE
TERASI UDANG,UNKNOWN,FOOD PACKAGING,PET,MULTI LAYER,1,CILACAP,CENTRAL JAVA,2023-09-09,COAST/SHORELINE
TESSA,PT GRAHA KERINDO UTAMA,PERSONAL CARE,PET,MULTI LAYER,1,CILACAP,CENTRAL JAVA,2023-09-09,COAST/SHORELINE
KABITA,UNKNOWN,FOOD PACKAGING,PET,MULTI LAYER,1,CILACAP,CENTRAL JAVA,2023-09-09,COAST/SHORELINE
SOFFELL,ENESIS GROUP,PERSONAL CARE,PET,MULTI LAYER,1,CILACAP,CENTRAL JAVA,2023-09-09,COAST/SHORELINE
FINTO,FORISA NUSA PERSADA,FOOD PACKAGING,PET,MULTI LAYER,1,CILACAP,CENTRAL JAVA,2023-09-09,COAST/SHORELINE
SUKIYAKI,UNKNOWN,FOOD PACKAGING,PET,MULTI LAYER,1,CILACAP,CENTRAL JAVA,2023-09-09,COAST/SHORELINE
JAGO BAWANG,UNKNOWN,FOOD PACKAGING,PET,MULTI LAYER,2,CILACAP,CENTRAL JAVA,2023-09-09,COAST/SHORELINE
KONIDIN,PT KONIMEX,PERSONAL CARE,PET,MULTI LAYER,1,CILACAP,CENTRAL JAVA,2023-09-09,COAST/SHORELINE
MODI,RANJANI JAYA LESTARI,FOOD PACKAGING,PET,MULTI LAYER,1,CILACAP,CENTRAL JAVA,2023-09-09,COAST/SHORELINE
GURIMI,PT ABC PRESIDENT INDONESIA,FOOD PACKAGING,PET,SINGLE LAYER,1,CILACAP,CENTRAL JAVA,2023-09-09,COAST/SHORELINE
UNKNOWN,UNBRANDED,OTHERS,OTHERS,UNSURE,420,CILACAP,CENTRAL JAVA,2023-09-09,COAST/SHORELINE
AOKA,INDONESIA BAKERY FAMILY,FOOD PACKAGING,PS,SINGLE LAYER,2,CILACAP,CENTRAL JAVA,2023-09-09,COAST/SHORELINE
GERY,GARUDA FOOD,FOOD PACKAGING,PS,SINGLE LAYER,2,CILACAP,CENTRAL JAVA,2023-09-09,COAST/SHORELINE
DJARUM COKLAT,DJARUM,SMOKING MATERIAL,OTHERS,MULTI LAYER,1,CILACAP,CENTRAL JAVA,2023-09-09,COAST/SHORELINE
SEDAAP,WINGS,FOOD PACKAGING,PS,SINGLE LAYER,6,CILACAP,CENTRAL JAVA,2023-09-09,COAST/SHORELINE
KISS,MAYORA INDAH,FOOD PACKAGING,PS,SINGLE LAYER,2,CILACAP,CENTRAL JAVA,2023-09-09,COAST/SHORELINE
MILD,"HM SAMPOERNA, TBK",SMOKING MATERIAL,OTHERS,MULTI LAYER,1,CILACAP,CENTRAL JAVA,2023-09-09,COAST/SHORELINE
TOP,DELFI LIMITED,FOOD PACKAGING,PS,SINGLE LAYER,1,CILACAP,CENTRAL JAVA,2023-09-09,COAST/SHORELINE
DJARUM SUPER,DJARUM,SMOKING MATERIAL,OTHERS,MULTI LAYER,2,CILACAP,CENTRAL JAVA,2023-09-09,COAST/SHORELINE
MENTOS,PERFETTI VAN MELLE,FOOD PACKAGING,PS,SINGLE LAYER,3,CILACAP,CENTRAL JAVA,2023-09-09,COAST/SHORELINE
GORIORIO,SIANTAR TOP,FOOD PACKAGING,PS,SINGLE LAYER,1,CILACAP,CENTRAL JAVA,2023-09-09,COAST/SHORELINE
KOPIKO,MAYORA INDAH,FOOD PACKAGING,PS,SINGLE LAYER,2,CILACAP,CENTRAL JAVA,2023-09-09,COAST/SHORELINE
INAKO JELLY,PT NIRAMAS UTAMA,FOOD PACKAGING,PS,SINGLE LAYER,10,CILACAP,CENTRAL JAVA,2023-09-09,COAST/SHORELINE
KALPA,MAYORA INDAH,FOOD PACKAGING,PS,SINGLE LAYER,2,CILACAP,CENTRAL JAVA,2023-09-09,COAST/SHORELINE
PIATTOS,UNIVERSAL ROBINA CORPORATION,FOOD PACKAGING,PS,SINGLE LAYER,2,CILACAP,CENTRAL JAVA,2023-09-09,COAST/SHORELINE
CHOCO PIE,LOTTE CONFECTIONARY CO,FOOD PACKAGING,PS,SINGLE LAYER,1,CILACAP,CENTRAL JAVA,2023-09-09,COAST/SHORELINE
KUACI REBO,GUMINDO,FOOD PACKAGING,PS,SINGLE LAYER,1,CILACAP,CENTRAL JAVA,2023-09-09,COAST/SHORELINE
SUPER STAR,MAYORA INDAH,FOOD PACKAGING,PS,SINGLE LAYER,1,CILACAP,CENTRAL JAVA,2023-09-09,COAST/SHORELINE
PADDLE POP,UNILEVER,FOOD PACKAGING,PS,SINGLE LAYER,1,CILACAP,CENTRAL JAVA,2023-09-09,COAST/SHORELINE
COCA COLA,THE COCA-COLA COMPANY,FOOD PACKAGING,PS,SINGLE LAYER,1,CILACAP,CENTRAL JAVA,2023-09-09,COAST/SHORELINE
FRISIAN FLAG,FRIESLANDCAMPINA,FOOD PACKAGING,PS,MULTI LAYER,1,CILACAP,CENTRAL JAVA,2023-09-09,COAST/SHORELINE
SUPERMI,INDOFOOD,FOOD PACKAGING,PS,SINGLE LAYER,1,CILACAP,CENTRAL JAVA,2023-09-09,COAST/SHORELINE
DELFI CHOCO BALL,DELFI LTD.,FOOD PACKAGING,PS,SINGLE LAYER,2,CILACAP,CENTRAL JAVA,2023-09-09,COAST/SHORELINE
DJARUM 76,DJARUM,SMOKING MATERIAL,OTHERS,MULTI LAYER,1,CILACAP,CENTRAL JAVA,2023-09-09,COAST/SHORELINE
SUNLIGHT,UNILEVER,HOUSEHOLD PRODUCT,PET,MULTI LAYER,1,CILACAP,CENTRAL JAVA,2023-09-09,COAST/SHORELINE
COFFE CUP,UNKNOWN,FOOD PACKAGING,PS,MULTI LAYER,1,CILACAP,CENTRAL JAVA,2023-09-09,COAST/SHORELINE
VIT,TIRTA INVESTAMA,FOOD PACKAGING,PET,MULTI LAYER,1,CILACAP,CENTRAL JAVA,2023-09-09,COAST/SHORELINE
KOPI GOOD DAY,SANTOS JAYA ABADI,FOOD PACKAGING,PS,SINGLE LAYER,4,CILACAP,CENTRAL JAVA,2023-09-09,COAST/SHORELINE
POL-T,UNKNOWN,FOOD PACKAGING,PS,SINGLE LAYER,1,CILACAP,CENTRAL JAVA,2023-09-09,COAST/SHORELINE
MARSHMALLOW,UNBRANDED,FOOD PACKAGING,PS,SINGLE LAYER,1,CILACAP,CENTRAL JAVA,2023-09-09,COAST/SHORELINE
HOT HOT POP,BRONSON,FOOD PACKAGING,PS,SINGLE LAYER,1,CILACAP,CENTRAL JAVA,2023-09-09,COAST/SHORELINE
EKONOMI,WINGS,HOUSEHOLD PRODUCT,PET,MULTI LAYER,1,CILACAP,CENTRAL JAVA,2023-09-09,COAST/SHORELINE
PAKU,UNKNOWN,FISHING GEAR,PVC,UNSURE,5,CILACAP,CENTRAL JAVA,2023-09-09,COAST/SHORELINE
NEXTAR,NABATI,FOOD PACKAGING,PS,SINGLE LAYER,1,CILACAP,CENTRAL JAVA,2023-09-09,COAST/SHORELINE
CHOCO CHIPS,SIMBA,FOOD PACKAGING,PS,SINGLE LAYER,1,CILACAP,CENTRAL JAVA,2023-09-09,COAST/SHORELINE
GROW,PT GUDANG BARU BERKAH,SMOKING MATERIAL,OTHERS,MULTI LAYER,4,CILACAP,CENTRAL JAVA,2023-09-09,COAST/SHORELINE
SAMPOERNA,PHILIP MORRIS INTERNATIONAL,SMOKING MATERIAL,OTHERS,MULTI LAYER,3,CILACAP,CENTRAL JAVA,2023-09-09,COAST/SHORELINE
GICO,PERUSAHAAN ROKOK BAHAGIA,SMOKING MATERIAL,OTHERS,MULTI LAYER,1,CILACAP,CENTRAL JAVA,2023-09-09,COAST/SHORELINE
DILAN,GARUDA FOOD,FOOD PACKAGING,PET,MULTI LAYER,1,CILACAP,CENTRAL JAVA,2023-09-09,COAST/SHORELINE
MALKIST,PT MAYORA INDAH TBK,FOOD PACKAGING,PET,MULTI LAYER,1,CILACAP,CENTRAL JAVA,2023-09-09,COAST/SHORELINE
KAPAL API,SANTOS JAYA ABADI,FOOD PACKAGING,PET,MULTI LAYER,1,CILACAP,CENTRAL JAVA,2023-09-09,COAST/SHORELINE
ROCKET CHICKEN,UNKNOWN,FOOD PACKAGING,PET,MULTI LAYER,3,CILACAP,CENTRAL JAVA,2023-09-09,COAST/SHORELINE
GARAM DAUN,UNKNOWN,FOOD PACKAGING,PET,SINGLE LAYER,3,CILACAP,CENTRAL JAVA,2023-09-09,COAST/SHORELINE
MIE KREMEZZ,TIGA PILAR SEJAHTERA,FOOD PACKAGING,PET,MULTI LAYER,2,CILACAP,CENTRAL JAVA,2023-09-09,COAST/SHORELINE
WALLS,UNILEVER,FOOD PACKAGING,PET,MULTI LAYER,2,CILACAP,CENTRAL JAVA,2023-09-09,COAST/SHORELINE
KOPI ABC,SANTOS JAYA ABADI,FOOD PACKAGING,PET,MULTI LAYER,7,CILACAP,CENTRAL JAVA,2023-09-09,COAST/SHORELINE
LA,BRITISH AMERICAN TOBACCO,SMOKING MATERIAL,OTHERS,MULTI LAYER,1,CILACAP,CENTRAL JAVA,2023-09-09,COAST/SHORELINE
SO NICE,SO GOOD,PERSONAL CARE,PET,MULTI LAYER,3,CILACAP,CENTRAL JAVA,2023-09-09,COAST/SHORELINE
CHOCOLATOS,GARUDA FOOD,PERSONAL CARE,PET,MULTI LAYER,2,CILACAP,CENTRAL JAVA,2023-09-09,COAST/SHORELINE
GUDANG GARAM,GUDANG GARAM TBK.,SMOKING MATERIAL,OTHERS,MULTI LAYER,4,CILACAP,CENTRAL JAVA,2023-09-09,COAST/SHORELINE
DJI SAM SOE,"HM SAMPOERNA, TBK",SMOKING MATERIAL,OTHERS,MULTI LAYER,1,CILACAP,CENTRAL JAVA,2023-09-09,COAST/SHORELINE
KIKO,PANDARIA MAKMUR (KIKO FACT),PERSONAL CARE,PET,SINGLE LAYER,3,CILACAP,CENTRAL JAVA,2023-09-09,COAST/SHORELINE
RELAXA,AGEL LANGGENG,PERSONAL CARE,PET,MULTI LAYER,3,CILACAP,CENTRAL JAVA,2023-09-09,COAST/SHORELINE
INDOFOOD,INDOFOOD,PERSONAL CARE,PET,SINGLE LAYER,6,CILACAP,CENTRAL JAVA,2023-09-09,COAST/SHORELINE
ICE CREAM,UNKNOWN,PERSONAL CARE,PET,SINGLE LAYER,2,CILACAP,CENTRAL JAVA,2023-09-09,COAST/SHORELINE
GO POTATO,SIANTAR TOP,PERSONAL CARE,PET,SINGLE LAYER,2,CILACAP,CENTRAL JAVA,2023-09-09,COAST/SHORELINE
ROKOK KRETEK,UNKNOWN,OTHERS,OTHERS,MULTI LAYER,1,CILACAP,CENTRAL JAVA,2023-09-09,COAST/SHORELINE
MENTOS,PERFETTI VAN MELLE,PERSONAL CARE,PET,SINGLE LAYER,1,CILACAP,CENTRAL JAVA,2023-09-09,COAST/SHORELINE
YUPI,YUPINDO,PERSONAL CARE,PET,SINGLE LAYER,4,CILACAP,CENTRAL JAVA,2023-09-09,COAST/SHORELINE
MY JELLY,WONG COCO,PERSONAL CARE,PET,SINGLE LAYER,1,CILACAP,CENTRAL JAVA,2023-09-09,COAST/SHORELINE
GERY SALUT,GARUDA FOOD,PERSONAL CARE,PET,SINGLE LAYER,2,CILACAP,CENTRAL JAVA,2023-09-09,COAST/SHORELINE
MASAKO,AJINOMOTO,PERSONAL CARE,PET,SINGLE LAYER,3,CILACAP,CENTRAL JAVA,2023-09-09,COAST/SHORELINE
GO MALKIST,PT MAYORA INDAH TBK,PERSONAL CARE,PET,SINGLE LAYER,1,CILACAP,CENTRAL JAVA,2023-09-09,COAST/SHORELINE
AQUA,DANONE,PERSONAL CARE,PET,SINGLE LAYER,12,CILACAP,CENTRAL JAVA,2023-09-09,COAST/SHORELINE
ASTOR,MAYORA INDAH,PERSONAL CARE,PET,SINGLE LAYER,1,CILACAP,CENTRAL JAVA,2023-09-09,COAST/SHORELINE
POP MIE,INDOFOOD,PERSONAL CARE,PET,MULTI LAYER,1,CILACAP,CENTRAL JAVA,2023-09-09,COAST/SHORELINE
YAKULT,YAKULT,PERSONAL CARE,PET,SINGLE LAYER,1,CILACAP,CENTRAL JAVA,2023-09-09,COAST/SHORELINE
UC 1000,DJOJONEGORO,OTHERS,OTHERS,SINGLE LAYER,1,CILACAP,CENTRAL JAVA,2023-09-09,COAST/SHORELINE
INDOMILK,INDOFOOD,PERSONAL CARE,PET,SINGLE LAYER,1,CILACAP,CENTRAL JAVA,2023-09-09,COAST/SHORELINE
ZINC,PT LION WINGS,PERSONAL CARE,PET,SINGLE LAYER,1,CILACAP,CENTRAL JAVA,2023-09-09,COAST/SHORELINE
BIG BABOL,PERFETTI VAN MELLE,FOOD PACKAGING,PS,SINGLE LAYER,1,CILACAP,CENTRAL JAVA,2023-09-09,COAST/SHORELINE
HOTIN CREAM,PT ULTRA SAKTI,PERSONAL CARE,PET,MULTI LAYER,2,CILACAP,CENTRAL JAVA,2023-09-09,COAST/SHORELINE
TIM TAM,ARNOTT'S,FOOD PACKAGING,PS,SINGLE LAYER,1,CILACAP,CENTRAL JAVA,2023-09-09,COAST/SHORELINE
GACOAN,PT PESTA PORA ABADI,FOOD PACKAGING,PS,SINGLE LAYER,1,CILACAP,CENTRAL JAVA,2023-09-09,COAST/SHORELINE
TEH RIO,WINGS,FOOD PACKAGING,PS,SINGLE LAYER,1,CILACAP,CENTRAL JAVA,2023-09-09,COAST/SHORELINE
ORANGE,UNKNOWN,FOOD PACKAGING,PS,SINGLE LAYER,1,CILACAP,CENTRAL JAVA,2023-09-09,COAST/SHORELINE
PEPSODENT,UNILEVER,PERSONAL CARE,PET,SINGLE LAYER,1,CILACAP,CENTRAL JAVA,2023-09-09,COAST/SHORELINE
WALENS,PT NISSIN BISCUIT INDONESIA,FOOD PACKAGING,PET,MULTI LAYER,1,CILACAP,CENTRAL JAVA,2023-09-09,COAST/SHORELINE
PAPER CUP,UNBRANDED,OTHERS,PS,MULTI LAYER,2,CILACAP,CENTRAL JAVA,2023-09-09,COAST/SHORELINE
UNKNOWN,UNBRANDED,OTHERS,LDPE,SINGLE LAYER,9,CILACAP,CENTRAL JAVA,2023-09-09,COAST/SHORELINE
KACANG CIKUR POGO,UNKNOWN,FOOD PACKAGING,PET,MULTI LAYER,1,CILACAP,CENTRAL JAVA,2023-09-09,COAST/SHORELINE
GROW,PT GUDANG BARU BERKAH,SMOKING MATERIAL,PET,MULTI LAYER,1,CILACAP,CENTRAL JAVA,2023-09-09,COAST/SHORELINE
CAMILAN ISTIMEWA,UNKNOWN,FOOD PACKAGING,PET,MULTI LAYER,1,CILACAP,CENTRAL JAVA,2023-09-09,COAST/SHORELINE
SAMBAL COLEK,UNKNOWN,FOOD PACKAGING,PET,MULTI LAYER,1,CILACAP,CENTRAL JAVA,2023-09-09,COAST/SHORELINE
SUPERSTAR,MAYORA INDAH,FOOD PACKAGING,PET,MULTI LAYER,1,CILACAP,CENTRAL JAVA,2023-09-09,COAST/SHORELINE
KOMIX,BINTANG TOEDJOE,PERSONAL CARE,PET,MULTI LAYER,1,CILACAP,CENTRAL JAVA,2023-09-09,COAST/SHORELINE
ABC SAOS TOMAT,HEINZ,FOOD PACKAGING,PET,MULTI LAYER,1,CILACAP,CENTRAL JAVA,2023-09-09,COAST/SHORELINE
NEXTAR,NABATI,FOOD PACKAGING,PET,MULTI LAYER,1,CILACAP,CENTRAL JAVA,2023-09-09,COAST/SHORELINE
AOKA,INDONESIA BAKERY FAMILY,FOOD PACKAGING,PET,SINGLE LAYER,1,CILACAP,CENTRAL JAVA,2023-09-09,COAST/SHORELINE
YOU-YOU STICK,PT JAYA UTAMA SANTIKAH,FOOD PACKAGING,PET,MULTI LAYER,1,CILACAP,CENTRAL JAVA,2023-09-09,COAST/SHORELINE
GERY SALUT,GARUDA FOOD,FOOD PACKAGING,PET,MULTI LAYER,1,CILACAP,CENTRAL JAVA,2023-09-09,COAST/SHORELINE
SUNSILK,UNILEVER,PERSONAL CARE,PET,MULTI LAYER,1,CILACAP,CENTRAL JAVA,2023-09-09,COAST/SHORELINE
DJARUM SUPER,DJARUM,SMOKING MATERIAL,PET,MULTI LAYER,1,CILACAP,CENTRAL JAVA,2023-09-09,COAST/SHORELINE
DAUN GARAM,UNKNOWN,FOOD PACKAGING,PET,SINGLE LAYER,1,CILACAP,CENTRAL JAVA,2023-09-09,COAST/SHORELINE
STYROFOAM,UNBRANDED,FISHING GEAR,PS,UNSURE,4,CILACAP,CENTRAL JAVA,2023-09-09,COAST/SHORELINE
FEMINA,UNKNOWN,PERSONAL CARE,PET,MULTI LAYER,1,CILACAP,CENTRAL JAVA,2023-09-09,COAST/SHORELINE
MAMY POKO,UNICHARM,PERSONAL CARE,PET,MULTI LAYER,2,CILACAP,CENTRAL JAVA,2023-09-09,COAST/SHORELINE
TOKI 1 ,UNKNOWN,FOOD PACKAGING,PET,MULTI LAYER,1,CILACAP,CENTRAL JAVA,2023-09-09,COAST/SHORELINE
SWALLOW,SINAR JAYA PERKASA,HOUSEHOLD PRODUCT,OTHERS,UNSURE,1,CILACAP,CENTRAL JAVA,2023-09-09,COAST/SHORELINE
SISIR,UNKNOWN,HOUSEHOLD PRODUCT,OTHERS,UNSURE,1,CILACAP,CENTRAL JAVA,2023-09-09,COAST/SHORELINE
HEMATO,UNKNOWN,FOOD PACKAGING,PET,SINGLE LAYER,1,CILACAP,CENTRAL JAVA,2023-09-09,COAST/SHORELINE
AICE,AICE,FOOD PACKAGING,PET,MULTI LAYER,1,CILACAP,CENTRAL JAVA,2023-09-09,COAST/SHORELINE
MI CAP RIBUT,UNKNOWN,FOOD PACKAGING,PET,SINGLE LAYER,1,CILACAP,CENTRAL JAVA,2023-09-09,COAST/SHORELINE
SEDAAP,WINGS,FOOD PACKAGING,PET,SINGLE LAYER,1,CILACAP,CENTRAL JAVA,2023-09-09,COAST/SHORELINE
KERUPUK SOTO,UNKNOWN,FOOD PACKAGING,PET,SINGLE LAYER,1,CILACAP,CENTRAL JAVA,2023-09-09,COAST/SHORELINE
PLASTIC,UNBRANDED,OTHERS,LDPE,SINGLE LAYER,2,CILACAP,CENTRAL JAVA,2023-09-09,COAST/SHORELINE
KISS,MAYORA INDAH,FOOD PACKAGING,PET,SINGLE LAYER,1,CILACAP,CENTRAL JAVA,2023-09-09,COAST/SHORELINE
YUPI,YUPINDO,FOOD PACKAGING,PET,SINGLE LAYER,1,CILACAP,CENTRAL JAVA,2023-09-09,COAST/SHORELINE
STRAWS,UNBRANDED,OTHERS,LDPE,SINGLE LAYER,30,CILACAP,CENTRAL JAVA,2023-09-09,COAST/SHORELINE
INSTANT NOODLE FLAVORING,UNKNOWN,FOOD PACKAGING,PET,SINGLE LAYER,2,CILACAP,CENTRAL JAVA,2023-09-09,COAST/SHORELINE
PLASTIC,UNBRANDED,OTHERS,LDPE,SINGLE LAYER,20,CILACAP,CENTRAL JAVA,2023-09-09,COAST/SHORELINE
PLASTIC,UNBRANDED,OTHERS,LDPE,SINGLE LAYER,39,CILACAP,CENTRAL JAVA,2023-09-09,COAST/SHORELINE
PLASTIC,UNBRANDED,OTHERS,LDPE,SINGLE LAYER,20,CILACAP,CENTRAL JAVA,2023-09-09,COAST/SHORELINE
PLASTIC,UNBRANDED,OTHERS,LDPE,SINGLE LAYER,40,CILACAP,CENTRAL JAVA,2023-09-09,COAST/SHORELINE
SO KLIN,WINGS,HOUSEHOLD PRODUCT,PET,MULTI LAYER,1,CILACAP,CENTRAL JAVA,2023-09-09,COAST/SHORELINE
PLASTIC,UNBRANDED,OTHERS,LDPE,SINGLE LAYER,35,CILACAP,CENTRAL JAVA,2023-09-09,COAST/SHORELINE
SPOON,UNBRANDED,OTHERS,LDPE,SINGLE LAYER,17,CILACAP,CENTRAL JAVA,2023-09-09,COAST/SHORELINE
STRAWS,UNBRANDED,OTHERS,LDPE,SINGLE LAYER,45,CILACAP,CENTRAL JAVA,2023-09-09,COAST/SHORELINE
STRAWS,UNBRANDED,OTHERS,LDPE,SINGLE LAYER,33,CILACAP,CENTRAL JAVA,2023-09-09,COAST/SHORELINE
FORKS,UNBRANDED,OTHERS,LDPE,SINGLE LAYER,8,CILACAP,CENTRAL JAVA,2023-09-09,COAST/SHORELINE
PLASTIC,UNBRANDED,OTHERS,LDPE,SINGLE LAYER,40,CILACAP,CENTRAL JAVA,2023-09-09,COAST/SHORELINE
STRAWS,UNBRANDED,OTHERS,LDPE,SINGLE LAYER,50,CILACAP,CENTRAL JAVA,2023-09-09,COAST/SHORELINE
STRAWS,UNBRANDED,OTHERS,LDPE,SINGLE LAYER,50,CILACAP,CENTRAL JAVA,2023-09-09,COAST/SHORELINE
STRAWS,UNBRANDED,OTHERS,LDPE,SINGLE LAYER,9,CILACAP,CENTRAL JAVA,2023-09-09,COAST/SHORELINE
PLASTIC,UNBRANDED,OTHERS,LDPE,SINGLE LAYER,42,CILACAP,CENTRAL JAVA,2023-09-09,COAST/SHORELINE
PIATTOS,UNIVERSAL ROBINA CORPORATION,FOOD PACKAGING,PS,SINGLE LAYER,1,CILACAP,CENTRAL JAVA,2023-09-09,COAST/SHORELINE
FLORIDINA,WINGS INDONESIA,FOOD PACKAGING,PS,SINGLE LAYER,1,CILACAP,CENTRAL JAVA,2023-09-09,COAST/SHORELINE
WHITE COFFEE,JAVA PRIMA ABADI,FOOD PACKAGING,PS,SINGLE LAYER,2,CILACAP,CENTRAL JAVA,2023-09-09,COAST/SHORELINE
SO KLIN,WINGS,HOUSEHOLD PRODUCT,PS,SINGLE LAYER,3,CILACAP,CENTRAL JAVA,2023-09-09,COAST/SHORELINE
SUNLIGHT,UNILEVER,HOUSEHOLD PRODUCT,PS,SINGLE LAYER,3,CILACAP,CENTRAL JAVA,2023-09-09,COAST/SHORELINE
INDOFOOD,INDOFOOD,HOUSEHOLD PRODUCT,PS,SINGLE LAYER,2,CILACAP,CENTRAL JAVA,2023-09-09,COAST/SHORELINE
NYAM NYAM,UNBRANDED,FOOD PACKAGING,PS,SINGLE LAYER,1,CILACAP,CENTRAL JAVA,2023-09-09,COAST/SHORELINE
SUNCO,MUSIM MAS GROUP,FOOD PACKAGING,PS,SINGLE LAYER,2,CILACAP,CENTRAL JAVA,2023-09-09,COAST/SHORELINE
JETZ,INDOFOOD,FOOD PACKAGING,PS,SINGLE LAYER,1,CILACAP,CENTRAL JAVA,2023-09-09,COAST/SHORELINE
KAPAL API,SANTOS JAYA ABADI,FOOD PACKAGING,PS,SINGLE LAYER,2,CILACAP,CENTRAL JAVA,2023-09-09,COAST/SHORELINE
LIFEBUOY,UNILEVER,PERSONAL CARE,HDPE,MULTI LAYER,5,CILACAP,CENTRAL JAVA,2023-09-09,COAST/SHORELINE
MARIMAS,MARIMAS PUTERA KENCANA,FOOD PACKAGING,PS,SINGLE LAYER,1,CILACAP,CENTRAL JAVA,2023-09-09,COAST/SHORELINE
SEDAAP,WINGS,FOOD PACKAGING,PS,SINGLE LAYER,12,CILACAP,CENTRAL JAVA,2023-09-09,COAST/SHORELINE
BANGO,UNILEVER,FOOD PACKAGING,PS,SINGLE LAYER,1,CILACAP,CENTRAL JAVA,2023-09-09,COAST/SHORELINE
INDOCAFE,INDOFOOD,FOOD PACKAGING,PS,SINGLE LAYER,1,CILACAP,CENTRAL JAVA,2023-09-09,COAST/SHORELINE
MAMAYO,PT JAVA EGG SPECIALITIES (CIMORY GROUP),FOOD PACKAGING,PS,SINGLE LAYER,1,CILACAP,CENTRAL JAVA,2023-09-09,COAST/SHORELINE
CHITATO,INDOFOOD,FOOD PACKAGING,PS,SINGLE LAYER,2,CILACAP,CENTRAL JAVA,2023-09-09,COAST/SHORELINE
CHOCOLATOS,GARUDA FOOD,FOOD PACKAGING,PS,SINGLE LAYER,5,CILACAP,CENTRAL JAVA,2023-09-09,COAST/SHORELINE
SAMBAL ASLI,MULTISARI,FOOD PACKAGING,PS,SINGLE LAYER,2,CILACAP,CENTRAL JAVA,2023-09-09,COAST/SHORELINE
YUM CHIPS,PT JAYA UTAMA SANTIKAH,FOOD PACKAGING,PS,SINGLE LAYER,1,CILACAP,CENTRAL JAVA,2023-09-09,COAST/SHORELINE
MITU,MEGASARI MAKMUR,PERSONAL CARE,OTHERS,SINGLE LAYER,1,CILACAP,CENTRAL JAVA,2023-09-09,COAST/SHORELINE
KOPI ABC,SANTOS JAYA ABADI,FOOD PACKAGING,PS,SINGLE LAYER,11,CILACAP,CENTRAL JAVA,2023-09-09,COAST/SHORELINE
SIIP,NABATI SNACK,FOOD PACKAGING,PS,SINGLE LAYER,2,CILACAP,CENTRAL JAVA,2023-09-09,COAST/SHORELINE
PEPSODENT,UNILEVER,PERSONAL CARE,OTHERS,MULTI LAYER,2,CILACAP,CENTRAL JAVA,2023-09-09,COAST/SHORELINE
REBO,GUMINDO BOGAMANIS,FOOD PACKAGING,PS,SINGLE LAYER,1,CILACAP,CENTRAL JAVA,2023-09-09,COAST/SHORELINE
REXONA,UNILEVER,PERSONAL CARE,OTHERS,MULTI LAYER,3,CILACAP,CENTRAL JAVA,2023-09-09,COAST/SHORELINE
GREENFIELDS,JAPFA LIMITED,FOOD PACKAGING,PS,SINGLE LAYER,1,CILACAP,CENTRAL JAVA,2023-09-09,COAST/SHORELINE
FRISIAN FLAG,FRIESLANDCAMPINA,FOOD PACKAGING,PS,SINGLE LAYER,3,CILACAP,CENTRAL JAVA,2023-09-09,COAST/SHORELINE
SUKRO,DUA KELINCI,FOOD PACKAGING,PS,SINGLE LAYER,2,CILACAP,CENTRAL JAVA,2023-09-09,COAST/SHORELINE
AQUA,DANONE,FOOD PACKAGING,PS,SINGLE LAYER,1,CILACAP,CENTRAL JAVA,2023-09-09,COAST/SHORELINE
GUDANG GARAM,GUDANG GARAM TBK.,SMOKING MATERIAL,OTHERS,SINGLE LAYER,1,CILACAP,CENTRAL JAVA,2023-09-09,COAST/SHORELINE
INDOMIE,INDOFOOD,FOOD PACKAGING,OTHERS,SINGLE LAYER,2,CILACAP,CENTRAL JAVA,2023-09-09,COAST/SHORELINE
GO POTATO,SIANTAR TOP,FOOD PACKAGING,OTHERS,SINGLE LAYER,1,CILACAP,CENTRAL JAVA,2023-09-09,COAST/SHORELINE
GULAKU,SUGAR GROUP,FOOD PACKAGING,OTHERS,SINGLE LAYER,1,CILACAP,CENTRAL JAVA,2023-09-09,COAST/SHORELINE
INDOMIE,INDOFOOD,FOOD PACKAGING,OTHERS,SINGLE LAYER,2,CILACAP,CENTRAL JAVA,2023-09-09,COAST/SHORELINE
MINYAK FORTUNE,WILMAR GROUP,FOOD PACKAGING,OTHERS,SINGLE LAYER,2,CILACAP,CENTRAL JAVA,2023-09-09,COAST/SHORELINE
MAMY POKO,UNICHARM,PERSONAL CARE,OTHERS,SINGLE LAYER,2,CILACAP,CENTRAL JAVA,2023-09-09,COAST/SHORELINE
HATARI,ASW FOOD,FOOD PACKAGING,OTHERS,SINGLE LAYER,1,CILACAP,CENTRAL JAVA,2023-09-09,COAST/SHORELINE
SLAI OLAI,MAYORA INDAH,FOOD PACKAGING,LDPE,SINGLE LAYER,1,CILACAP,CENTRAL JAVA,2023-09-09,COAST/SHORELINE
TANGO,TANGO,FOOD PACKAGING,LDPE,SINGLE LAYER,2,CILACAP,CENTRAL JAVA,2023-09-09,COAST/SHORELINE
KOPI FRESCO,SANTOS JAYA ABADI,FOOD PACKAGING,LDPE,SINGLE LAYER,1,CILACAP,CENTRAL JAVA,2023-09-09,COAST/SHORELINE
ROSE BRAND,CV BUMI WARAS,FOOD PACKAGING,LDPE,SINGLE LAYER,2,CILACAP,CENTRAL JAVA,2023-09-09,COAST/SHORELINE
BIHUN CAP JAGUNG,PT DAESANG AGUNG INDONESIA,FOOD PACKAGING,LDPE,SINGLE LAYER,1,CILACAP,CENTRAL JAVA,2023-09-09,COAST/SHORELINE
POCARI SWEAT,OTSUKA,FOOD PACKAGING,LDPE,SINGLE LAYER,1,CILACAP,CENTRAL JAVA,2023-09-09,COAST/SHORELINE
CLEO,TANOBEL FOOD,FOOD PACKAGING,LDPE,SINGLE LAYER,1,CILACAP,CENTRAL JAVA,2023-09-09,COAST/SHORELINE
CAMPINA,FRIESLANDCAMPINA,FOOD PACKAGING,LDPE,SINGLE LAYER,1,CILACAP,CENTRAL JAVA,2023-09-09,COAST/SHORELINE
VIT,TIRTA INVESTAMA,FOOD PACKAGING,LDPE,SINGLE LAYER,1,CILACAP,CENTRAL JAVA,2023-09-09,COAST/SHORELINE
COCA COLA,THE COCA-COLA COMPANY,FOOD PACKAGING,LDPE,SINGLE LAYER,1,CILACAP,CENTRAL JAVA,2023-09-09,COAST/SHORELINE
ROTI YALE-YALE,SARI MURNI GROUP,FOOD PACKAGING,LDPE,SINGLE LAYER,1,CILACAP,CENTRAL JAVA,2023-09-09,COAST/SHORELINE
DOREMI,CV NANA ABADI,FOOD PACKAGING,LDPE,SINGLE LAYER,1,CILACAP,CENTRAL JAVA,2023-09-09,COAST/SHORELINE
ROTI SISIR,JORDAN BAKERY,FOOD PACKAGING,LDPE,SINGLE LAYER,1,CILACAP,CENTRAL JAVA,2023-09-09,COAST/SHORELINE
HAPPY TWINS,UNKNOWN,FOOD PACKAGING,LDPE,SINGLE LAYER,1,CILACAP,CENTRAL JAVA,2023-09-09,COAST/SHORELINE
KUNCI MAS,SMART,FOOD PACKAGING,LDPE,SINGLE LAYER,1,CILACAP,CENTRAL JAVA,2023-09-09,COAST/SHORELINE
OKKY JELLY DRINK,TUDUNG GROUP,FOOD PACKAGING,LDPE,SINGLE LAYER,1,CILACAP,CENTRAL JAVA,2023-09-09,COAST/SHORELINE
BAKPIA KUKUS TUGU JOGJA,PT AGRINESIA RAYA SLEMAN,FOOD PACKAGING,LDPE,SINGLE LAYER,1,CILACAP,CENTRAL JAVA,2023-09-09,COAST/SHORELINE
YOGURT,UNBRANDED,FOOD PACKAGING,LDPE,SINGLE LAYER,1,CILACAP,CENTRAL JAVA,2023-09-09,COAST/SHORELINE
HYDRO COCO,KALBE FARMA TBK,FOOD PACKAGING,LDPE,SINGLE LAYER,1,CILACAP,CENTRAL JAVA,2023-09-09,COAST/SHORELINE
MIE KREMEZZ,TIGA PILAR SEJAHTERA,FOOD PACKAGING,LDPE,SINGLE LAYER,1,CILACAP,CENTRAL JAVA,2023-09-09,COAST/SHORELINE
ROTI MODERN,UNKNOWN,FOOD PACKAGING,LDPE,SINGLE LAYER,1,CILACAP,CENTRAL JAVA,2023-09-09,COAST/SHORELINE
SIDOMUNCUL,INDURSTRI JAMU DAN FARMASI SIDO MUNCUL,FOOD PACKAGING,LDPE,SINGLE LAYER,2,CILACAP,CENTRAL JAVA,2023-09-09,COAST/SHORELINE
TOP COFFEE,HARUM,FOOD PACKAGING,LDPE,SINGLE LAYER,1,CILACAP,CENTRAL JAVA,2023-09-09,COAST/SHORELINE
TOLAK ANGIN,SIDOMUNCUL,FOOD PACKAGING,LDPE,SINGLE LAYER,1,CILACAP,CENTRAL JAVA,2023-09-09,COAST/SHORELINE
JAS JUS,WINGS,FOOD PACKAGING,LDPE,SINGLE LAYER,1,CILACAP,CENTRAL JAVA,2023-09-09,COAST/SHORELINE
TEH BOTOL,SINAR SOSRO,FOOD PACKAGING,LDPE,SINGLE LAYER,1,CILACAP,CENTRAL JAVA,2023-09-09,COAST/SHORELINE
PILUS GARUDA,TUDUNG GROUP,FOOD PACKAGING,LDPE,SINGLE LAYER,2,CILACAP,CENTRAL JAVA,2023-09-09,COAST/SHORELINE
PARACETAMOL,BIOCHEM INDIA,FOOD PACKAGING,LDPE,SINGLE LAYER,2,CILACAP,CENTRAL JAVA,2023-09-09,COAST/SHORELINE
INDOCAFE,INDOFOOD,FOOD PACKAGING,LDPE,SINGLE LAYER,1,CILACAP,CENTRAL JAVA,2023-09-09,COAST/SHORELINE
INAKO JELLY DRINK,PT NIRAMAS UTAMA,FOOD PACKAGING,PS,SINGLE LAYER,1,CILACAP,CENTRAL JAVA,2023-09-09,COAST/SHORELINE
EKONOMI,WINGS,HOUSEHOLD PRODUCT,PS,SINGLE LAYER,7,CILACAP,CENTRAL JAVA,2023-09-09,COAST/SHORELINE
AICE,AICE,FOOD PACKAGING,PS,SINGLE LAYER,3,CILACAP,CENTRAL JAVA,2023-09-09,COAST/SHORELINE
GERY,GARUDA FOOD,FOOD PACKAGING,PS,SINGLE LAYER,2,CILACAP,CENTRAL JAVA,2023-09-09,COAST/SHORELINE
DANGDUT,WINGS,HOUSEHOLD PRODUCT,PS,SINGLE LAYER,1,CILACAP,CENTRAL JAVA,2023-09-09,COAST/SHORELINE
MIE ABC,PT ABC PRESIDENT INDONESIA,FOOD PACKAGING,PS,SINGLE LAYER,1,CILACAP,CENTRAL JAVA,2023-09-09,COAST/SHORELINE
ROMA MALKIST,MAYORA INDAH,FOOD PACKAGING,PS,SINGLE LAYER,2,CILACAP,CENTRAL JAVA,2023-09-09,COAST/SHORELINE
POP ICE,FORISA,FOOD PACKAGING,PS,SINGLE LAYER,1,CILACAP,CENTRAL JAVA,2023-09-09,COAST/SHORELINE
BUMBU LADAKU,PT MOTASA INDONESIA,FOOD PACKAGING,PS,SINGLE LAYER,2,CILACAP,CENTRAL JAVA,2023-09-09,COAST/SHORELINE
MASAKO,AJINOMOTO,FOOD PACKAGING,PS,SINGLE LAYER,2,CILACAP,CENTRAL JAVA,2023-09-09,COAST/SHORELINE
PANTENE,COLGATE-PALMOLIVE,HOUSEHOLD PRODUCT,PS,SINGLE LAYER,2,CILACAP,CENTRAL JAVA,2023-09-09,COAST/SHORELINE
BETTER,MAYORA INDAH,FOOD PACKAGING,PS,SINGLE LAYER,2,CILACAP,CENTRAL JAVA,2023-09-09,COAST/SHORELINE
WALLS,UNILEVER,FOOD PACKAGING,PS,SINGLE LAYER,3,CILACAP,CENTRAL JAVA,2023-09-09,COAST/SHORELINE
NUTRISARI,NUTRIFOOD,FOOD PACKAGING,PS,SINGLE LAYER,1,CILACAP,CENTRAL JAVA,2023-09-09,COAST/SHORELINE
ROYALE,IMPERIAL BRANDS,HOUSEHOLD PRODUCT,HDPE,MULTI LAYER,1,CILACAP,CENTRAL JAVA,2023-09-09,COAST/SHORELINE
ULTRA MILK,ULTRAJAYA,FOOD PACKAGING,PS,SINGLE LAYER,5,CILACAP,CENTRAL JAVA,2023-09-09,COAST/SHORELINE
TEH KOTAK,ULTRAJAYA,FOOD PACKAGING,PS,SINGLE LAYER,1,CILACAP,CENTRAL JAVA,2023-09-09,COAST/SHORELINE
POCKY,GLICO,FOOD PACKAGING,PS,SINGLE LAYER,2,CILACAP,CENTRAL JAVA,2023-09-09,COAST/SHORELINE
EKOMIE,WINGS,FOOD PACKAGING,PS,SINGLE LAYER,1,CILACAP,CENTRAL JAVA,2023-09-09,COAST/SHORELINE
AOKA,INDONESIA BAKERY FAMILY,FOOD PACKAGING,PS,SINGLE LAYER,3,CILACAP,CENTRAL JAVA,2023-09-09,COAST/SHORELINE
BENG BENG,MAYORA INDA,FOOD PACKAGING,PS,SINGLE LAYER,2,CILACAP,CENTRAL JAVA,2023-09-09,COAST/SHORELINE
SARIMI,INDOFOOD,FOOD PACKAGING,PS,SINGLE LAYER,1,CILACAP,CENTRAL JAVA,2023-09-09,COAST/SHORELINE
KOMIX,BINTANG TOEDJOE,FOOD PACKAGING,PS,SINGLE LAYER,1,CILACAP,CENTRAL JAVA,2023-09-09,COAST/SHORELINE
PADIMAS,STANLY TRIJAYA MANDIRI,FOOD PACKAGING,PS,SINGLE LAYER,1,CILACAP,CENTRAL JAVA,2023-09-09,COAST/SHORELINE
GORIORIO,SIANTAR TOP,FOOD PACKAGING,PS,SINGLE LAYER,2,CILACAP,CENTRAL JAVA,2023-09-09,COAST/SHORELINE
CHOKI CHOKI,MAYORA INDAH,FOOD PACKAGING,PS,SINGLE LAYER,2,CILACAP,CENTRAL JAVA,2023-09-09,COAST/SHORELINE
TISSUE WHITE,UNKNOWN,HOUSEHOLD PRODUCT,OTHERS,MULTI LAYER,1,CILACAP,CENTRAL JAVA,2023-09-09,COAST/SHORELINE
CLOUD9 WAFER,UNIVERSAL ROBINA CORPORATION,FOOD PACKAGING,PS,SINGLE LAYER,1,CILACAP,CENTRAL JAVA,2023-09-09,COAST/SHORELINE
HOT HOT POP,BRONSON,FOOD PACKAGING,PS,SINGLE LAYER,1,CILACAP,CENTRAL JAVA,2023-09-09,COAST/SHORELINE
FRESTEA,THE COCA-COLA COMPANY,FOOD PACKAGING,PS,SINGLE LAYER,1,CILACAP,CENTRAL JAVA,2023-09-09,COAST/SHORELINE
YUPI,YUPINDO,FOOD PACKAGING,PS,SINGLE LAYER,1,CILACAP,CENTRAL JAVA,2023-09-09,COAST/SHORELINE
GARAM DAUN,UNKNOWN,FOOD PACKAGING,HDPE,SINGLE LAYER,4,CILACAP,CENTRAL JAVA,2023-09-09,COAST/SHORELINE
MILK LIFE,PT GLOBAL DAIRI ALAM,FOOD PACKAGING,PS,SINGLE LAYER,1,CILACAP,CENTRAL JAVA,2023-09-09,COAST/SHORELINE
KERUPUK SOTO,UNKNOWN,FOOD PACKAGING,PS,SINGLE LAYER,1,CILACAP,CENTRAL JAVA,2023-09-09,COAST/SHORELINE
MIWON,PT DAESANG AGUNG INDONESIA,FOOD PACKAGING,LDPE,SINGLE LAYER,1,CILACAP,CENTRAL JAVA,2023-09-09,COAST/SHORELINE
GERY,GARUDA FOOD,FOOD PACKAGING,LDPE,SINGLE LAYER,1,CILACAP,CENTRAL JAVA,2023-09-09,COAST/SHORELINE
EXTRA JOSS,BINTANG TOEDJOE,FOOD PACKAGING,LDPE,SINGLE LAYER,1,CILACAP,CENTRAL JAVA,2023-09-09,COAST/SHORELINE
TIC TIC,SIANTAR TOP,FOOD PACKAGING,LDPE,SINGLE LAYER,1,CILACAP,CENTRAL JAVA,2023-09-09,COAST/SHORELINE
GARNIER,L'OREAL,PERSONAL CARE,OTHERS,SINGLE LAYER,1,CILACAP,CENTRAL JAVA,2023-09-09,COAST/SHORELINE
LAINNYA,UNKNOWN,OTHERS,OTHERS,UNSURE,1,CILACAP,CENTRAL JAVA,2023-09-09,COAST/SHORELINE
STRAWS,UNBRANDED,FOOD PACKAGING,OTHERS,SINGLE LAYER,518,CILACAP,CENTRAL JAVA,2023-09-09,COAST/SHORELINE
POP MIE,INDOFOOD,FOOD PACKAGING,PS,MULTI LAYER,2,CILACAP,CENTRAL JAVA,2023-09-09,COAST/SHORELINE
SEDAAP,WINGS,FOOD PACKAGING,PS,UNSURE,4,CILACAP,CENTRAL JAVA,2023-09-09,COAST/SHORELINE
PLASTIC,UNBRANDED,OTHERS,OTHERS,UNSURE,128,CILACAP,CENTRAL JAVA,2023-09-09,COAST/SHORELINE
PAMPERS,PROCTER & GAMBLE,PERSONAL CARE,PET,MULTI LAYER,20,CILACAP,CENTRAL JAVA,2023-09-09,COAST/SHORELINE
PAPER,UNKNOWN,OTHERS,OTHERS,UNSURE,3,CILACAP,CENTRAL JAVA,2023-09-09,COAST/SHORELINE
FABRIC,UNKNOWN,OTHERS,OTHERS,UNSURE,2,CILACAP,CENTRAL JAVA,2023-09-09,COAST/SHORELINE
PAPER CUP,UNBRANDED,OTHERS,OTHERS,UNSURE,59,CILACAP,CENTRAL JAVA,2023-09-09,COAST/SHORELINE
SINGLES KANZLER,PT MACROPRIMA PANGANUTAMA,FOOD PACKAGING,PET,MULTI LAYER,2,CILACAP,CENTRAL JAVA,2023-09-09,COAST/SHORELINE
SELLOTAPE,UNKNOWN,OTHERS,OTHERS,UNSURE,2,CILACAP,CENTRAL JAVA,2023-09-09,COAST/SHORELINE
PLASTIC SPOON,UNBRANDED,OTHERS,OTHERS,UNSURE,8,CILACAP,CENTRAL JAVA,2023-09-09,COAST/SHORELINE
STYROFOAM,UNBRANDED,OTHERS,PS,UNSURE,7,CILACAP,CENTRAL JAVA,2023-09-09,COAST/SHORELINE
VIT,TIRTA INVESTAMA,FOOD PACKAGING,PET,SINGLE LAYER,6,CILACAP,CENTRAL JAVA,2023-09-09,COAST/SHORELINE
TEH GELAS,ORANG TUA,FOOD PACKAGING,PET,SINGLE LAYER,0,CILACAP,CENTRAL JAVA,2023-09-09,COAST/SHORELINE
ANAR,UNKNOWN,OTHERS,OTHERS,UNSURE,3,CILACAP,CENTRAL JAVA,2023-09-09,COAST/SHORELINE
MD CUP,UNKNOWN,OTHERS,OTHERS,UNSURE,5,CILACAP,CENTRAL JAVA,2023-09-09,COAST/SHORELINE
SANDAL,UNBRANDED,HOUSEHOLD PRODUCT,OTHERS,UNSURE,4,CILACAP,CENTRAL JAVA,2023-09-09,COAST/SHORELINE
VIT,TIRTA INVESTAMA,FOOD PACKAGING,PET,SINGLE LAYER,2,CILACAP,CENTRAL JAVA,2023-09-09,COAST/SHORELINE
PAROTI,SUMBER ALFARIA TRIJAYA,FOOD PACKAGING,PET,SINGLE LAYER,1,CILACAP,CENTRAL JAVA,2023-09-09,COAST/SHORELINE
PLASTIC,UNBRANDED,PACKAGING MATERIAL,LDPE,SINGLE LAYER,100,CILACAP,CENTRAL JAVA,2023-09-09,COAST/SHORELINE
KAPAL API,SANTOS JAYA ABADI,FOOD PACKAGING,PET,SINGLE LAYER,29,CILACAP,CENTRAL JAVA,2023-09-09,COAST/SHORELINE
SUNLIGHT,UNILEVER,HOUSEHOLD PRODUCT,PET,MULTI LAYER,6,CILACAP,CENTRAL JAVA,2023-09-09,COAST/SHORELINE
ENAK,SIANTAR TOP,FOOD PACKAGING,PET,SINGLE LAYER,2,CILACAP,CENTRAL JAVA,2023-09-09,COAST/SHORELINE
INDOCAFE,INDOFOOD,FOOD PACKAGING,PET,SINGLE LAYER,3,CILACAP,CENTRAL JAVA,2023-09-09,COAST/SHORELINE
INDOCAFE,INDOFOOD,FOOD PACKAGING,PET,SINGLE LAYER,13,CILACAP,CENTRAL JAVA,2023-09-09,COAST/SHORELINE
KOPI GOOD DAY,SANTOS JAYA ABADI,FOOD PACKAGING,PET,SINGLE LAYER,9,CILACAP,CENTRAL JAVA,2023-09-09,COAST/SHORELINE
ENERGEN,MAYORA INDAH,FOOD PACKAGING,PET,SINGLE LAYER,6,CILACAP,CENTRAL JAVA,2023-09-09,COAST/SHORELINE
KOPI ABC,SANTOS JAYA ABADI,FOOD PACKAGING,PET,SINGLE LAYER,12,CILACAP,CENTRAL JAVA,2023-09-09,COAST/SHORELINE
WHITE COFFEE,JAVA PRIMA ABADI,FOOD PACKAGING,PET,SINGLE LAYER,5,CILACAP,CENTRAL JAVA,2023-09-09,COAST/SHORELINE
SUKRO OVEN,DUA KELINCI,FOOD PACKAGING,PET,SINGLE LAYER,21,CILACAP,CENTRAL JAVA,2023-09-09,COAST/SHORELINE
ROMA MALKIST,MAYORA INDAH,FOOD PACKAGING,PET,SINGLE LAYER,3,CILACAP,CENTRAL JAVA,2023-09-09,COAST/SHORELINE
MINIPAO,PT ELSON BERNARDI,FOOD PACKAGING,PET,SINGLE LAYER,1,CILACAP,CENTRAL JAVA,2023-09-09,COAST/SHORELINE
BIHUN CAP JAGUNG,PT DAESANG AGUNG INDONESIA,FOOD PACKAGING,PET,SINGLE LAYER,1,CILACAP,CENTRAL JAVA,2023-09-09,COAST/SHORELINE
TIC TIC,SIANTAR TOP,FOOD PACKAGING,PET,SINGLE LAYER,3,CILACAP,CENTRAL JAVA,2023-09-09,COAST/SHORELINE
SO KLIN,WINGS,HOUSEHOLD PRODUCT,HDPE,MULTI LAYER,1,CILACAP,CENTRAL JAVA,2023-09-09,COAST/SHORELINE
PASTA GIGI,UNKNOWN,PERSONAL CARE,HDPE,MULTI LAYER,3,CILACAP,CENTRAL JAVA,2023-09-09,COAST/SHORELINE
FILMA,SMART,FOOD PACKAGING,PET,SINGLE LAYER,3,CILACAP,CENTRAL JAVA,2023-09-09,COAST/SHORELINE
MAMY POKO,UNICHARM,HOUSEHOLD PRODUCT,HDPE,MULTI LAYER,2,CILACAP,CENTRAL JAVA,2023-09-09,COAST/SHORELINE
KETCHUP,NUTRI-ASIA INC.,FOOD PACKAGING,PET,SINGLE LAYER,6,CILACAP,CENTRAL JAVA,2023-09-09,COAST/SHORELINE
POTABEE,WINGS,FOOD PACKAGING,PET,SINGLE LAYER,8,CILACAP,CENTRAL JAVA,2023-09-09,COAST/SHORELINE
TARO,PREMIER MARKETING PUBLIC COMPANY LIMITED,FOOD PACKAGING,PET,SINGLE LAYER,3,CILACAP,CENTRAL JAVA,2023-09-09,COAST/SHORELINE
HATARI,ASW FOOD,FOOD PACKAGING,PET,SINGLE LAYER,6,CILACAP,CENTRAL JAVA,2023-09-09,COAST/SHORELINE
CHITATO,INDOFOOD,FOOD PACKAGING,PET,SINGLE LAYER,10,CILACAP,CENTRAL JAVA,2023-09-09,COAST/SHORELINE
GULAKU,SUGAR GROUP,FOOD PACKAGING,OTHERS,SINGLE LAYER,1,CILACAP,CENTRAL JAVA,2023-09-09,COAST/SHORELINE
AQUA,DANONE,FOOD PACKAGING,PET,SINGLE LAYER,1,CILACAP,CENTRAL JAVA,2023-09-09,COAST/SHORELINE
SANDAL,UNBRANDED,HOUSEHOLD PRODUCT,PVC,MULTI LAYER,6,CILACAP,CENTRAL JAVA,2023-09-09,COAST/SHORELINE
ULTRA MILK,ULTRAJAYA,FOOD PACKAGING,PET,MULTI LAYER,13,CILACAP,CENTRAL JAVA,2023-09-09,COAST/SHORELINE
ANNAIC,UNBRANDED,FOOD PACKAGING,PET,SINGLE LAYER,9,CILACAP,CENTRAL JAVA,2023-09-09,COAST/SHORELINE
VIT,TIRTA INVESTAMA,FOOD PACKAGING,PET,SINGLE LAYER,3,CILACAP,CENTRAL JAVA,2023-09-09,COAST/SHORELINE
WALENS,PT NISSIN BISCUIT INDONESIA,FOOD PACKAGING,PET,SINGLE LAYER,1,CILACAP,CENTRAL JAVA,2023-09-09,COAST/SHORELINE
SEDAAP,WINGS,FOOD PACKAGING,PET,SINGLE LAYER,11,CILACAP,CENTRAL JAVA,2023-09-09,COAST/SHORELINE
INDOMIE,INDOFOOD,FOOD PACKAGING,PET,SINGLE LAYER,10,CILACAP,CENTRAL JAVA,2023-09-09,COAST/SHORELINE
PIKOPI,SANTOS JAYA ABADI,FOOD PACKAGING,PET,SINGLE LAYER,1,CILACAP,CENTRAL JAVA,2023-09-09,COAST/SHORELINE
CLEO,TANOBEL FOOD,FOOD PACKAGING,PET,SINGLE LAYER,2,CILACAP,CENTRAL JAVA,2023-09-09,COAST/SHORELINE
NUTRISARI,NUTRIFOOD,FOOD PACKAGING,PET,SINGLE LAYER,11,CILACAP,CENTRAL JAVA,2023-09-09,COAST/SHORELINE
YAKULT,YAKULT,FOOD PACKAGING,PET,SINGLE LAYER,3,CILACAP,CENTRAL JAVA,2023-09-09,COAST/SHORELINE
LE MINERALE,MAYORA INDAH,FOOD PACKAGING,PET,SINGLE LAYER,1,CILACAP,CENTRAL JAVA,2023-09-09,COAST/SHORELINE
FLORIDINA,WINGS INDONESIA,FOOD PACKAGING,PET,SINGLE LAYER,1,CILACAP,CENTRAL JAVA,2023-09-09,COAST/SHORELINE
BIHUN CAP JAGUNG,PT DAESANG AGUNG INDONESIA,FOOD PACKAGING,PET,SINGLE LAYER,2,CILACAP,CENTRAL JAVA,2023-09-09,COAST/SHORELINE
AOKA,INDONESIA BAKERY FAMILY,FOOD PACKAGING,PET,SINGLE LAYER,5,CILACAP,CENTRAL JAVA,2023-09-09,COAST/SHORELINE
ICE CREAM,UNKNOWN,FOOD PACKAGING,PET,SINGLE LAYER,6,CILACAP,CENTRAL JAVA,2023-09-09,COAST/SHORELINE
SAOS,UNKNOWN,FOOD PACKAGING,PET,SINGLE LAYER,9,CILACAP,CENTRAL JAVA,2023-09-09,COAST/SHORELINE
NABATI,NABATI GROUP.,FOOD PACKAGING,PET,SINGLE LAYER,12,CILACAP,CENTRAL JAVA,2023-09-09,COAST/SHORELINE
ARDEN,MAYORA INDAH,FOOD PACKAGING,PET,SINGLE LAYER,3,CILACAP,CENTRAL JAVA,2023-09-09,COAST/SHORELINE
OREO,DONGSUH FOODS,FOOD PACKAGING,PET,SINGLE LAYER,5,CILACAP,CENTRAL JAVA,2023-09-09,COAST/SHORELINE
PENYEDAP RASA,UNKNOWN,FOOD PACKAGING,PET,SINGLE LAYER,5,CILACAP,CENTRAL JAVA,2023-09-09,COAST/SHORELINE
TEPUNG,UNKNOWN,FOOD PACKAGING,PET,SINGLE LAYER,2,CILACAP,CENTRAL JAVA,2023-09-09,COAST/SHORELINE
TEH TONG TJI,TONG TJI TEA INDONESIA ,FOOD PACKAGING,PET,SINGLE LAYER,2,CILACAP,CENTRAL JAVA,2023-09-09,COAST/SHORELINE
CIMORY,MOUNTAIN DAIRY,FOOD PACKAGING,PET,SINGLE LAYER,5,CILACAP,CENTRAL JAVA,2023-09-09,COAST/SHORELINE
MEDICINE,UNKNOWN,OTHERS,PET,SINGLE LAYER,9,CILACAP,CENTRAL JAVA,2023-09-09,COAST/SHORELINE
BUNGKUS ROKOK,UNKNOWN,OTHERS,HDPE,MULTI LAYER,36,CILACAP,CENTRAL JAVA,2023-09-09,COAST/SHORELINE
SO KLIN,WINGS,HOUSEHOLD PRODUCT,PET,SINGLE LAYER,2,CILACAP,CENTRAL JAVA,2023-09-09,COAST/SHORELINE
KUNCI MAS,SMART,FOOD PACKAGING,PET,SINGLE LAYER,3,CILACAP,CENTRAL JAVA,2023-09-09,COAST/SHORELINE
HEXOS,KONIMEX,FOOD PACKAGING,PET,SINGLE LAYER,3,CILACAP,CENTRAL JAVA,2023-09-09,COAST/SHORELINE
PANTENE,COLGATE-PALMOLIVE,HOUSEHOLD PRODUCT,PET,MULTI LAYER,1,CILACAP,CENTRAL JAVA,2023-09-09,COAST/SHORELINE
POCKY,GLICO,FOOD PACKAGING,PET,SINGLE LAYER,1,CILACAP,CENTRAL JAVA,2023-09-09,COAST/SHORELINE
PERMEN,UNKNOWN,FOOD PACKAGING,PET,SINGLE LAYER,2,CILACAP,CENTRAL JAVA,2023-09-09,COAST/SHORELINE
DOMPET,UNKNOWN,OTHERS,LDPE,MULTI LAYER,1,CILACAP,CENTRAL JAVA,2023-09-09,COAST/SHORELINE
WINGS,SAYAP MAS UTAMA,FOOD PACKAGING,PET,SINGLE LAYER,3,CILACAP,CENTRAL JAVA,2023-09-09,COAST/SHORELINE
VIT,TIRTA INVESTAMA,FOOD PACKAGING,PET,SINGLE LAYER,4,CILACAP,CENTRAL JAVA,2023-09-09,COAST/SHORELINE
SEDAAP,WINGS,FOOD PACKAGING,LDPE,SINGLE LAYER,17,CILACAP,CENTRAL JAVA,2023-09-09,COAST/SHORELINE
PAPER CUP,UNBRANDED,FOOD PACKAGING,PS,SINGLE LAYER,4,CILACAP,CENTRAL JAVA,2023-09-09,COAST/SHORELINE
ULTRA MILK,ULTRAJAYA,FOOD PACKAGING,PS,MULTI LAYER,4,CILACAP,CENTRAL JAVA,2023-09-09,COAST/SHORELINE
AOKA,INDONESIA BAKERY FAMILY,FOOD PACKAGING,LDPE,SINGLE LAYER,17,CILACAP,CENTRAL JAVA,2023-09-09,COAST/SHORELINE
CIGARETTE,UNKNOWN,SMOKING MATERIAL,OTHERS,MULTI LAYER,11,CILACAP,CENTRAL JAVA,2023-09-09,COAST/SHORELINE
SHAMPOO,UNKNOWN,PERSONAL CARE,LDPE,MULTI LAYER,11,CILACAP,CENTRAL JAVA,2023-09-09,COAST/SHORELINE
HANDSCOON,UNKNOWN,PERSONAL CARE,PVC,SINGLE LAYER,12,CILACAP,CENTRAL JAVA,2023-09-09,COAST/SHORELINE
PLASTIC,UNBRANDED,PACKAGING MATERIAL,LDPE,UNSURE,39,CILACAP,CENTRAL JAVA,2023-09-09,COAST/SHORELINE
BANGO,UNILEVER,FOOD PACKAGING,LDPE,SINGLE LAYER,2,CILACAP,CENTRAL JAVA,2023-09-09,COAST/SHORELINE
MINYAK GORENG,UNKNOWN,HOUSEHOLD PRODUCT,PET,SINGLE LAYER,10,CILACAP,CENTRAL JAVA,2023-09-09,COAST/SHORELINE
COFFEE,7 ELEVEN,FOOD PACKAGING,PET,SINGLE LAYER,13,CILACAP,CENTRAL JAVA,2023-09-09,COAST/SHORELINE
SASA,SASA INTI,FOOD PACKAGING,LDPE,SINGLE LAYER,9,CILACAP,CENTRAL JAVA,2023-09-09,COAST/SHORELINE
SANDAL,UNBRANDED,HOUSEHOLD PRODUCT,PVC,SINGLE LAYER,2,CILACAP,CENTRAL JAVA,2023-09-09,COAST/SHORELINE
MINYAK GPU,PT EAGLE INDO PHARMA,OTHERS,OTHERS,SINGLE LAYER,1,CILACAP,CENTRAL JAVA,2023-09-09,COAST/SHORELINE
KALPA,MAYORA INDAH,FOOD PACKAGING,PET,SINGLE LAYER,28,CILACAP,CENTRAL JAVA,2023-09-09,COAST/SHORELINE
RINSO,UNILEVER,HOUSEHOLD PRODUCT,PET,SINGLE LAYER,9,CILACAP,CENTRAL JAVA,2023-09-09,COAST/SHORELINE
POP MIE,INDOFOOD,FOOD PACKAGING,PS,SINGLE LAYER,12,CILACAP,CENTRAL JAVA,2023-09-09,COAST/SHORELINE
SUNLIGHT,UNILEVER,HOUSEHOLD PRODUCT,LDPE,SINGLE LAYER,2,CILACAP,CENTRAL JAVA,2023-09-09,COAST/SHORELINE
CUP,UNBRANDED,FISHING GEAR,PET,SINGLE LAYER,7,CILACAP,CENTRAL JAVA,2023-09-09,COAST/SHORELINE
MERRIES,KAO CORPORATION CHEMICALS COMPANY,HOUSEHOLD PRODUCT,OTHERS,SINGLE LAYER,4,CILACAP,CENTRAL JAVA,2023-09-09,COAST/SHORELINE
STYROFOAM,UNBRANDED,HOUSEHOLD PRODUCT,PS,MULTI LAYER,3,CILACAP,CENTRAL JAVA,2023-09-09,COAST/SHORELINE
WIPOL,UNILEVER,HOUSEHOLD PRODUCT,PET,SINGLE LAYER,1,CILACAP,CENTRAL JAVA,2023-09-09,COAST/SHORELINE
AGAR-AGAR,UNKNOWN,FOOD PACKAGING,PET,SINGLE LAYER,1,CILACAP,CENTRAL JAVA,2023-09-09,COAST/SHORELINE
TEPUNG,UNKNOWN,FOOD PACKAGING,PET,SINGLE LAYER,2,CILACAP,CENTRAL JAVA,2023-09-09,COAST/SHORELINE
SUSU BUNGKUS,UNKNOWN,FOOD PACKAGING,PET,UNSURE,4,CILACAP,CENTRAL JAVA,2023-09-09,COAST/SHORELINE
WARDAH,PARAGON TECHNOLOGY,PERSONAL CARE,OTHERS,UNSURE,2,CILACAP,CENTRAL JAVA,2023-09-09,COAST/SHORELINE
BOTOL KACA,UNKNOWN,OTHERS,OTHERS,UNSURE,1,CILACAP,CENTRAL JAVA,2023-09-09,COAST/SHORELINE
PADDLE POP,UNILEVER,FOOD PACKAGING,LDPE,SINGLE LAYER,7,CILACAP,CENTRAL JAVA,2023-09-09,COAST/SHORELINE
SEDOTAN GARPU SENDOK,UNKNOWN,HOUSEHOLD PRODUCT,PET,MULTI LAYER,7,CILACAP,CENTRAL JAVA,2023-09-09,COAST/SHORELINE
MAINAN ANAK,UNKNOWN,PERSONAL CARE,PP,SINGLE LAYER,1,CILACAP,CENTRAL JAVA,2023-09-09,COAST/SHORELINE
MIKA,UNKNOWN,HOUSEHOLD PRODUCT,PET,UNSURE,6,CILACAP,CENTRAL JAVA,2023-09-09,COAST/SHORELINE
MAMA LEMON,LION WINGS,HOUSEHOLD PRODUCT,PET,SINGLE LAYER,1,CILACAP,CENTRAL JAVA,2023-09-09,COAST/SHORELINE
SAOS,UNKNOWN,FOOD PACKAGING,PET,SINGLE LAYER,1,CILACAP,CENTRAL JAVA,2023-09-09,COAST/SHORELINE
TUTUP BOTOL,UNKNOWN,FOOD PACKAGING,PP,SINGLE LAYER,7,CILACAP,CENTRAL JAVA,2023-09-09,COAST/SHORELINE
ISOPLUS,WINGS,FOOD PACKAGING,PET,SINGLE LAYER,1,CILACAP,CENTRAL JAVA,2023-09-09,COAST/SHORELINE
PALMIA,SALIM IVOMAS PRATAMA,FOOD PACKAGING,PET,MULTI LAYER,1,CILACAP,CENTRAL JAVA,2023-09-09,COAST/SHORELINE
INDOMILK,INDOFOOD,FOOD PACKAGING,OTHERS,MULTI LAYER,1,CILACAP,CENTRAL JAVA,2023-09-09,COAST/SHORELINE
VIT,TIRTA INVESTAMA,FOOD PACKAGING,PET,SINGLE LAYER,1,CILACAP,CENTRAL JAVA,2023-09-09,COAST/SHORELINE
GROW,PT GUDANG BARU BERKAH,SMOKING MATERIAL,OTHERS,MULTI LAYER,3,CILACAP,CENTRAL JAVA,2023-09-09,COAST/SHORELINE
SEDAAP,WINGS,FOOD PACKAGING,PS,SINGLE LAYER,8,CILACAP,CENTRAL JAVA,2023-09-09,COAST/SHORELINE
NEXTAR,NABATI,FOOD PACKAGING,LDPE,SINGLE LAYER,1,CILACAP,CENTRAL JAVA,2023-09-09,COAST/SHORELINE
AOKA,INDONESIA BAKERY FAMILY,FOOD PACKAGING,LDPE,SINGLE LAYER,1,CILACAP,CENTRAL JAVA,2023-09-09,COAST/SHORELINE
BONANZA,UNKNOWN,FOOD PACKAGING,LDPE,SINGLE LAYER,1,CILACAP,CENTRAL JAVA,2023-09-09,COAST/SHORELINE
KIT MOTOR, PT SC JOHNSON AND SON INDONESIA,HOUSEHOLD PRODUCT,LDPE,MULTI LAYER,2,CILACAP,CENTRAL JAVA,2023-09-09,COAST/SHORELINE
LA,BRITISH AMERICAN TOBACCO,SMOKING MATERIAL,OTHERS,MULTI LAYER,2,CILACAP,CENTRAL JAVA,2023-09-09,COAST/SHORELINE
DIPLOMAT,WISMILAK GROUP,SMOKING MATERIAL,OTHERS,MULTI LAYER,1,CILACAP,CENTRAL JAVA,2023-09-09,COAST/SHORELINE
DILAN,GARUDA FOOD,FOOD PACKAGING,LDPE,SINGLE LAYER,1,CILACAP,CENTRAL JAVA,2023-09-09,COAST/SHORELINE
GUDANG GARAM,GUDANG GARAM TBK.,SMOKING MATERIAL,OTHERS,MULTI LAYER,3,CILACAP,CENTRAL JAVA,2023-09-09,COAST/SHORELINE
KOMO,CV TOP ASLI,FOOD PACKAGING,LDPE,SINGLE LAYER,1,CILACAP,CENTRAL JAVA,2023-09-09,COAST/SHORELINE
YORA,TIRTA AGUNG WIJAYA,FOOD PACKAGING,PET,SINGLE LAYER,2,CILACAP,CENTRAL JAVA,2023-09-09,COAST/SHORELINE
MILO,NESTLE,FOOD PACKAGING,LDPE,SINGLE LAYER,1,CILACAP,CENTRAL JAVA,2023-09-09,COAST/SHORELINE
VIT,TIRTA INVESTAMA,FOOD PACKAGING,PET,SINGLE LAYER,2,CILACAP,CENTRAL JAVA,2023-09-09,COAST/SHORELINE
MOMOGI,SARI MURNI,FOOD PACKAGING,LDPE,SINGLE LAYER,1,CILACAP,CENTRAL JAVA,2023-09-09,COAST/SHORELINE
YAKULT,YAKULT,FOOD PACKAGING,HDPE,SINGLE LAYER,1,CILACAP,CENTRAL JAVA,2023-09-09,COAST/SHORELINE
AQUA,DANONE,FOOD PACKAGING,PET,SINGLE LAYER,3,CILACAP,CENTRAL JAVA,2023-09-09,COAST/SHORELINE
SANDAL,UNBRANDED,OTHERS,OTHERS,MULTI LAYER,3,CILACAP,CENTRAL JAVA,2023-09-09,COAST/SHORELINE
FRESTEA,THE COCA-COLA COMPANY,FOOD PACKAGING,PET,MULTI LAYER,1,CILACAP,CENTRAL JAVA,2023-09-09,COAST/SHORELINE
TEH NUSANTARA,MOMMILK GROUP INDONESIA,FOOD PACKAGING,PET,SINGLE LAYER,1,CILACAP,CENTRAL JAVA,2023-09-09,COAST/SHORELINE
KRESEK,UNKNOWN,HOUSEHOLD PRODUCT,LDPE,SINGLE LAYER,5,CILACAP,CENTRAL JAVA,2023-09-09,COAST/SHORELINE
OREO,DONGSUH FOODS,FOOD PACKAGING,LDPE,SINGLE LAYER,1,CILACAP,CENTRAL JAVA,2023-09-09,COAST/SHORELINE
SAMPOERNA,PHILIP MORRIS INTERNATIONAL,SMOKING MATERIAL,OTHERS,MULTI LAYER,2,CILACAP,CENTRAL JAVA,2023-09-09,COAST/SHORELINE
ARDEN,MAYORA INDAH,FOOD PACKAGING,PP,SINGLE LAYER,1,CILACAP,CENTRAL JAVA,2023-09-09,COAST/SHORELINE
ARIES SNACK BERHADIAH,UNKNOWN,FOOD PACKAGING,PP,SINGLE LAYER,1,CILACAP,CENTRAL JAVA,2023-09-09,COAST/SHORELINE
BESI,UNKNOWN,OTHERS,OTHERS,UNSURE,1,CILACAP,CENTRAL JAVA,2023-09-09,COAST/SHORELINE
FRENCH FRIES,SIANTAR TOP,FOOD PACKAGING,LDPE,SINGLE LAYER,1,CILACAP,CENTRAL JAVA,2023-09-09,COAST/SHORELINE
FRISIAN FLAG,FRIESLANDCAMPINA,FOOD PACKAGING,OTHERS,MULTI LAYER,3,CILACAP,CENTRAL JAVA,2023-09-09,COAST/SHORELINE
COTTON BUD,UNKNOWN,PERSONAL CARE,OTHERS,UNSURE,1,CILACAP,CENTRAL JAVA,2023-09-09,COAST/SHORELINE
ANOAH,UNKNOWN,SMOKING MATERIAL,OTHERS,MULTI LAYER,1,CILACAP,CENTRAL JAVA,2023-09-09,COAST/SHORELINE
KOPI GOOD DAY,MAYORA INDAH,FOOD PACKAGING,LDPE,SINGLE LAYER,2,CILACAP,CENTRAL JAVA,2023-09-09,COAST/SHORELINE
PILUS GARUDA,TUDUNG GROUP,FOOD PACKAGING,LDPE,SINGLE LAYER,1,CILACAP,CENTRAL JAVA,2023-09-09,COAST/SHORELINE
GOLDA,WINGS,FOOD PACKAGING,PET,SINGLE LAYER,1,CILACAP,CENTRAL JAVA,2023-09-09,COAST/SHORELINE
HATARI,ASW FOOD,FOOD PACKAGING,LDPE,SINGLE LAYER,1,CILACAP,CENTRAL JAVA,2023-09-09,COAST/SHORELINE
MASKER,UNBRANDED,PERSONAL CARE,PP,SINGLE LAYER,81,CILACAP,CENTRAL JAVA,2023-09-09,COAST/SHORELINE
PLASTIC,UNBRANDED,PACKAGING MATERIAL,PP,SINGLE LAYER,1,CILACAP,CENTRAL JAVA,2023-09-09,COAST/SHORELINE
KOI,PT KOI CAFÉ INDONESIA,SMOKING MATERIAL,OTHERS,MULTI LAYER,1,CILACAP,CENTRAL JAVA,2023-09-09,COAST/SHORELINE
LUXIO,UNKNOWN,SMOKING MATERIAL,OTHERS,MULTI LAYER,1,CILACAP,CENTRAL JAVA,2023-09-09,COAST/SHORELINE
POP MIE,INDOFOOD,FOOD PACKAGING,LDPE,SINGLE LAYER,3,CILACAP,CENTRAL JAVA,2023-09-09,COAST/SHORELINE
STRAWS,UNBRANDED,FOOD PACKAGING,PET,SINGLE LAYER,105,CILACAP,CENTRAL JAVA,2023-09-09,COAST/SHORELINE
SUPERSTAR,MAYORA INDAH,FOOD PACKAGING,LDPE,SINGLE LAYER,1,CILACAP,CENTRAL JAVA,2023-09-09,COAST/SHORELINE
TALI RAFIA,UNKNOWN,HOUSEHOLD PRODUCT,PET,SINGLE LAYER,1,CILACAP,CENTRAL JAVA,2023-09-09,COAST/SHORELINE
SAMBAL ASLI,MULTISARI,FOOD PACKAGING,LDPE,SINGLE LAYER,1,CILACAP,CENTRAL JAVA,2023-09-09,COAST/SHORELINE
ANDALAN,GUDANG BARU,SMOKING MATERIAL,OTHERS,MULTI LAYER,1,CILACAP,CENTRAL JAVA,2023-09-09,COAST/SHORELINE
PADIMAS,STANLY TRIJAYA MANDIRI,FOOD PACKAGING,LDPE,SINGLE LAYER,1,CILACAP,CENTRAL JAVA,2023-09-09,COAST/SHORELINE
GELAS PLASTIK,UNBRANDED,FOOD PACKAGING,PET,SINGLE LAYER,2,CILACAP,CENTRAL JAVA,2023-09-09,COAST/SHORELINE
WINGS,SAYAP MAS UTAMA,HOUSEHOLD PRODUCT,PET,SINGLE LAYER,1,CILACAP,CENTRAL JAVA,2023-09-09,COAST/SHORELINE
ROTI KURNIA,UNKNOWN,FOOD PACKAGING,LDPE,SINGLE LAYER,1,CILACAP,CENTRAL JAVA,2023-09-09,COAST/SHORELINE
PROMINA,INDOFOOD,FOOD PACKAGING,LDPE,SINGLE LAYER,1,CILACAP,CENTRAL JAVA,2023-09-09,COAST/SHORELINE
PLASTIC FORK,UNBRANDED,FOOD PACKAGING,PS,SINGLE LAYER,18,CILACAP,CENTRAL JAVA,2023-09-09,COAST/SHORELINE
MOGU MOGU,SAPPE,FOOD PACKAGING,PET,SINGLE LAYER,1,CILACAP,CENTRAL JAVA,2023-09-09,COAST/SHORELINE
ROTI ALIF,UNKNOWN,FOOD PACKAGING,LDPE,SINGLE LAYER,1,CILACAP,CENTRAL JAVA,2023-09-09,COAST/SHORELINE
SARI ROTI,NIPPON INDOSARI CORPINDO,FOOD PACKAGING,PP,SINGLE LAYER,2,CILACAP,CENTRAL JAVA,2023-09-09,COAST/SHORELINE
POP MIE,INDOFOOD,FOOD PACKAGING,PS,SINGLE LAYER,11,CILACAP,CENTRAL JAVA,2023-09-09,COAST/SHORELINE
STYROFOAM,UNBRANDED,PACKAGING MATERIAL,PS,SINGLE LAYER,14,CILACAP,CENTRAL JAVA,2023-09-09,COAST/SHORELINE
NABATI TIME BREAK,NABATI,FOOD PACKAGING,LDPE,SINGLE LAYER,2,CILACAP,CENTRAL JAVA,2023-09-09,COAST/SHORELINE
TOLAK ANGIN,SIDOMUNCUL,FOOD PACKAGING,LDPE,SINGLE LAYER,3,CILACAP,CENTRAL JAVA,2023-09-09,COAST/SHORELINE
MASAKO,AJINOMOTO,FOOD PACKAGING,LDPE,SINGLE LAYER,1,CILACAP,CENTRAL JAVA,2023-09-09,COAST/SHORELINE
HANDSCOON,UNKNOWN,PERSONAL CARE,PP,SINGLE LAYER,5,CILACAP,CENTRAL JAVA,2023-09-09,COAST/SHORELINE
GUMMY LOLIPOP,UNKNOWN,FOOD PACKAGING,PP,SINGLE LAYER,2,CILACAP,CENTRAL JAVA,2023-09-09,COAST/SHORELINE
SUNSILK,UNILEVER,PERSONAL CARE,LDPE,SINGLE LAYER,1,CILACAP,CENTRAL JAVA,2023-09-09,COAST/SHORELINE
LIFEBUOY,UNILEVER,PERSONAL CARE,LDPE,SINGLE LAYER,1,CILACAP,CENTRAL JAVA,2023-09-09,COAST/SHORELINE
JECO,UNKNOWN,SMOKING MATERIAL,OTHERS,MULTI LAYER,1,CILACAP,CENTRAL JAVA,2023-09-09,COAST/SHORELINE
PUTRI PANDA,PUTRI PANDA,FOOD PACKAGING,LDPE,SINGLE LAYER,1,CILACAP,CENTRAL JAVA,2023-09-09,COAST/SHORELINE
HARMONI,UNKNOWN,SMOKING MATERIAL,OTHERS,MULTI LAYER,1,CILACAP,CENTRAL JAVA,2023-09-09,COAST/SHORELINE
WALLS,UNILEVER,FOOD PACKAGING,PP,SINGLE LAYER,1,CILACAP,CENTRAL JAVA,2023-09-09,COAST/SHORELINE
INAKO JELLY,PT NIRAMAS UTAMA,FOOD PACKAGING,PP,SINGLE LAYER,4,CILACAP,CENTRAL JAVA,2023-09-09,COAST/SHORELINE
PLASTIK KEMASAN,UNKNOWN,PACKAGING MATERIAL,PS,SINGLE LAYER,5,CILACAP,CENTRAL JAVA,2023-09-09,COAST/SHORELINE
NESLITE,UNKNOWN,SMOKING MATERIAL,OTHERS,MULTI LAYER,1,CILACAP,CENTRAL JAVA,2023-09-09,COAST/SHORELINE
INDOCAFE,INDOFOOD,FOOD PACKAGING,LDPE,SINGLE LAYER,1,CILACAP,CENTRAL JAVA,2023-09-09,COAST/SHORELINE
SEDAAP,WINGS,FOOD PACKAGING,PP,SINGLE LAYER,1,CILACAP,CENTRAL JAVA,2023-09-09,COAST/SHORELINE
NUTRISARI,NUTRIFOOD,FOOD PACKAGING,LDPE,SINGLE LAYER,1,CILACAP,CENTRAL JAVA,2023-09-09,COAST/SHORELINE
KAPAL API,SANTOS JAYA ABADI,FOOD PACKAGING,LDPE,SINGLE LAYER,2,CILACAP,CENTRAL JAVA,2023-09-09,COAST/SHORELINE
BETTER,MAYORA INDAH,FOOD PACKAGING,LDPE,SINGLE LAYER,1,CILACAP,CENTRAL JAVA,2023-09-09,COAST/SHORELINE
CLEO,TANOBEL FOOD,FOOD PACKAGING,PET,SINGLE LAYER,1,CILACAP,CENTRAL JAVA,2023-09-09,COAST/SHORELINE
SEJAHTERA 92,CV SEJAHTERA MALANG,SMOKING MATERIAL,OTHERS,MULTI LAYER,2,CILACAP,CENTRAL JAVA,2023-09-09,COAST/SHORELINE
WISMILAK,WISMILAK GROUP,SMOKING MATERIAL,OTHERS,MULTI LAYER,1,CILACAP,CENTRAL JAVA,2023-09-09,COAST/SHORELINE
SANIA,BINA KARYA PRIMA,FOOD PACKAGING,OTHERS,MULTI LAYER,1,CILACAP,CENTRAL JAVA,2023-09-09,COAST/SHORELINE
CASING HANDPHONE,UNKNOWN,OTHERS,OTHERS,UNSURE,1,CILACAP,CENTRAL JAVA,2023-09-09,COAST/SHORELINE
FLORIDINA,WINGS INDONESIA,FOOD PACKAGING,PET,SINGLE LAYER,1,CILACAP,CENTRAL JAVA,2023-09-09,COAST/SHORELINE
MILKITA,UNIFAM,FOOD PACKAGING,LDPE,SINGLE LAYER,1,CILACAP,CENTRAL JAVA,2023-09-09,COAST/SHORELINE
TEH PUCUK,MAYORA INDAH,FOOD PACKAGING,PET,SINGLE LAYER,1,CILACAP,CENTRAL JAVA,2023-09-09,COAST/SHORELINE
ZYLUC,GLORIA BISCO,FOOD PACKAGING,OTHERS,SINGLE LAYER,1,CILACAP,CENTRAL JAVA,2023-09-09,COAST/SHORELINE
BANDAGE,UNKNOWN,PERSONAL CARE,OTHERS,MULTI LAYER,1,CILACAP,CENTRAL JAVA,2023-09-09,COAST/SHORELINE
SPRITE,THE COCA-COLA COMPANY,FOOD PACKAGING,PET,SINGLE LAYER,1,CILACAP,CENTRAL JAVA,2023-09-09,COAST/SHORELINE
KOPI ABC,SANTOS JAYA ABADI,FOOD PACKAGING,LDPE,MULTI LAYER,2,CILACAP,CENTRAL JAVA,2023-09-09,COAST/SHORELINE
FRISIAN FLAG,FRIESLANDCAMPINA,FOOD PACKAGING,OTHERS,SINGLE LAYER,1,CILACAP,CENTRAL JAVA,2023-09-09,COAST/SHORELINE
SO KLIN,WINGS,HOUSEHOLD PRODUCT,LDPE,MULTI LAYER,1,CILACAP,CENTRAL JAVA,2023-09-09,COAST/SHORELINE
EKONOMI,WINGS,HOUSEHOLD PRODUCT,LDPE,MULTI LAYER,2,CILACAP,CENTRAL JAVA,2023-09-09,COAST/SHORELINE
LOLY,UNKNOWN,FOOD PACKAGING,OTHERS,UNSURE,1,CILACAP,CENTRAL JAVA,2023-09-09,COAST/SHORELINE
DOWNY,PROCTER & GAMBLE,HOUSEHOLD PRODUCT,LDPE,SINGLE LAYER,3,CILACAP,CENTRAL JAVA,2023-09-09,COAST/SHORELINE
TAS,UNKNOWN,OTHERS,OTHERS,UNSURE,1,CILACAP,CENTRAL JAVA,2023-09-09,COAST/SHORELINE
LAURIER,KAO CORPORATION CHEMICALS COMPANY,PERSONAL CARE,PET,SINGLE LAYER,2,CILACAP,CENTRAL JAVA,2023-09-09,COAST/SHORELINE
PLASTIK BENING,UNKNOWN,PACKAGING MATERIAL,PET,SINGLE LAYER,55,CILACAP,CENTRAL JAVA,2023-09-09,COAST/SHORELINE
MIWON,PT DAESANG AGUNG INDONESIA,FOOD PACKAGING,PET,SINGLE LAYER,1,CILACAP,CENTRAL JAVA,2023-09-09,COAST/SHORELINE
UNKNOWN,UNBRANDED,HOUSEHOLD PRODUCT,PET,SINGLE LAYER,35,CILACAP,CENTRAL JAVA,2023-09-09,COAST/SHORELINE
MINYAKITA,APICAL GROUP,FOOD PACKAGING,PET,SINGLE LAYER,1,CILACAP,CENTRAL JAVA,2023-09-09,COAST/SHORELINE
SASA,SASA INTI,FOOD PACKAGING,PET,SINGLE LAYER,1,CILACAP,CENTRAL JAVA,2023-09-09,COAST/SHORELINE
MAMA LEMON,LION WINGS,HOUSEHOLD PRODUCT,PET,SINGLE LAYER,1,CILACAP,CENTRAL JAVA,2023-09-09,COAST/SHORELINE
HATARI,ASW FOOD,FOOD PACKAGING,PET,SINGLE LAYER,1,CILACAP,CENTRAL JAVA,2023-09-09,COAST/SHORELINE
PADDLE POP,UNILEVER,FOOD PACKAGING,PET,SINGLE LAYER,3,CILACAP,CENTRAL JAVA,2023-09-09,COAST/SHORELINE
RINSO,UNILEVER,HOUSEHOLD PRODUCT,PET,SINGLE LAYER,1,CILACAP,CENTRAL JAVA,2023-09-09,COAST/SHORELINE
AOKA,INDONESIA BAKERY FAMILY,FOOD PACKAGING,PET,SINGLE LAYER,4,CILACAP,CENTRAL JAVA,2023-09-09,COAST/SHORELINE
MIE KREMEZZ,TIGA PILAR SEJAHTERA,FOOD PACKAGING,PET,SINGLE LAYER,1,CILACAP,CENTRAL JAVA,2023-09-09,COAST/SHORELINE
KISS,MAYORA INDAH,FOOD PACKAGING,PET,SINGLE LAYER,1,CILACAP,CENTRAL JAVA,2023-09-09,COAST/SHORELINE
PALEM,PT CATUR WANGSA INDAH,HOUSEHOLD PRODUCT,PET,SINGLE LAYER,1,CILACAP,CENTRAL JAVA,2023-09-09,COAST/SHORELINE
KOPI GOOD DAY,SANTOS JAYA ABADI,FOOD PACKAGING,PET,SINGLE LAYER,12,CILACAP,CENTRAL JAVA,2023-09-09,COAST/SHORELINE
SUKRO OVEN,DUA KELINCI,FOOD PACKAGING,PET,SINGLE LAYER,1,CILACAP,CENTRAL JAVA,2023-09-09,COAST/SHORELINE
CHOCOLATOS,GARUDA FOOD,FOOD PACKAGING,PET,SINGLE LAYER,1,CILACAP,CENTRAL JAVA,2023-09-09,COAST/SHORELINE
NUGGET CHAMP,PT CHAROEN POKPHAND INDONESIA TBK,FOOD PACKAGING,PET,SINGLE LAYER,1,CILACAP,CENTRAL JAVA,2023-09-09,COAST/SHORELINE
SARI ASEM,ULTRAJAYA,FOOD PACKAGING,PET,SINGLE LAYER,1,CILACAP,CENTRAL JAVA,2023-09-09,COAST/SHORELINE
CHOCO PIE,LOTTE CONFECTIONARY CO,FOOD PACKAGING,PET,SINGLE LAYER,1,CILACAP,CENTRAL JAVA,2023-09-09,COAST/SHORELINE
SWALLOW,SINAR JAYA PERKASA,HOUSEHOLD PRODUCT,OTHERS,MULTI LAYER,11,CILACAP,CENTRAL JAVA,2023-09-09,COAST/SHORELINE
FINNA NUSANTARA,PT SEKAR LAUT,FOOD PACKAGING,PET,SINGLE LAYER,1,CILACAP,CENTRAL JAVA,2023-09-09,COAST/SHORELINE
PANGPANG,INDOMARET,FOOD PACKAGING,PET,SINGLE LAYER,1,CILACAP,CENTRAL JAVA,2023-09-09,COAST/SHORELINE
STRAWS,UNBRANDED,FOOD PACKAGING,PET,SINGLE LAYER,61,CILACAP,CENTRAL JAVA,2023-09-09,COAST/SHORELINE
HAPPY NAPPY,PT SOFTEX INDONESIA,PERSONAL CARE,OTHERS,MULTI LAYER,9,CILACAP,CENTRAL JAVA,2023-09-09,COAST/SHORELINE
PLASTIK PUTIH,UNKNOWN,HOUSEHOLD PRODUCT,PET,SINGLE LAYER,60,CILACAP,CENTRAL JAVA,2023-09-09,COAST/SHORELINE
MASKER,UNBRANDED,PERSONAL CARE,PP,MULTI LAYER,2,CILACAP,CENTRAL JAVA,2023-09-09,COAST/SHORELINE
POP MIE,INDOFOOD,FOOD PACKAGING,PS,MULTI LAYER,5,CILACAP,CENTRAL JAVA,2023-09-09,COAST/SHORELINE
SEDAAP,WINGS,FOOD PACKAGING,PET,SINGLE LAYER,1,CILACAP,CENTRAL JAVA,2023-09-09,COAST/SHORELINE
AQUA,DANONE,FOOD PACKAGING,PET,SINGLE LAYER,6,CILACAP,CENTRAL JAVA,2023-09-09,COAST/SHORELINE
MARIMAS,MARIMAS PUTERA KENCANA,FOOD PACKAGING,PET,SINGLE LAYER,4,CILACAP,CENTRAL JAVA,2023-09-09,COAST/SHORELINE
CUSSONS BABY,CUSSONS,PERSONAL CARE,PET,SINGLE LAYER,1,CILACAP,CENTRAL JAVA,2023-09-09,COAST/SHORELINE
ERJE,UNKNOWN,SMOKING MATERIAL,OTHERS,MULTI LAYER,21,CILACAP,CENTRAL JAVA,2023-09-09,COAST/SHORELINE
PLASTIC FORK,UNBRANDED,FOOD PACKAGING,PET,MULTI LAYER,14,CILACAP,CENTRAL JAVA,2023-09-09,COAST/SHORELINE
CUP,UNBRANDED,FOOD PACKAGING,PS,SINGLE LAYER,1,CILACAP,CENTRAL JAVA,2023-09-09,COAST/SHORELINE
SEMEN PADAK,PT SEMEN PADANG,OTHERS,PVC,MULTI LAYER,1,CILACAP,CENTRAL JAVA,2023-09-09,COAST/SHORELINE
TEA JUS,WINGS,FOOD PACKAGING,PET,MULTI LAYER,1,CILACAP,CENTRAL JAVA,2023-09-09,COAST/SHORELINE
BENG BENG,MAYORA INDA,FOOD PACKAGING,PET,MULTI LAYER,2,CILACAP,CENTRAL JAVA,2023-09-09,COAST/SHORELINE
RING,PT. PACIFIC FOOD INDONESIA,FOOD PACKAGING,PET,MULTI LAYER,1,CILACAP,CENTRAL JAVA,2023-09-09,COAST/SHORELINE
BIMOLI,SALIM IVOMAS PRATAMA TBK.,FOOD PACKAGING,PET,SINGLE LAYER,1,CILACAP,CENTRAL JAVA,2023-09-09,COAST/SHORELINE
GARUDA,TUDUNG GROUP,FOOD PACKAGING,PET,SINGLE LAYER,1,CILACAP,CENTRAL JAVA,2023-09-09,COAST/SHORELINE
SAOS,UNKNOWN,FOOD PACKAGING,PET,SINGLE LAYER,3,CILACAP,CENTRAL JAVA,2023-09-09,COAST/SHORELINE
TUTUP BOTOL,UNKNOWN,FOOD PACKAGING,PET,SINGLE LAYER,3,CILACAP,CENTRAL JAVA,2023-09-09,COAST/SHORELINE
CHOCO CHIPS,SIMBA,FOOD PACKAGING,PET,SINGLE LAYER,1,CILACAP,CENTRAL JAVA,2023-09-09,COAST/SHORELINE
SEDAAP,WINGS,FOOD PACKAGING,PET,MULTI LAYER,5,CILACAP,CENTRAL JAVA,2023-09-09,COAST/SHORELINE
PLASTIK BENING,UNKNOWN,PACKAGING MATERIAL,PET,SINGLE LAYER,67,CILACAP,CENTRAL JAVA,2023-09-09,COAST/SHORELINE
MADURASA,MADURASA UNGGULAN NUSANTARA,FOOD PACKAGING,PET,MULTI LAYER,1,CILACAP,CENTRAL JAVA,2023-09-09,COAST/SHORELINE
SPRITE,THE COCA-COLA COMPANY,FOOD PACKAGING,PET,SINGLE LAYER,1,CILACAP,CENTRAL JAVA,2023-09-09,COAST/SHORELINE
EKONOMI,WINGS,HOUSEHOLD PRODUCT,PET,MULTI LAYER,1,CILACAP,CENTRAL JAVA,2023-09-09,COAST/SHORELINE
REFINA,PT UNICHEMCANDI INDONESIA,FOOD PACKAGING,PET,MULTI LAYER,1,CILACAP,CENTRAL JAVA,2023-09-09,COAST/SHORELINE
PILUS GARUDA,TUDUNG GROUP,FOOD PACKAGING,PET,SINGLE LAYER,1,CILACAP,CENTRAL JAVA,2023-09-09,COAST/SHORELINE
FIT,PRAN,FOOD PACKAGING,PET,SINGLE LAYER,1,CILACAP,CENTRAL JAVA,2023-09-09,COAST/SHORELINE
INDOMIE,INDOFOOD,FOOD PACKAGING,PET,SINGLE LAYER,2,CILACAP,CENTRAL JAVA,2023-09-09,COAST/SHORELINE
STRAWS,UNBRANDED,FOOD PACKAGING,HDPE,SINGLE LAYER,65,CILACAP,CENTRAL JAVA,2023-09-09,COAST/SHORELINE
NASA,PT NATURAL NUSANTARA,PERSONAL CARE,HDPE,MULTI LAYER,1,CILACAP,CENTRAL JAVA,2023-09-09,COAST/SHORELINE
SANDAL,UNBRANDED,HOUSEHOLD PRODUCT,PP,MULTI LAYER,1,CILACAP,CENTRAL JAVA,2023-09-09,COAST/SHORELINE
DAIA,WINGS,HOUSEHOLD PRODUCT,PET,MULTI LAYER,1,CILACAP,CENTRAL JAVA,2023-09-09,COAST/SHORELINE
GREEN SOFT,APP SINARMAS,HOUSEHOLD PRODUCT,PET,SINGLE LAYER,1,CILACAP,CENTRAL JAVA,2023-09-09,COAST/SHORELINE
PLASTIK BENING,UNKNOWN,PACKAGING MATERIAL,PET,SINGLE LAYER,65,CILACAP,CENTRAL JAVA,2023-09-09,COAST/SHORELINE
SUPERSTAR,MAYORA INDAH,FOOD PACKAGING,PET,MULTI LAYER,1,CILACAP,CENTRAL JAVA,2023-09-09,COAST/SHORELINE
ZINC,PT LION WINGS,PERSONAL CARE,PET,MULTI LAYER,10,CILACAP,CENTRAL JAVA,2023-09-09,COAST/SHORELINE
GARUDA,TUDUNG GROUP,FOOD PACKAGING,PET,SINGLE LAYER,1,CILACAP,CENTRAL JAVA,2023-09-09,COAST/SHORELINE
ALFAMART,ALFAMART,FOOD PACKAGING,PET,SINGLE LAYER,1,CILACAP,CENTRAL JAVA,2023-09-09,COAST/SHORELINE
STYROFOAM,UNBRANDED,PACKAGING MATERIAL,PET,SINGLE LAYER,9,CILACAP,CENTRAL JAVA,2023-09-09,COAST/SHORELINE
MATCH,UNKNOWN,SMOKING MATERIAL,PET,MULTI LAYER,2,CILACAP,CENTRAL JAVA,2023-09-09,COAST/SHORELINE
FREDER,UNKNOWN,HOUSEHOLD PRODUCT,PET,MULTI LAYER,2,CILACAP,CENTRAL JAVA,2023-09-09,COAST/SHORELINE
STRAWS,UNBRANDED,FOOD PACKAGING,PET,SINGLE LAYER,40,CILACAP,CENTRAL JAVA,2023-09-09,COAST/SHORELINE
INDOAPRIL,INDOMARET,FOOD PACKAGING,PET,SINGLE LAYER,1,CILACAP,CENTRAL JAVA,2023-09-09,COAST/SHORELINE
PANDA,MEIJI,FOOD PACKAGING,PET,SINGLE LAYER,3,CILACAP,CENTRAL JAVA,2023-09-09,COAST/SHORELINE
KAWA KAWA,PT BALARAJA BARAT INDAH,OTHERS,OTHERS,SINGLE LAYER,1,CILACAP,CENTRAL JAVA,2023-09-09,COAST/SHORELINE
NESCAFE,NESTLE,FOOD PACKAGING,PET,SINGLE LAYER,1,CILACAP,CENTRAL JAVA,2023-09-09,COAST/SHORELINE
GROOVE,UNKNOWN,FOOD PACKAGING,PET,SINGLE LAYER,1,CILACAP,CENTRAL JAVA,2023-09-09,COAST/SHORELINE
ORANGE,UNKNOWN,FOOD PACKAGING,PET,SINGLE LAYER,1,CILACAP,CENTRAL JAVA,2023-09-09,COAST/SHORELINE
UNKNOWN,UNBRANDED,PERSONAL CARE,PET,SINGLE LAYER,1,CILACAP,CENTRAL JAVA,2023-09-09,COAST/SHORELINE
JORDAN BAKERY,JORDAN BAKERY,FOOD PACKAGING,PET,SINGLE LAYER,6,CILACAP,CENTRAL JAVA,2023-09-09,COAST/SHORELINE
SEDAAP,WINGS,FOOD PACKAGING,PET,SINGLE LAYER,2,CILACAP,CENTRAL JAVA,2023-09-09,COAST/SHORELINE
MIE SUKSES,WINGS,FOOD PACKAGING,PET,SINGLE LAYER,1,CILACAP,CENTRAL JAVA,2023-09-09,COAST/SHORELINE
INDOFOOD,INDOFOOD,FOOD PACKAGING,PET,SINGLE LAYER,3,CILACAP,CENTRAL JAVA,2023-09-09,COAST/SHORELINE
PROMINA,INDOFOOD,FOOD PACKAGING,PET,SINGLE LAYER,2,CILACAP,CENTRAL JAVA,2023-09-09,COAST/SHORELINE
ROMA MALKIST,MAYORA INDAH,FOOD PACKAGING,PET,SINGLE LAYER,3,CILACAP,CENTRAL JAVA,2023-09-09,COAST/SHORELINE
PADDLE POP,UNILEVER,FOOD PACKAGING,PET,SINGLE LAYER,2,CILACAP,CENTRAL JAVA,2023-09-09,COAST/SHORELINE
SIDORE MR. NATTA,ASIA KAMOND FOOD,FOOD PACKAGING,PET,SINGLE LAYER,1,CILACAP,CENTRAL JAVA,2023-09-09,COAST/SHORELINE
RUMPUT LAUT,ANEKA BOGA NUSANTARA,FOOD PACKAGING,PET,SINGLE LAYER,1,CILACAP,CENTRAL JAVA,2023-09-09,COAST/SHORELINE
SELAMAT,CERES,FOOD PACKAGING,PET,SINGLE LAYER,1,CILACAP,CENTRAL JAVA,2023-09-09,COAST/SHORELINE
KOPI ABC,SANTOS JAYA ABADI,FOOD PACKAGING,PET,SINGLE LAYER,6,CILACAP,CENTRAL JAVA,2023-09-09,COAST/SHORELINE
KAPAL API,SANTOS JAYA ABADI,FOOD PACKAGING,PET,SINGLE LAYER,10,CILACAP,CENTRAL JAVA,2023-09-09,COAST/SHORELINE
PANTHER CUP,PT KINO INDONESIA,FOOD PACKAGING,PET,SINGLE LAYER,2,CILACAP,CENTRAL JAVA,2023-09-09,COAST/SHORELINE
FRENCH FRIES,SIANTAR TOP,FOOD PACKAGING,PET,SINGLE LAYER,1,CILACAP,CENTRAL JAVA,2023-09-09,COAST/SHORELINE
SUKRO,DUA KELINCI,FOOD PACKAGING,PET,SINGLE LAYER,2,CILACAP,CENTRAL JAVA,2023-09-09,COAST/SHORELINE
CHITATO,INDOFOOD,FOOD PACKAGING,PET,SINGLE LAYER,1,CILACAP,CENTRAL JAVA,2023-09-09,COAST/SHORELINE
TEH BOTOL SOSRO,SINAR SOSRO,FOOD PACKAGING,HDPE,SINGLE LAYER,1,CILACAP,CENTRAL JAVA,2023-09-09,COAST/SHORELINE
KOPI GOOD DAY,SANTOS JAYA ABADI,FOOD PACKAGING,PET,SINGLE LAYER,9,CILACAP,CENTRAL JAVA,2023-09-09,COAST/SHORELINE
MARSHMALLOW,UNBRANDED,FOOD PACKAGING,PET,SINGLE LAYER,1,CILACAP,CENTRAL JAVA,2023-09-09,COAST/SHORELINE
NUVO,WINGS,HOUSEHOLD PRODUCT,PET,SINGLE LAYER,1,CILACAP,CENTRAL JAVA,2023-09-09,COAST/SHORELINE
SUNLIGHT,UNILEVER,HOUSEHOLD PRODUCT,PET,MULTI LAYER,2,CILACAP,CENTRAL JAVA,2023-09-09,COAST/SHORELINE
GUDANG GARAM,GUDANG GARAM TBK.,SMOKING MATERIAL,LDPE,MULTI LAYER,28,CILACAP,CENTRAL JAVA,2023-09-09,COAST/SHORELINE
BENG BENG,MAYORA INDA,FOOD PACKAGING,PET,SINGLE LAYER,8,CILACAP,CENTRAL JAVA,2023-09-09,COAST/SHORELINE
SIIP,NABATI SNACK,FOOD PACKAGING,PET,SINGLE LAYER,7,CILACAP,CENTRAL JAVA,2023-09-09,COAST/SHORELINE
ULTRA MILK,ULTRAJAYA,FOOD PACKAGING,HDPE,SINGLE LAYER,10,CILACAP,CENTRAL JAVA,2023-09-09,COAST/SHORELINE
JAZ1,KAO CORPORATION CHEMICALS COMPANY,HOUSEHOLD PRODUCT,PET,SINGLE LAYER,1,CILACAP,CENTRAL JAVA,2023-09-09,COAST/SHORELINE
TEA JUS,WINGS,FOOD PACKAGING,PET,SINGLE LAYER,3,CILACAP,CENTRAL JAVA,2023-09-09,COAST/SHORELINE
KUE PIA GOLDEN,UNKNOWN,FOOD PACKAGING,PET,SINGLE LAYER,3,CILACAP,CENTRAL JAVA,2023-09-09,COAST/SHORELINE
ROSE BRAND,CV BUMI WARAS,FOOD PACKAGING,PET,SINGLE LAYER,2,CILACAP,CENTRAL JAVA,2023-09-09,COAST/SHORELINE
BETTER,MAYORA INDAH,FOOD PACKAGING,PET,SINGLE LAYER,1,CILACAP,CENTRAL JAVA,2023-09-09,COAST/SHORELINE
RICHY RICE,INTERFOOD SUKSES JASINDO,FOOD PACKAGING,PET,SINGLE LAYER,1,CILACAP,CENTRAL JAVA,2023-09-09,COAST/SHORELINE
CHOCOLATOS,GARUDA FOOD,FOOD PACKAGING,PET,SINGLE LAYER,1,CILACAP,CENTRAL JAVA,2023-09-09,COAST/SHORELINE
PAPER CUP,UNBRANDED,FOOD PACKAGING,PET,SINGLE LAYER,1,CILACAP,CENTRAL JAVA,2023-09-09,COAST/SHORELINE
MAMY LOVE,SINERGI ADIMITRA JAYA,PERSONAL CARE,PET,MULTI LAYER,1,CILACAP,CENTRAL JAVA,2023-09-09,COAST/SHORELINE
SAMPOERNA,PHILIP MORRIS INTERNATIONAL,SMOKING MATERIAL,LDPE,MULTI LAYER,1,CILACAP,CENTRAL JAVA,2023-09-09,COAST/SHORELINE
MASI,UNKNOWN,OTHERS,OTHERS,SINGLE LAYER,1,CILACAP,CENTRAL JAVA,2023-09-09,COAST/SHORELINE
UNKNOWN,UNBRANDED,FOOD PACKAGING,PET,SINGLE LAYER,1,CILACAP,CENTRAL JAVA,2023-09-09,COAST/SHORELINE
ROTI MANIS,NIPPON INDOSARI CORPINDO,FOOD PACKAGING,PET,SINGLE LAYER,1,CILACAP,CENTRAL JAVA,2023-09-09,COAST/SHORELINE
ALTIS,SANTOS JAYA ABADI,FOOD PACKAGING,PET,SINGLE LAYER,1,CILACAP,CENTRAL JAVA,2023-09-09,COAST/SHORELINE
KEJUCAKE,KRAFT INDONESIA,FOOD PACKAGING,PET,SINGLE LAYER,1,CILACAP,CENTRAL JAVA,2023-09-09,COAST/SHORELINE
CONNEXT,UNKNOWN,SMOKING MATERIAL,LDPE,MULTI LAYER,1,CILACAP,CENTRAL JAVA,2023-09-09,COAST/SHORELINE
FRISIAN FLAG,FRIESLANDCAMPINA,FOOD PACKAGING,HDPE,SINGLE LAYER,1,CILACAP,CENTRAL JAVA,2023-09-09,COAST/SHORELINE
SEDAAP,WINGS,FOOD PACKAGING,PET,SINGLE LAYER,4,CILACAP,CENTRAL JAVA,2023-09-09,COAST/SHORELINE
WHITE COFFEE,JAVA PRIMA ABADI,FOOD PACKAGING,PET,SINGLE LAYER,2,CILACAP,CENTRAL JAVA,2023-09-09,COAST/SHORELINE
POP MIE,INDOFOOD,FOOD PACKAGING,PET,SINGLE LAYER,2,CILACAP,CENTRAL JAVA,2023-09-09,COAST/SHORELINE
PEMBALUT CHARM,UNI-CHARM INDONESIA,PERSONAL CARE,PET,SINGLE LAYER,3,CILACAP,CENTRAL JAVA,2023-09-09,COAST/SHORELINE
AQUA,DANONE,FOOD PACKAGING,PET,SINGLE LAYER,1,CILACAP,CENTRAL JAVA,2023-09-09,COAST/SHORELINE
TANGO,TANGO,FOOD PACKAGING,PET,SINGLE LAYER,2,CILACAP,CENTRAL JAVA,2023-09-09,COAST/SHORELINE
KARA,PT KARA SANTAN PERTAMA,FOOD PACKAGING,PET,SINGLE LAYER,4,CILACAP,CENTRAL JAVA,2023-09-09,COAST/SHORELINE
GARUDA,TUDUNG GROUP,FOOD PACKAGING,PET,SINGLE LAYER,1,CILACAP,CENTRAL JAVA,2023-09-09,COAST/SHORELINE
BIHUN CAP JAGUNG,PT DAESANG AGUNG INDONESIA,FOOD PACKAGING,PET,SINGLE LAYER,1,CILACAP,CENTRAL JAVA,2023-09-09,COAST/SHORELINE
MILO,NESTLE,FOOD PACKAGING,PET,SINGLE LAYER,1,CILACAP,CENTRAL JAVA,2023-09-09,COAST/SHORELINE
SO KLIN,WINGS,PERSONAL CARE,PET,SINGLE LAYER,1,CILACAP,CENTRAL JAVA,2023-09-09,COAST/SHORELINE
PURE LIFE,NESTLE,FOOD PACKAGING,PET,SINGLE LAYER,2,CILACAP,CENTRAL JAVA,2023-09-09,COAST/SHORELINE
TEH GELAS,ORANG TUA,FOOD PACKAGING,PET,SINGLE LAYER,1,CILACAP,CENTRAL JAVA,2023-09-09,COAST/SHORELINE
HEMAVITON,TEMPO SCAN PACIFIC,FOOD PACKAGING,OTHERS,SINGLE LAYER,2,CILACAP,CENTRAL JAVA,2023-09-09,COAST/SHORELINE
ENERGEN,MAYORA INDAH,FOOD PACKAGING,PET,SINGLE LAYER,1,CILACAP,CENTRAL JAVA,2023-09-09,COAST/SHORELINE
POTABEE,WINGS,FOOD PACKAGING,PET,SINGLE LAYER,1,CILACAP,CENTRAL JAVA,2023-09-09,COAST/SHORELINE
POPCORN,BFY BRANDS,FOOD PACKAGING,PET,SINGLE LAYER,1,CILACAP,CENTRAL JAVA,2023-09-09,COAST/SHORELINE
MISTER POTATO,PACIFIC FOOD INDONESIA,FOOD PACKAGING,PET,SINGLE LAYER,1,CILACAP,CENTRAL JAVA,2023-09-09,COAST/SHORELINE
OKKY JELLY DRINK,TUDUNG GROUP,FOOD PACKAGING,PET,SINGLE LAYER,1,CILACAP,CENTRAL JAVA,2023-09-09,COAST/SHORELINE
PLASTIC,UNBRANDED,OTHERS,OTHERS,SINGLE LAYER,650,CILACAP,CENTRAL JAVA,2023-09-09,COAST/SHORELINE
STYROFOAM,UNBRANDED,OTHERS,OTHERS,SINGLE LAYER,11,CILACAP,CENTRAL JAVA,2023-09-09,COAST/SHORELINE
STRAWS,UNBRANDED,OTHERS,OTHERS,SINGLE LAYER,154,CILACAP,CENTRAL JAVA,2023-09-09,COAST/SHORELINE
SPOON,UNBRANDED,OTHERS,OTHERS,SINGLE LAYER,34,CILACAP,CENTRAL JAVA,2023-09-09,COAST/SHORELINE
TUTUP BOTOL,UNKNOWN,OTHERS,OTHERS,SINGLE LAYER,4,CILACAP,CENTRAL JAVA,2023-09-09,COAST/SHORELINE
BALLPOINT,UNKNOWN,OTHERS,OTHERS,SINGLE LAYER,2,CILACAP,CENTRAL JAVA,2023-09-09,COAST/SHORELINE
AQUA,DANONE,FOOD PACKAGING,PET,MULTI LAYER,7,CILACAP,CENTRAL JAVA,2023-09-09,COAST/SHORELINE
FLORIDINA,WINGS INDONESIA,FOOD PACKAGING,PET,MULTI LAYER,2,CILACAP,CENTRAL JAVA,2023-09-09,COAST/SHORELINE
VIT,TIRTA INVESTAMA,FOOD PACKAGING,PET,MULTI LAYER,2,CILACAP,CENTRAL JAVA,2023-09-09,COAST/SHORELINE
POP MIE,INDOFOOD,FOOD PACKAGING,PS,SINGLE LAYER,5,CILACAP,CENTRAL JAVA,2023-09-09,COAST/SHORELINE
MINYAKITA,APICAL GROUP,FOOD PACKAGING,PET,SINGLE LAYER,1,CILACAP,CENTRAL JAVA,2023-09-09,COAST/SHORELINE
SEDAAP,WINGS,FOOD PACKAGING,PS,MULTI LAYER,12,CILACAP,CENTRAL JAVA,2023-09-09,COAST/SHORELINE
YORA,TIRTA AGUNG WIJAYA,FOOD PACKAGING,PET,SINGLE LAYER,1,CILACAP,CENTRAL JAVA,2023-09-09,COAST/SHORELINE
PRISTINE,PT SUPER WAHANA TEHNO,FOOD PACKAGING,PET,MULTI LAYER,1,CILACAP,CENTRAL JAVA,2023-09-09,COAST/SHORELINE
FRISIAN FLAG,FRIESLANDCAMPINA,FOOD PACKAGING,HDPE,SINGLE LAYER,3,CILACAP,CENTRAL JAVA,2023-09-09,COAST/SHORELINE
ALFAMART,ALFAMART,FOOD PACKAGING,PET,MULTI LAYER,1,CILACAP,CENTRAL JAVA,2023-09-09,COAST/SHORELINE
SO KLIN,WINGS,HOUSEHOLD PRODUCT,HDPE,SINGLE LAYER,2,CILACAP,CENTRAL JAVA,2023-09-09,COAST/SHORELINE
DAIA,WINGS,HOUSEHOLD PRODUCT,LDPE,SINGLE LAYER,2,CILACAP,CENTRAL JAVA,2023-09-09,COAST/SHORELINE
MOONCAKE,UNKNOWN,HOUSEHOLD PRODUCT,LDPE,UNSURE,1,CILACAP,CENTRAL JAVA,2023-09-09,COAST/SHORELINE
PADIMAS,STANLY TRIJAYA MANDIRI,FOOD PACKAGING,LDPE,SINGLE LAYER,1,CILACAP,CENTRAL JAVA,2023-09-09,COAST/SHORELINE
TOGO,PT. SERENA INDOPANGAN INDUSTRI,FOOD PACKAGING,LDPE,SINGLE LAYER,1,CILACAP,CENTRAL JAVA,2023-09-09,COAST/SHORELINE
PROMINA,INDOFOOD,FOOD PACKAGING,LDPE,SINGLE LAYER,1,CILACAP,CENTRAL JAVA,2023-09-09,COAST/SHORELINE
OKKY JELLY DRINK,TUDUNG GROUP,FOOD PACKAGING,LDPE,SINGLE LAYER,1,CILACAP,CENTRAL JAVA,2023-09-09,COAST/SHORELINE
PEPSODENT,UNILEVER,HOUSEHOLD PRODUCT,LDPE,SINGLE LAYER,1,CILACAP,CENTRAL JAVA,2023-09-09,COAST/SHORELINE
PIKOPI,SANTOS JAYA ABADI,FOOD PACKAGING,LDPE,SINGLE LAYER,1,CILACAP,CENTRAL JAVA,2023-09-09,COAST/SHORELINE
EKONOMI,WINGS,HOUSEHOLD PRODUCT,LDPE,SINGLE LAYER,2,CILACAP,CENTRAL JAVA,2023-09-09,COAST/SHORELINE
CAMPINA,FRIESLANDCAMPINA,FOOD PACKAGING,LDPE,SINGLE LAYER,1,CILACAP,CENTRAL JAVA,2023-09-09,COAST/SHORELINE
PADDLE POP,UNILEVER,FOOD PACKAGING,LDPE,SINGLE LAYER,3,CILACAP,CENTRAL JAVA,2023-09-09,COAST/SHORELINE
BISCOLATA,UNKNOWN,FOOD PACKAGING,LDPE,UNSURE,1,CILACAP,CENTRAL JAVA,2023-09-09,COAST/SHORELINE
BETTER,MAYORA INDAH,FOOD PACKAGING,OTHERS,SINGLE LAYER,2,CILACAP,CENTRAL JAVA,2023-09-09,COAST/SHORELINE
MATCH,UNKNOWN,SMOKING MATERIAL,LDPE,SINGLE LAYER,1,CILACAP,CENTRAL JAVA,2023-09-09,COAST/SHORELINE
CHOCO PIE,LOTTE CONFECTIONARY CO,FOOD PACKAGING,HDPE,SINGLE LAYER,1,CILACAP,CENTRAL JAVA,2023-09-09,COAST/SHORELINE
ROTI PIA,UNKNOWN,FOOD PACKAGING,HDPE,SINGLE LAYER,1,CILACAP,CENTRAL JAVA,2023-09-09,COAST/SHORELINE
MIE GELAS,MAYORA INDAH,FOOD PACKAGING,HDPE,SINGLE LAYER,2,CILACAP,CENTRAL JAVA,2023-09-09,COAST/SHORELINE
KERUPUK IKAN TENGGIRI,UNKNOWN,FOOD PACKAGING,HDPE,SINGLE LAYER,1,CILACAP,CENTRAL JAVA,2023-09-09,COAST/SHORELINE
ALAM SARI,UNKNOWN,FOOD PACKAGING,HDPE,SINGLE LAYER,1,CILACAP,CENTRAL JAVA,2023-09-09,COAST/SHORELINE
SEKAR SARI,SEKAR SARI SNACK CIKARANG,FOOD PACKAGING,HDPE,SINGLE LAYER,1,CILACAP,CENTRAL JAVA,2023-09-09,COAST/SHORELINE
KARANG DADAK,UNKNOWN,FOOD PACKAGING,LDPE,SINGLE LAYER,1,CILACAP,CENTRAL JAVA,2023-09-09,COAST/SHORELINE
SUNLIGHT,UNILEVER,HOUSEHOLD PRODUCT,PET,SINGLE LAYER,1,CILACAP,CENTRAL JAVA,2023-09-09,COAST/SHORELINE
UNBRANDED,UNBRANDED,FOOD PACKAGING,PET,SINGLE LAYER,1,CILACAP,CENTRAL JAVA,2023-09-09,COAST/SHORELINE
AOKA,INDONESIA BAKERY FAMILY,FOOD PACKAGING,HDPE,SINGLE LAYER,10,CILACAP,CENTRAL JAVA,2023-09-09,COAST/SHORELINE
MI TELUR,UNKNOWN,FOOD PACKAGING,HDPE,SINGLE LAYER,1,CILACAP,CENTRAL JAVA,2023-09-09,COAST/SHORELINE
KOMO,CV TOP ASLI,FOOD PACKAGING,HDPE,SINGLE LAYER,3,CILACAP,CENTRAL JAVA,2023-09-09,COAST/SHORELINE
DAIA,WINGS,FOOD PACKAGING,HDPE,SINGLE LAYER,1,CILACAP,CENTRAL JAVA,2023-09-09,COAST/SHORELINE
GOPEK,GOPEK CIPTA UTAMA,FOOD PACKAGING,HDPE,SINGLE LAYER,1,CILACAP,CENTRAL JAVA,2023-09-09,COAST/SHORELINE
PASEO,ASIA PULP & PAPER GROUP,FOOD PACKAGING,HDPE,SINGLE LAYER,1,CILACAP,CENTRAL JAVA,2023-09-09,COAST/SHORELINE
PUTRI PANDA,PUTRI PANDA,FOOD PACKAGING,HDPE,SINGLE LAYER,6,CILACAP,CENTRAL JAVA,2023-09-09,COAST/SHORELINE
PILUS GARUDA,TUDUNG GROUP,FOOD PACKAGING,HDPE,SINGLE LAYER,1,CILACAP,CENTRAL JAVA,2023-09-09,COAST/SHORELINE
ROTI SISIR,JORDAN BAKERY,FOOD PACKAGING,HDPE,SINGLE LAYER,1,CILACAP,CENTRAL JAVA,2023-09-09,COAST/SHORELINE
KACANG TIC TAC,GARUDA FOOD,FOOD PACKAGING,HDPE,SINGLE LAYER,1,CILACAP,CENTRAL JAVA,2023-09-09,COAST/SHORELINE
KISS,MAYORA INDAH,FOOD PACKAGING,HDPE,SINGLE LAYER,1,CILACAP,CENTRAL JAVA,2023-09-09,COAST/SHORELINE
QTELA,INDOFOOD,FOOD PACKAGING,HDPE,SINGLE LAYER,1,CILACAP,CENTRAL JAVA,2023-09-09,COAST/SHORELINE
GORIORIO,SIANTAR TOP,FOOD PACKAGING,HDPE,SINGLE LAYER,1,CILACAP,CENTRAL JAVA,2023-09-09,COAST/SHORELINE
REAL GOOD,SO GOOD FOOD,FOOD PACKAGING,HDPE,SINGLE LAYER,1,CILACAP,CENTRAL JAVA,2023-09-09,COAST/SHORELINE
ZYLUC,GLORIA BISCO,FOOD PACKAGING,HDPE,SINGLE LAYER,1,CILACAP,CENTRAL JAVA,2023-09-09,COAST/SHORELINE
MIE GELAS,MAYORA INDAH,FOOD PACKAGING,PS,SINGLE LAYER,3,CILACAP,CENTRAL JAVA,2023-09-09,COAST/SHORELINE
EKOMIE,WINGS,FOOD PACKAGING,HDPE,SINGLE LAYER,2,CILACAP,CENTRAL JAVA,2023-09-09,COAST/SHORELINE
CHIKI,INDOFOOD,FOOD PACKAGING,HDPE,SINGLE LAYER,1,CILACAP,CENTRAL JAVA,2023-09-09,COAST/SHORELINE
MANDALI,UNKNOWN,FOOD PACKAGING,HDPE,SINGLE LAYER,1,CILACAP,CENTRAL JAVA,2023-09-09,COAST/SHORELINE
SERASA,"HM SAMPOERNA, TBK",SMOKING MATERIAL,OTHERS,SINGLE LAYER,1,CILACAP,CENTRAL JAVA,2023-09-09,COAST/SHORELINE
BOT,UNKNOWN,PERSONAL CARE,OTHERS,SINGLE LAYER,1,CILACAP,CENTRAL JAVA,2023-09-09,COAST/SHORELINE
TOP TEN,CV TOP ASLI,FOOD PACKAGING,LDPE,SINGLE LAYER,1,CILACAP,CENTRAL JAVA,2023-09-09,COAST/SHORELINE
ENAAK,SIANTAR TOP,FOOD PACKAGING,LDPE,SINGLE LAYER,1,CILACAP,CENTRAL JAVA,2023-09-09,COAST/SHORELINE
KACANG CIKUR DADALI,CV BINTANG KARYA RASA,FOOD PACKAGING,LDPE,SINGLE LAYER,1,CILACAP,CENTRAL JAVA,2023-09-09,COAST/SHORELINE
JAZ1,KAO CORPORATION CHEMICALS COMPANY,FOOD PACKAGING,LDPE,SINGLE LAYER,1,CILACAP,CENTRAL JAVA,2023-09-09,COAST/SHORELINE
CHOCO RIO,OK FOODS,FOOD PACKAGING,LDPE,SINGLE LAYER,1,CILACAP,CENTRAL JAVA,2023-09-09,COAST/SHORELINE
MINGOOLA,UNKNOWN,FOOD PACKAGING,LDPE,SINGLE LAYER,1,CILACAP,CENTRAL JAVA,2023-09-09,COAST/SHORELINE
SENDOK,UNKNOWN,FOOD PACKAGING,HDPE,SINGLE LAYER,6,CILACAP,CENTRAL JAVA,2023-09-09,COAST/SHORELINE
SPIX,SIANTAR TOP,FOOD PACKAGING,LDPE,SINGLE LAYER,1,CILACAP,CENTRAL JAVA,2023-09-09,COAST/SHORELINE
GARUDA,TUDUNG GROUP,FOOD PACKAGING,LDPE,SINGLE LAYER,1,CILACAP,CENTRAL JAVA,2023-09-09,COAST/SHORELINE
KACANG CIKUR POGO,UNKNOWN,FOOD PACKAGING,LDPE,SINGLE LAYER,1,CILACAP,CENTRAL JAVA,2023-09-09,COAST/SHORELINE
DIO,DJARUM,SMOKING MATERIAL,OTHERS,SINGLE LAYER,1,CILACAP,CENTRAL JAVA,2023-09-09,COAST/SHORELINE
FANTA,THE COCA-COLA COMPANY,FOOD PACKAGING,LDPE,SINGLE LAYER,1,CILACAP,CENTRAL JAVA,2023-09-09,COAST/SHORELINE
KINO,KINO SENTRA INDUSTRINDO,FOOD PACKAGING,LDPE,SINGLE LAYER,1,CILACAP,CENTRAL JAVA,2023-09-09,COAST/SHORELINE
BALIMAS,UNKNOWN,FOOD PACKAGING,LDPE,SINGLE LAYER,1,CILACAP,CENTRAL JAVA,2023-09-09,COAST/SHORELINE
MISTER POTATO,PACIFIC FOOD INDONESIA,FOOD PACKAGING,LDPE,SINGLE LAYER,1,CILACAP,CENTRAL JAVA,2023-09-09,COAST/SHORELINE
KACANG TELOR,DUA KELINCI,FOOD PACKAGING,LDPE,SINGLE LAYER,1,CILACAP,CENTRAL JAVA,2023-09-09,COAST/SHORELINE
ALE-ALE,WINGS,FOOD PACKAGING,LDPE,SINGLE LAYER,1,CILACAP,CENTRAL JAVA,2023-09-09,COAST/SHORELINE
FINTO,FORISA NUSA PERSADA,FOOD PACKAGING,LDPE,SINGLE LAYER,1,CILACAP,CENTRAL JAVA,2023-09-09,COAST/SHORELINE
SAMBAL,UNKNOWN,FOOD PACKAGING,LDPE,SINGLE LAYER,1,CILACAP,CENTRAL JAVA,2023-09-09,COAST/SHORELINE
SAMBAL MAHKOTA,SARI WANGI,FOOD PACKAGING,LDPE,SINGLE LAYER,1,CILACAP,CENTRAL JAVA,2023-09-09,COAST/SHORELINE
SEGITIGA BIRU,INDOFOOD,FOOD PACKAGING,LDPE,SINGLE LAYER,1,CILACAP,CENTRAL JAVA,2023-09-09,COAST/SHORELINE
WADAH AGAR-AGAR,UNKNOWN,FOOD PACKAGING,LDPE,SINGLE LAYER,3,CILACAP,CENTRAL JAVA,2023-09-09,COAST/SHORELINE
TEMPAT SAOS,UNKNOWN,FOOD PACKAGING,LDPE,SINGLE LAYER,1,CILACAP,CENTRAL JAVA,2023-09-09,COAST/SHORELINE
GARAM DAUN,UNKNOWN,FOOD PACKAGING,LDPE,SINGLE LAYER,1,CILACAP,CENTRAL JAVA,2023-09-09,COAST/SHORELINE
BIO,UNKNOWN,FOOD PACKAGING,LDPE,SINGLE LAYER,1,CILACAP,CENTRAL JAVA,2023-09-09,COAST/SHORELINE
BASO SAPI,UNKNOWN,FOOD PACKAGING,LDPE,SINGLE LAYER,1,CILACAP,CENTRAL JAVA,2023-09-09,COAST/SHORELINE
YUF,UNKNOWN,FOOD PACKAGING,LDPE,SINGLE LAYER,1,CILACAP,CENTRAL JAVA,2023-09-09,COAST/SHORELINE
GUDANG GARAM,GUDANG GARAM TBK.,FOOD PACKAGING,LDPE,SINGLE LAYER,1,CILACAP,CENTRAL JAVA,2023-09-09,COAST/SHORELINE
KEMASAN PLASTIK,UNKNOWN,FOOD PACKAGING,LDPE,SINGLE LAYER,1,CILACAP,CENTRAL JAVA,2023-09-09,COAST/SHORELINE
TUTUP BOTOL,UNKNOWN,FOOD PACKAGING,LDPE,SINGLE LAYER,1,CILACAP,CENTRAL JAVA,2023-09-09,COAST/SHORELINE
SUPERSTAR,MAYORA INDAH,FOOD PACKAGING,LDPE,SINGLE LAYER,1,CILACAP,CENTRAL JAVA,2023-09-09,COAST/SHORELINE
KECAP ABC,ABC,FOOD PACKAGING,PET,MULTI LAYER,1,CILACAP,CENTRAL JAVA,2023-09-09,COAST/SHORELINE
ULTRA MILK,ULTRAJAYA,FOOD PACKAGING,PET,MULTI LAYER,13,CILACAP,CENTRAL JAVA,2023-09-09,COAST/SHORELINE
WALLS,UNILEVER,FOOD PACKAGING,PET,SINGLE LAYER,2,CILACAP,CENTRAL JAVA,2023-09-09,COAST/SHORELINE
KALPA,MAYORA INDAH,FOOD PACKAGING,PET,MULTI LAYER,5,CILACAP,CENTRAL JAVA,2023-09-09,COAST/SHORELINE
KAPAL API,SANTOS JAYA ABADI,FOOD PACKAGING,PET,MULTI LAYER,5,CILACAP,CENTRAL JAVA,2023-09-09,COAST/SHORELINE
DUA KELINCI,DUA KELINCI,FOOD PACKAGING,PET,MULTI LAYER,1,CILACAP,CENTRAL JAVA,2023-09-09,COAST/SHORELINE
HATARI,ASW FOOD,FOOD PACKAGING,PET,MULTI LAYER,2,CILACAP,CENTRAL JAVA,2023-09-09,COAST/SHORELINE
JETZ,INDOFOOD,FOOD PACKAGING,PET,MULTI LAYER,1,CILACAP,CENTRAL JAVA,2023-09-09,COAST/SHORELINE
CHIKI BALL,INDOFOOD,FOOD PACKAGING,PET,MULTI LAYER,1,CILACAP,CENTRAL JAVA,2023-09-09,COAST/SHORELINE
KANZLER,PT MACROPRIMA PANGANUTAMA,FOOD PACKAGING,PET,MULTI LAYER,1,CILACAP,CENTRAL JAVA,2023-09-09,COAST/SHORELINE
TEH GELAS,ORANG TUA,FOOD PACKAGING,PET,SINGLE LAYER,2,CILACAP,CENTRAL JAVA,2023-09-09,COAST/SHORELINE
KOPI GOOD DAY,SANTOS JAYA ABADI,FOOD PACKAGING,PET,MULTI LAYER,7,CILACAP,CENTRAL JAVA,2023-09-09,COAST/SHORELINE
AOKA,INDONESIA BAKERY FAMILY,FOOD PACKAGING,PET,SINGLE LAYER,3,CILACAP,CENTRAL JAVA,2023-09-09,COAST/SHORELINE
KOKO,COCOLA,FOOD PACKAGING,PET,SINGLE LAYER,24,CILACAP,CENTRAL JAVA,2023-09-09,COAST/SHORELINE
TEH KOTAK,ULTRAJAYA,FOOD PACKAGING,PET,MULTI LAYER,2,CILACAP,CENTRAL JAVA,2023-09-09,COAST/SHORELINE
LAYS,PEPSICO,FOOD PACKAGING,PET,SINGLE LAYER,1,CILACAP,CENTRAL JAVA,2023-09-09,COAST/SHORELINE
NESCAFE,NESTLE,FOOD PACKAGING,PET,SINGLE LAYER,1,CILACAP,CENTRAL JAVA,2023-09-09,COAST/SHORELINE
AICE,AICE,FOOD PACKAGING,PET,SINGLE LAYER,2,CILACAP,CENTRAL JAVA,2023-09-09,COAST/SHORELINE
MIZONE,DANONE,FOOD PACKAGING,PET,SINGLE LAYER,1,CILACAP,CENTRAL JAVA,2023-09-09,COAST/SHORELINE
MITU,MEGASARI MAKMUR,PERSONAL CARE,LDPE,SINGLE LAYER,1,CILACAP,CENTRAL JAVA,2023-09-09,COAST/SHORELINE
LUSSENS,UNKNOWN,PERSONAL CARE,LDPE,SINGLE LAYER,1,CILACAP,CENTRAL JAVA,2023-09-09,COAST/SHORELINE
SHARON,SUMBER ALFARIA TRIJAYA,FOOD PACKAGING,PET,SINGLE LAYER,2,CILACAP,CENTRAL JAVA,2023-09-09,COAST/SHORELINE
POCARI SWEAT,OTSUKA,FOOD PACKAGING,PET,SINGLE LAYER,3,CILACAP,CENTRAL JAVA,2023-09-09,COAST/SHORELINE
FRESTEA,THE COCA-COLA COMPANY,FOOD PACKAGING,PET,SINGLE LAYER,1,CILACAP,CENTRAL JAVA,2023-09-09,COAST/SHORELINE
GOLDA,WINGS,FOOD PACKAGING,PET,SINGLE LAYER,1,CILACAP,CENTRAL JAVA,2023-09-09,COAST/SHORELINE
COCA COLA,THE COCA-COLA COMPANY,FOOD PACKAGING,PET,SINGLE LAYER,1,CILACAP,CENTRAL JAVA,2023-09-09,COAST/SHORELINE
CHIL GO,MORINAGA,FOOD PACKAGING,PET,SINGLE LAYER,1,CILACAP,CENTRAL JAVA,2023-09-09,COAST/SHORELINE
VIT,TIRTA INVESTAMA,FOOD PACKAGING,PET,MULTI LAYER,2,CILACAP,CENTRAL JAVA,2023-09-09,COAST/SHORELINE
CIMORY,MOUNTAIN DAIRY,FOOD PACKAGING,PET,MULTI LAYER,8,CILACAP,CENTRAL JAVA,2023-09-09,COAST/SHORELINE
BENG BENG,MAYORA INDA,FOOD PACKAGING,PET,MULTI LAYER,29,CILACAP,CENTRAL JAVA,2023-09-09,COAST/SHORELINE
ROMA,MAYORA INDAH,FOOD PACKAGING,PET,MULTI LAYER,4,CILACAP,CENTRAL JAVA,2023-09-09,COAST/SHORELINE
UNKNOWN,UNBRANDED,FOOD PACKAGING,OTHERS,UNSURE,11,CILACAP,CENTRAL JAVA,2023-09-09,COAST/SHORELINE
NUTRISARI,NUTRIFOOD,FOOD PACKAGING,PET,MULTI LAYER,25,CILACAP,CENTRAL JAVA,2023-09-09,COAST/SHORELINE
WHITE COFFEE,JAVA PRIMA ABADI,FOOD PACKAGING,PET,MULTI LAYER,10,CILACAP,CENTRAL JAVA,2023-09-09,COAST/SHORELINE
CIGARETTE,UNKNOWN,SMOKING MATERIAL,OTHERS,MULTI LAYER,35,CILACAP,CENTRAL JAVA,2023-09-09,COAST/SHORELINE
CHIKI,INDOFOOD,FOOD PACKAGING,PET,MULTI LAYER,3,CILACAP,CENTRAL JAVA,2023-09-09,COAST/SHORELINE
TESSA,PT GRAHA KERINDO UTAMA,HOUSEHOLD PRODUCT,PET,MULTI LAYER,2,CILACAP,CENTRAL JAVA,2023-09-09,COAST/SHORELINE
SHARON,SUMBER ALFARIA TRIJAYA,FOOD PACKAGING,PET,SINGLE LAYER,1,CILACAP,CENTRAL JAVA,2023-09-09,COAST/SHORELINE
HEMAVITON,TEMPO SCAN PACIFIC,FOOD PACKAGING,PET,SINGLE LAYER,1,CILACAP,CENTRAL JAVA,2023-09-09,COAST/SHORELINE
SIANTAR TOP,SIANTAR TOP,FOOD PACKAGING,PET,SINGLE LAYER,11,CILACAP,CENTRAL JAVA,2023-09-09,COAST/SHORELINE
MASAKO,AJINOMOTO,FOOD PACKAGING,PET,SINGLE LAYER,10,CILACAP,CENTRAL JAVA,2023-09-09,COAST/SHORELINE
NABATI,NABATI GROUP.,FOOD PACKAGING,PET,SINGLE LAYER,21,CILACAP,CENTRAL JAVA,2023-09-09,COAST/SHORELINE
MINYAK AMALIA,UNKNOWN,FOOD PACKAGING,PET,SINGLE LAYER,1,CILACAP,CENTRAL JAVA,2023-09-09,COAST/SHORELINE
PEMBALUT CHARM,UNI-CHARM INDONESIA,PERSONAL CARE,PET,MULTI LAYER,2,CILACAP,CENTRAL JAVA,2023-09-09,COAST/SHORELINE
INDOCAFE,INDOFOOD,FOOD PACKAGING,PET,SINGLE LAYER,2,CILACAP,CENTRAL JAVA,2023-09-09,COAST/SHORELINE
FRISIAN FLAG,FRIESLANDCAMPINA,FOOD PACKAGING,PET,SINGLE LAYER,15,CILACAP,CENTRAL JAVA,2023-09-09,COAST/SHORELINE
YAKULT,YAKULT,FOOD PACKAGING,PET,MULTI LAYER,2,CILACAP,CENTRAL JAVA,2023-09-09,COAST/SHORELINE
GARUDA,TUDUNG GROUP,FOOD PACKAGING,PET,SINGLE LAYER,10,CILACAP,CENTRAL JAVA,2023-09-09,COAST/SHORELINE
HAPPY TOS,SINAR KENCANA AGUNG,FOOD PACKAGING,PET,SINGLE LAYER,1,CILACAP,CENTRAL JAVA,2023-09-09,COAST/SHORELINE
NISSIN,MONDE M.Y. SAN CORPORATION,FOOD PACKAGING,PET,SINGLE LAYER,1,CILACAP,CENTRAL JAVA,2023-09-09,COAST/SHORELINE
KOPI GAJAH,SUMBER KOPI PRIMA,FOOD PACKAGING,PET,SINGLE LAYER,3,CILACAP,CENTRAL JAVA,2023-09-09,COAST/SHORELINE
SUKRO,DUA KELINCI,FOOD PACKAGING,PET,SINGLE LAYER,12,CILACAP,CENTRAL JAVA,2023-09-09,COAST/SHORELINE
TORABIKA,MAYORA INDAH,FOOD PACKAGING,PET,SINGLE LAYER,1,CILACAP,CENTRAL JAVA,2023-09-09,COAST/SHORELINE
MARIMAS,MARIMAS PUTERA KENCANA,FOOD PACKAGING,PET,SINGLE LAYER,1,CILACAP,CENTRAL JAVA,2023-09-09,COAST/SHORELINE
POP ICE,FORISA,FOOD PACKAGING,PET,SINGLE LAYER,14,CILACAP,CENTRAL JAVA,2023-09-09,COAST/SHORELINE
OREO,DONGSUH FOODS,FOOD PACKAGING,PET,SINGLE LAYER,1,CILACAP,CENTRAL JAVA,2023-09-09,COAST/SHORELINE
TEA JUS,WINGS,FOOD PACKAGING,PET,SINGLE LAYER,11,CILACAP,CENTRAL JAVA,2023-09-09,COAST/SHORELINE
PAROTI,SUMBER ALFARIA TRIJAYA,FOOD PACKAGING,PET,SINGLE LAYER,1,CILACAP,CENTRAL JAVA,2023-09-09,COAST/SHORELINE
WIPOL,UNILEVER,HOUSEHOLD PRODUCT,PET,MULTI LAYER,2,CILACAP,CENTRAL JAVA,2023-09-09,COAST/SHORELINE
INDOFOOD,INDOFOOD,FOOD PACKAGING,PET,MULTI LAYER,4,CILACAP,CENTRAL JAVA,2023-09-09,COAST/SHORELINE
AQUA,DANONE,FOOD PACKAGING,PET,SINGLE LAYER,2,CILACAP,CENTRAL JAVA,2023-09-09,COAST/SHORELINE
SASA,SASA INTI,FOOD PACKAGING,PET,SINGLE LAYER,7,CILACAP,CENTRAL JAVA,2023-09-09,COAST/SHORELINE
POP MIE,INDOFOOD,FOOD PACKAGING,PET,MULTI LAYER,13,CILACAP,CENTRAL JAVA,2023-09-09,COAST/SHORELINE
KAPAL API,SANTOS JAYA ABADI,FOOD PACKAGING,PET,SINGLE LAYER,40,CILACAP,CENTRAL JAVA,2023-09-09,COAST/SHORELINE
SEDAAP,WINGS,FOOD PACKAGING,PET,SINGLE LAYER,2,CILACAP,CENTRAL JAVA,2023-09-09,COAST/SHORELINE
BANGO,UNILEVER,FOOD PACKAGING,PET,SINGLE LAYER,5,CILACAP,CENTRAL JAVA,2023-09-09,COAST/SHORELINE
ALBA PASTILES,PT GELORA NUSANTARA PERSADA,FOOD PACKAGING,PET,SINGLE LAYER,1,CILACAP,CENTRAL JAVA,2023-09-09,COAST/SHORELINE
MILO,NESTLE,FOOD PACKAGING,PET,SINGLE LAYER,12,CILACAP,CENTRAL JAVA,2023-09-09,COAST/SHORELINE
MINYAKITA,APICAL GROUP,FOOD PACKAGING,PET,SINGLE LAYER,3,CILACAP,CENTRAL JAVA,2023-09-09,COAST/SHORELINE
KOPI GOOD DAY,SANTOS JAYA ABADI,FOOD PACKAGING,PET,SINGLE LAYER,33,CILACAP,CENTRAL JAVA,2023-09-09,COAST/SHORELINE
KOPI ABC,SANTOS JAYA ABADI,FOOD PACKAGING,PET,SINGLE LAYER,19,CILACAP,CENTRAL JAVA,2023-09-09,COAST/SHORELINE
TEH PUCUK,MAYORA INDAH,FOOD PACKAGING,PET,SINGLE LAYER,1,CILACAP,CENTRAL JAVA,2023-09-09,COAST/SHORELINE
RANS RUMUT LAUT,TOKINORI KILAU PERKASI,FOOD PACKAGING,PET,MULTI LAYER,1,CILACAP,CENTRAL JAVA,2023-09-09,COAST/SHORELINE
LE MINERALE,MAYORA INDAH,FOOD PACKAGING,PET,MULTI LAYER,3,CILACAP,CENTRAL JAVA,2023-09-09,COAST/SHORELINE
TORPEDO,"FASHION FOOD CO.,LTD.",FOOD PACKAGING,PET,SINGLE LAYER,2,CILACAP,CENTRAL JAVA,2023-09-09,COAST/SHORELINE
ROYCO,CAMPBELL SOUP COMPANY,FOOD PACKAGING,PET,SINGLE LAYER,6,CILACAP,CENTRAL JAVA,2023-09-09,COAST/SHORELINE
SUNLIGHT,UNILEVER,FOOD PACKAGING,PET,SINGLE LAYER,4,CILACAP,CENTRAL JAVA,2023-09-09,COAST/SHORELINE
PROCLIN,GODREJ INDONEISA,FOOD PACKAGING,PET,MULTI LAYER,1,CILACAP,CENTRAL JAVA,2023-09-09,COAST/SHORELINE
KAPAL API,SANTOS JAYA ABADI,FOOD PACKAGING,PET,SINGLE LAYER,30,CILACAP,CENTRAL JAVA,2023-09-09,COAST/SHORELINE
MAYASEA,UNKNOWN,FOOD PACKAGING,PET,SINGLE LAYER,1,CILACAP,CENTRAL JAVA,2023-09-09,COAST/SHORELINE
YOTORNET,UNKNOWN,FOOD PACKAGING,PET,SINGLE LAYER,4,CILACAP,CENTRAL JAVA,2023-09-09,COAST/SHORELINE
CHITATO,INDOFOOD,FOOD PACKAGING,PET,SINGLE LAYER,7,CILACAP,CENTRAL JAVA,2023-09-09,COAST/SHORELINE
MINYAK CAMAR,PT KUTAI REFINERY NUSANTARA,FOOD PACKAGING,PET,SINGLE LAYER,1,CILACAP,CENTRAL JAVA,2023-09-09,COAST/SHORELINE
SARI WANGI,ANGRI WANGI INDONESIA,FOOD PACKAGING,PET,SINGLE LAYER,2,CILACAP,CENTRAL JAVA,2023-09-09,COAST/SHORELINE
OISHI,LIWAYWAY HOLDINGS COMPANY LIMITED,FOOD PACKAGING,PET,SINGLE LAYER,3,CILACAP,CENTRAL JAVA,2023-09-09,COAST/SHORELINE
TARO,PREMIER MARKETING PUBLIC COMPANY LIMITED,FOOD PACKAGING,PET,SINGLE LAYER,5,CILACAP,CENTRAL JAVA,2023-09-09,COAST/SHORELINE
GOPEK,GOPEK CIPTA UTAMA,FOOD PACKAGING,PET,SINGLE LAYER,8,CILACAP,CENTRAL JAVA,2023-09-09,COAST/SHORELINE
INDOMIE,INDOFOOD,FOOD PACKAGING,PET,SINGLE LAYER,1,CILACAP,CENTRAL JAVA,2023-09-09,COAST/SHORELINE
SEDAAP,WINGS,FOOD PACKAGING,PET,SINGLE LAYER,10,CILACAP,CENTRAL JAVA,2023-09-09,COAST/SHORELINE
DESAKU,PT MOTASA INDONESIA,FOOD PACKAGING,PET,SINGLE LAYER,4,CILACAP,CENTRAL JAVA,2023-09-09,COAST/SHORELINE
BON CABE,KOBE,FOOD PACKAGING,PET,MULTI LAYER,2,CILACAP,CENTRAL JAVA,2023-09-09,COAST/SHORELINE
CHITATO,INDOFOOD,FOOD PACKAGING,PET,SINGLE LAYER,1,CILACAP,CENTRAL JAVA,2023-09-09,COAST/SHORELINE
QTELA,INDOFOOD,FOOD PACKAGING,PET,SINGLE LAYER,2,CILACAP,CENTRAL JAVA,2023-09-09,COAST/SHORELINE
MISTER POTATO,PACIFIC FOOD INDONESIA,FOOD PACKAGING,PET,MULTI LAYER,6,CILACAP,CENTRAL JAVA,2023-09-09,COAST/SHORELINE
TEH JAVANA,WINGS,FOOD PACKAGING,LDPE,SINGLE LAYER,1,KUPANG,EAST NUSA TENGGARA,2023-09-15,COAST/SHORELINE
TEH JAVANA,WINGS,FOOD PACKAGING,PET,SINGLE LAYER,2,KUPANG,EAST NUSA TENGGARA,2023-09-15,COAST/SHORELINE
TEH JAVANA,WINGS,FOOD PACKAGING,PP,SINGLE LAYER,1,KUPANG,EAST NUSA TENGGARA,2023-09-15,COAST/SHORELINE
NU GREEN TEA,ABC PRESIDENT,FOOD PACKAGING,PET,SINGLE LAYER,2,KUPANG,EAST NUSA TENGGARA,2023-09-15,COAST/SHORELINE
NU GREEN TEA,ABC PRESIDENT,FOOD PACKAGING,LDPE,SINGLE LAYER,2,KUPANG,EAST NUSA TENGGARA,2023-09-15,COAST/SHORELINE
ULTRA MILK,ULTRAJAYA,FOOD PACKAGING,OTHERS,MULTI LAYER,2,KUPANG,EAST NUSA TENGGARA,2023-09-15,COAST/SHORELINE
VERNUM,LOCAL BRAND,FOOD PACKAGING,PET,SINGLE LAYER,6,KUPANG,EAST NUSA TENGGARA,2023-09-15,COAST/SHORELINE
VIQUAM,LOCAL BRAND,FOOD PACKAGING,PET,SINGLE LAYER,1,KUPANG,EAST NUSA TENGGARA,2023-09-15,COAST/SHORELINE
NATA DE COCO,NATIONAL COCONUT CORPORATION,FOOD PACKAGING,PET,SINGLE LAYER,1,KUPANG,EAST NUSA TENGGARA,2023-09-15,COAST/SHORELINE
AQUA,DANONE,FOOD PACKAGING,HDPE,SINGLE LAYER,12,KUPANG,EAST NUSA TENGGARA,2023-09-15,COAST/SHORELINE
LASEGAR,SINDE,FOOD PACKAGING,PET,SINGLE LAYER,1,KUPANG,EAST NUSA TENGGARA,2023-09-15,COAST/SHORELINE
LASEGAR,SINDE,FOOD PACKAGING,HDPE,SINGLE LAYER,1,KUPANG,EAST NUSA TENGGARA,2023-09-15,COAST/SHORELINE
MIZONE,DANONE,FOOD PACKAGING,PP,SINGLE LAYER,1,KUPANG,EAST NUSA TENGGARA,2023-09-15,COAST/SHORELINE
COOLANT,SARI ENESIS INDAH,FOOD PACKAGING,PET,SINGLE LAYER,1,KUPANG,EAST NUSA TENGGARA,2023-09-15,COAST/SHORELINE
COOLANT,SARI ENESIS INDAH,FOOD PACKAGING,HDPE,SINGLE LAYER,1,KUPANG,EAST NUSA TENGGARA,2023-09-15,COAST/SHORELINE
LA,BRITISH AMERICAN TOBACCO,SMOKING MATERIAL,OTHERS,MULTI LAYER,1,KUPANG,EAST NUSA TENGGARA,2023-09-15,COAST/SHORELINE
153,BATU KARANG INDONESIA,SMOKING MATERIAL,OTHERS,MULTI LAYER,2,KUPANG,EAST NUSA TENGGARA,2023-09-15,COAST/SHORELINE
NO BRAND,UNBRANDED,FOOD PACKAGING,PET,SINGLE LAYER,5,KUPANG,EAST NUSA TENGGARA,2023-09-15,COAST/SHORELINE
SPRITE,THE COCA-COLA COMPANY,FOOD PACKAGING,PET,SINGLE LAYER,1,KUPANG,EAST NUSA TENGGARA,2023-09-15,COAST/SHORELINE
NO BRAND,UNBRANDED,FOOD PACKAGING,HDPE,SINGLE LAYER,1,KUPANG,EAST NUSA TENGGARA,2023-09-15,COAST/SHORELINE
BOLU STRAWBERRY,LOCAL BRAND,FOOD PACKAGING,LDPE,SINGLE LAYER,1,KUPANG,EAST NUSA TENGGARA,2023-09-15,COAST/SHORELINE
SUPERSTAR,MAYORA INDAH,FOOD PACKAGING,LDPE,MULTI LAYER,1,KUPANG,EAST NUSA TENGGARA,2023-09-15,COAST/SHORELINE
NO BRAND,UNBRANDED,HOUSEHOLD PRODUCT,PP,SINGLE LAYER,3,KUPANG,EAST NUSA TENGGARA,2023-09-15,COAST/SHORELINE
CHOCOLATOS,GARUDA FOOD,FOOD PACKAGING,LDPE,MULTI LAYER,1,KUPANG,EAST NUSA TENGGARA,2023-09-15,COAST/SHORELINE
MASAKO,AJINOMOTO,FOOD PACKAGING,LDPE,MULTI LAYER,1,KUPANG,EAST NUSA TENGGARA,2023-09-15,COAST/SHORELINE
VITA JELLY,ORANG TUA,FOOD PACKAGING,LDPE,SINGLE LAYER,1,KUPANG,EAST NUSA TENGGARA,2023-09-15,COAST/SHORELINE
KIKO,PANDARIA MAKMUR (KIKO FACT),FOOD PACKAGING,PET,SINGLE LAYER,20,KUPANG,EAST NUSA TENGGARA,2023-09-15,COAST/SHORELINE
MIZONE,DANONE,FOOD PACKAGING,PET,SINGLE LAYER,2,KUPANG,EAST NUSA TENGGARA,2023-09-15,COAST/SHORELINE
NO BRAND,UNBRANDED,OTHERS,OTHERS,SINGLE LAYER,77,KUPANG,EAST NUSA TENGGARA,2023-09-15,COAST/SHORELINE
CHOCO CHOCOLATE,LOCAL BRAND,FOOD PACKAGING,LDPE,MULTI LAYER,1,KUPANG,EAST NUSA TENGGARA,2023-09-15,COAST/SHORELINE
NO BRAND,UNBRANDED,OTHERS,OTHERS,SINGLE LAYER,23,KUPANG,EAST NUSA TENGGARA,2023-09-15,COAST/SHORELINE
AQUA,DANONE,FOOD PACKAGING,PP,SINGLE LAYER,1,KUPANG,EAST NUSA TENGGARA,2023-09-15,COAST/SHORELINE
SOSIS SO NICE,SO GOOD FOOD,FOOD PACKAGING,LDPE,SINGLE LAYER,20,KUPANG,EAST NUSA TENGGARA,2023-09-15,COAST/SHORELINE
SAGA BOLD,UNBRANDED,SMOKING MATERIAL,OTHERS,MULTI LAYER,4,KUPANG,EAST NUSA TENGGARA,2023-09-15,COAST/SHORELINE
CUKA,UNBRANDED,FOOD PACKAGING,HDPE,UNSURE,3,KUPANG,EAST NUSA TENGGARA,2023-09-15,COAST/SHORELINE
CUKA,UNBRANDED,OTHERS,OTHERS,UNSURE,1,KUPANG,EAST NUSA TENGGARA,2023-09-15,COAST/SHORELINE
TEH PUCUK,MAYORA INDAH,FOOD PACKAGING,PET,UNSURE,3,KUPANG,EAST NUSA TENGGARA,2023-09-15,COAST/SHORELINE
TEH PUCUK,MAYORA INDAH,FOOD PACKAGING,PP,UNSURE,2,KUPANG,EAST NUSA TENGGARA,2023-09-15,COAST/SHORELINE
FANTA,THE COCA-COLA COMPANY,FOOD PACKAGING,PET,UNSURE,6,KUPANG,EAST NUSA TENGGARA,2023-09-15,COAST/SHORELINE
FANTA,THE COCA-COLA COMPANY,FOOD PACKAGING,PP,UNSURE,4,KUPANG,EAST NUSA TENGGARA,2023-09-15,COAST/SHORELINE
OELMAS,CV. INDONIAGA KAB. TTU,FOOD PACKAGING,PP,SINGLE LAYER,6,KUPANG,EAST NUSA TENGGARA,2023-09-15,COAST/SHORELINE
VERNUM,LOCAL BRAND,FOOD PACKAGING,PP,SINGLE LAYER,3,KUPANG,EAST NUSA TENGGARA,2023-09-15,COAST/SHORELINE
ENERGEN,MAYORA INDAH,FOOD PACKAGING,LDPE,MULTI LAYER,1,KUPANG,EAST NUSA TENGGARA,2023-09-15,COAST/SHORELINE
BENG-BENG,MAYORA INDAH,FOOD PACKAGING,LDPE,MULTI LAYER,2,KUPANG,EAST NUSA TENGGARA,2023-09-15,COAST/SHORELINE
MILO,NESTLE,FOOD PACKAGING,OTHERS,MULTI LAYER,22,KUPANG,EAST NUSA TENGGARA,2023-09-15,COAST/SHORELINE
FRESTEA,THE COCA-COLA COMPANY,FOOD PACKAGING,PET,UNSURE,1,KUPANG,EAST NUSA TENGGARA,2023-09-15,COAST/SHORELINE
AQUA,DANONE,FOOD PACKAGING,PET,SINGLE LAYER,25,KUPANG,EAST NUSA TENGGARA,2023-09-15,COAST/SHORELINE
NO BRAND,UNBRANDED,OTHERS,OTHERS,UNSURE,45,KUPANG,EAST NUSA TENGGARA,2023-09-15,COAST/SHORELINE
NO BRAND,UNBRANDED,FOOD PACKAGING,PP,SINGLE LAYER,20,KUPANG,EAST NUSA TENGGARA,2023-09-15,COAST/SHORELINE
LE MINERALE,MAYORA INDAH,FOOD PACKAGING,PET,SINGLE LAYER,20,KUPANG,EAST NUSA TENGGARA,2023-09-15,COAST/SHORELINE
PULPY,THE COCA-COLA COMPANY,FOOD PACKAGING,PET,SINGLE LAYER,1,KUPANG,EAST NUSA TENGGARA,2023-09-15,COAST/SHORELINE
PULPY,THE COCA-COLA COMPANY,FOOD PACKAGING,PP,SINGLE LAYER,1,KUPANG,EAST NUSA TENGGARA,2023-09-15,COAST/SHORELINE
KIKO,PANDARIA MAKMUR (KIKO FACT),FOOD PACKAGING,PET,SINGLE LAYER,49,KUPANG,EAST NUSA TENGGARA,2023-09-15,COAST/SHORELINE
CLEO,TANOBEL FOOD,FOOD PACKAGING,PET,SINGLE LAYER,1,KUPANG,EAST NUSA TENGGARA,2023-09-15,COAST/SHORELINE
CLEO,TANOBEL FOOD,FOOD PACKAGING,LDPE,SINGLE LAYER,1,KUPANG,EAST NUSA TENGGARA,2023-09-15,COAST/SHORELINE
FLORIDINA,WINGS INDONESIA,FOOD PACKAGING,PET,SINGLE LAYER,3,KUPANG,EAST NUSA TENGGARA,2023-09-15,COAST/SHORELINE
FLORIDINA,WINGS INDONESIA,FOOD PACKAGING,LDPE,SINGLE LAYER,3,KUPANG,EAST NUSA TENGGARA,2023-09-15,COAST/SHORELINE
AQUA,DANONE,FOOD PACKAGING,PET,SINGLE LAYER,40,KUPANG,EAST NUSA TENGGARA,2023-09-15,COAST/SHORELINE
AQUA,DANONE,FOOD PACKAGING,PP,SINGLE LAYER,41,KUPANG,EAST NUSA TENGGARA,2023-09-15,COAST/SHORELINE
NO BRAND,UNBRANDED,FOOD PACKAGING,PET,SINGLE LAYER,1,KUPANG,EAST NUSA TENGGARA,2023-09-15,COAST/SHORELINE
TEH PUCUK,MAYORA INDAH,FOOD PACKAGING,PET,SINGLE LAYER,34,KUPANG,EAST NUSA TENGGARA,2023-09-15,COAST/SHORELINE
NO BRAND,UNBRANDED,FISHING GEAR,OTHERS,MULTI LAYER,40,KUPANG,EAST NUSA TENGGARA,2023-09-15,COAST/SHORELINE
FANTA,THE COCA-COLA COMPANY,FOOD PACKAGING,PET,SINGLE LAYER,8,KUPANG,EAST NUSA TENGGARA,2023-09-15,COAST/SHORELINE
GORIORIO,SIANTAR TOP,FOOD PACKAGING,PET,MULTI LAYER,1,KUPANG,EAST NUSA TENGGARA,2023-09-15,COAST/SHORELINE
ICHITAN,ICHITAN GROUP,FOOD PACKAGING,PET,SINGLE LAYER,2,KUPANG,EAST NUSA TENGGARA,2023-09-15,COAST/SHORELINE
SPRITE,THE COCA-COLA COMPANY,FOOD PACKAGING,PET,SINGLE LAYER,2,KUPANG,EAST NUSA TENGGARA,2023-09-15,COAST/SHORELINE
LE MINERALE,MAYORA INDAH,FOOD PACKAGING,PET,SINGLE LAYER,14,KUPANG,EAST NUSA TENGGARA,2023-09-15,COAST/SHORELINE
POCARI SWEAT,OTSUKA,FOOD PACKAGING,PET,SINGLE LAYER,4,KUPANG,EAST NUSA TENGGARA,2023-09-15,COAST/SHORELINE
VITA JELLY,ORANG TUA,FOOD PACKAGING,PET,SINGLE LAYER,1,KUPANG,EAST NUSA TENGGARA,2023-09-15,COAST/SHORELINE
RICNA QUA,LOCAL BRAND,FOOD PACKAGING,PET,SINGLE LAYER,4,KUPANG,EAST NUSA TENGGARA,2023-09-15,COAST/SHORELINE
NO BRAND,UNBRANDED,PACKAGING MATERIAL,LDPE,SINGLE LAYER,58,KUPANG,EAST NUSA TENGGARA,2023-09-15,COAST/SHORELINE
PAKMAYA,LOCAL BRAND,FOOD PACKAGING,OTHERS,MULTI LAYER,1,KUPANG,EAST NUSA TENGGARA,2023-09-15,COAST/SHORELINE
VEGAS,LOCAL BRAND,SMOKING MATERIAL,OTHERS,MULTI LAYER,2,KUPANG,EAST NUSA TENGGARA,2023-09-15,COAST/SHORELINE
BIG BABOL,PERFETTI VAN MELLE,FOOD PACKAGING,LDPE,SINGLE LAYER,1,KUPANG,EAST NUSA TENGGARA,2023-09-15,COAST/SHORELINE
LIFEBOY,UNILEVER,PERSONAL CARE,LDPE,MULTI LAYER,5,KUPANG,EAST NUSA TENGGARA,2023-09-15,COAST/SHORELINE
DAIA,WINGS,PERSONAL CARE,LDPE,SINGLE LAYER,3,KUPANG,EAST NUSA TENGGARA,2023-09-15,COAST/SHORELINE
AICE,AICE,FOOD PACKAGING,LDPE,MULTI LAYER,1,KUPANG,EAST NUSA TENGGARA,2023-09-15,COAST/SHORELINE
NO BRAND,UNBRANDED,PACKAGING MATERIAL,PS,SINGLE LAYER,1,KUPANG,EAST NUSA TENGGARA,2023-09-15,COAST/SHORELINE
NO BRAND,UNBRANDED,HOUSEHOLD PRODUCT,HDPE,SINGLE LAYER,2,KUPANG,EAST NUSA TENGGARA,2023-09-15,COAST/SHORELINE
ALE-ALE,WINGS,FOOD PACKAGING,PET,SINGLE LAYER,1,KUPANG,EAST NUSA TENGGARA,2023-09-15,COAST/SHORELINE
MAMA LEMON,LION WINGS,HOUSEHOLD PRODUCT,HDPE,SINGLE LAYER,1,KUPANG,EAST NUSA TENGGARA,2023-09-15,COAST/SHORELINE
VERNUM,LOCAL BRAND,FOOD PACKAGING,PET,SINGLE LAYER,3,KUPANG,EAST NUSA TENGGARA,2023-09-15,COAST/SHORELINE
INDOMIE,INDOFOOD,FOOD PACKAGING,LDPE,SINGLE LAYER,2,KUPANG,EAST NUSA TENGGARA,2023-09-15,COAST/SHORELINE
SAGA BOLD,LOCAL BRAND,SMOKING MATERIAL,OTHERS,MULTI LAYER,6,KUPANG,EAST NUSA TENGGARA,2023-09-15,COAST/SHORELINE
NO BRAND,UNBRANDED,HOUSEHOLD PRODUCT,HDPE,SINGLE LAYER,2,KUPANG,EAST NUSA TENGGARA,2023-09-15,COAST/SHORELINE
PULPY,THE COCA-COLA COMPANY,FOOD PACKAGING,PET,SINGLE LAYER,1,KUPANG,EAST NUSA TENGGARA,2023-09-15,COAST/SHORELINE
KERIS,LOCAL BRAND,OTHERS,PET,SINGLE LAYER,1,KUPANG,EAST NUSA TENGGARA,2023-09-15,COAST/SHORELINE
KIKO,PANDARIA MAKMUR (KIKO FACT),FOOD PACKAGING,LDPE,SINGLE LAYER,4,KUPANG,EAST NUSA TENGGARA,2023-09-15,COAST/SHORELINE
FLORIDINA,WINGS INDONESIA,FOOD PACKAGING,PET,SINGLE LAYER,1,KUPANG,EAST NUSA TENGGARA,2023-09-15,COAST/SHORELINE
FAIR & LOVELY,UNILEVER,PERSONAL CARE,OTHERS,MULTI LAYER,1,KUPANG,EAST NUSA TENGGARA,2023-09-15,COAST/SHORELINE
153,BATU KARANG INDONESIA,SMOKING MATERIAL,OTHERS,MULTI LAYER,1,KUPANG,EAST NUSA TENGGARA,2023-09-15,COAST/SHORELINE
BISKUAT,MEGA GLOBAL FOOD,FOOD PACKAGING,LDPE,MULTI LAYER,1,KUPANG,EAST NUSA TENGGARA,2023-09-15,COAST/SHORELINE
SO KLIN,WINGS,PERSONAL CARE,LDPE,MULTI LAYER,1,KUPANG,EAST NUSA TENGGARA,2023-09-15,COAST/SHORELINE
POP ICE,FORISA,FOOD PACKAGING,LDPE,MULTI LAYER,1,KUPANG,EAST NUSA TENGGARA,2023-09-15,COAST/SHORELINE
OELMAS,CV. INDONIAGA KAB. TTU,FOOD PACKAGING,PET,SINGLE LAYER,3,KUPANG,EAST NUSA TENGGARA,2023-09-15,COAST/SHORELINE
STICK DUO JOGER,LOCAL BRAND,FOOD PACKAGING,LDPE,MULTI LAYER,1,KUPANG,EAST NUSA TENGGARA,2023-09-15,COAST/SHORELINE
KACANG LAYAR,LOCAL BRAND,FOOD PACKAGING,LDPE,MULTI LAYER,1,KUPANG,EAST NUSA TENGGARA,2023-09-15,COAST/SHORELINE
ABC MOCCA,SANTOS JAYA ABADI,FOOD PACKAGING,LDPE,MULTI LAYER,3,KUPANG,EAST NUSA TENGGARA,2023-09-15,COAST/SHORELINE
TEH RIO,WINGS,FOOD PACKAGING,PET,SINGLE LAYER,1,KUPANG,EAST NUSA TENGGARA,2023-09-15,COAST/SHORELINE
LE MINERALE,MAYORA INDAH,FOOD PACKAGING,PET,SINGLE LAYER,1,KUPANG,EAST NUSA TENGGARA,2023-09-15,COAST/SHORELINE
LE MINERALE,MAYORA INDAH,FOOD PACKAGING,PP,SINGLE LAYER,2,KUPANG,EAST NUSA TENGGARA,2023-09-15,COAST/SHORELINE
AQUA,DANONE,FOOD PACKAGING,PET,SINGLE LAYER,30,KUPANG,EAST NUSA TENGGARA,2023-09-15,COAST/SHORELINE
AQUA,DANONE,FOOD PACKAGING,PP,SINGLE LAYER,24,KUPANG,EAST NUSA TENGGARA,2023-09-15,COAST/SHORELINE
FLORIDINA,WINGS INDONESIA,FOOD PACKAGING,PET,SINGLE LAYER,3,KUPANG,EAST NUSA TENGGARA,2023-09-15,COAST/SHORELINE
FLORIDINA,WINGS INDONESIA,FOOD PACKAGING,PP,SINGLE LAYER,1,KUPANG,EAST NUSA TENGGARA,2023-09-15,COAST/SHORELINE
CHOCOLATOS,GARUDA FOOD,FOOD PACKAGING,LDPE,MULTI LAYER,1,KUPANG,EAST NUSA TENGGARA,2023-09-15,COAST/SHORELINE
KIKO,PANDARIA MAKMUR (KIKO FACT),FOOD PACKAGING,LDPE,MULTI LAYER,1,KUPANG,EAST NUSA TENGGARA,2023-09-15,COAST/SHORELINE
NO BRAND,UNBRANDED,PACKAGING MATERIAL,LDPE,SINGLE LAYER,4,KUPANG,EAST NUSA TENGGARA,2023-09-15,COAST/SHORELINE
NO BRAND,UNBRANDED,OTHERS,OTHERS,MULTI LAYER,30,KUPANG,EAST NUSA TENGGARA,2023-09-15,COAST/SHORELINE
VERNUM,LOCAL BRAND,FOOD PACKAGING,PET,SINGLE LAYER,2,KUPANG,EAST NUSA TENGGARA,2023-09-15,COAST/SHORELINE
REXONA,UNILEVER,PERSONAL CARE,OTHERS,MULTI LAYER,1,KUPANG,EAST NUSA TENGGARA,2023-09-15,COAST/SHORELINE
LADAMAS,LOCAL BRAND,FOOD PACKAGING,LDPE,MULTI LAYER,1,KUPANG,EAST NUSA TENGGARA,2023-09-15,COAST/SHORELINE
BOLU STRAWBERRY,LOCAL BRAND,FOOD PACKAGING,LDPE,MULTI LAYER,2,KUPANG,EAST NUSA TENGGARA,2023-09-15,COAST/SHORELINE
SURYA,GUDANG GARAM TBK.,SMOKING MATERIAL,OTHERS,MULTI LAYER,3,KUPANG,EAST NUSA TENGGARA,2023-09-15,COAST/SHORELINE
AQUA,DANONE,FOOD PACKAGING,PET,SINGLE LAYER,41,KUPANG,EAST NUSA TENGGARA,2023-09-15,COAST/SHORELINE
MAMYPOKO,LG HOUSEHOLD & HEALTH CARE,PERSONAL CARE,OTHERS,MULTI LAYER,10,KUPANG,EAST NUSA TENGGARA,2023-09-15,COAST/SHORELINE
NO BRAND,UNBRANDED,FISHING GEAR,OTHERS,MULTI LAYER,38,KUPANG,EAST NUSA TENGGARA,2023-09-15,COAST/SHORELINE
CENDRAWASIH,LOCAL BRAND,FISHING GEAR,OTHERS,UNSURE,1,KUPANG,EAST NUSA TENGGARA,2023-09-15,COAST/SHORELINE
DANCOW,NESTLE,FOOD PACKAGING,LDPE,MULTI LAYER,2,KUPANG,EAST NUSA TENGGARA,2023-09-15,COAST/SHORELINE
TOP COFFE,WINGS,FOOD PACKAGING,LDPE,MULTI LAYER,3,KUPANG,EAST NUSA TENGGARA,2023-09-15,COAST/SHORELINE
TUGU BUAYA,INDRACO GLOBAL INDONESIA,FOOD PACKAGING,LDPE,SINGLE LAYER,4,KUPANG,EAST NUSA TENGGARA,2023-09-15,COAST/SHORELINE
MIZONE,DANONE,FOOD PACKAGING,PET,SINGLE LAYER,5,KUPANG,EAST NUSA TENGGARA,2023-09-15,COAST/SHORELINE
MILKU,WINGS,FOOD PACKAGING,PET,SINGLE LAYER,6,KUPANG,EAST NUSA TENGGARA,2023-09-15,COAST/SHORELINE
NO BRAND,UNBRANDED,FOOD PACKAGING,LDPE,MULTI LAYER,1,KUPANG,EAST NUSA TENGGARA,2023-09-15,COAST/SHORELINE
NU GREEN TEA,ABC PRESIDENT,FOOD PACKAGING,PET,SINGLE LAYER,1,KUPANG,EAST NUSA TENGGARA,2023-09-15,COAST/SHORELINE
NO BRAND,UNBRANDED,FOOD PACKAGING,PET,SINGLE LAYER,2,KUPANG,EAST NUSA TENGGARA,2023-09-15,COAST/SHORELINE
NO BRAND,UNBRANDED,HOUSEHOLD PRODUCT,PVC,SINGLE LAYER,1,KUPANG,EAST NUSA TENGGARA,2023-09-15,COAST/SHORELINE
AQUA,DANONE,FOOD PACKAGING,PET,SINGLE LAYER,64,KUPANG,EAST NUSA TENGGARA,2023-09-15,COAST/SHORELINE
PEPSODENT,UNILEVER,PERSONAL CARE,PP,MULTI LAYER,1,KUPANG,EAST NUSA TENGGARA,2023-09-15,COAST/SHORELINE
NO BRAND,UNBRANDED,HOUSEHOLD PRODUCT,OTHERS,SINGLE LAYER,1,KUPANG,EAST NUSA TENGGARA,2023-09-15,COAST/SHORELINE
NO BRAND,UNBRANDED,OTHERS,OTHERS,UNSURE,1,KUPANG,EAST NUSA TENGGARA,2023-09-15,COAST/SHORELINE
NO BRAND,UNBRANDED,FOOD PACKAGING,PET,SINGLE LAYER,2,KUPANG,EAST NUSA TENGGARA,2023-09-15,COAST/SHORELINE
NO BRAND,UNBRANDED,OTHERS,OTHERS,UNSURE,1,KUPANG,EAST NUSA TENGGARA,2023-09-15,COAST/SHORELINE
NO BRAND,UNBRANDED,HOUSEHOLD PRODUCT,OTHERS,SINGLE LAYER,1,KUPANG,EAST NUSA TENGGARA,2023-09-15,COAST/SHORELINE
FANTA,THE COCA-COLA COMPANY,FOOD PACKAGING,PP,SINGLE LAYER,1,KUPANG,EAST NUSA TENGGARA,2023-09-15,COAST/SHORELINE
MELLY,LOCAL BRAND,PERSONAL CARE,OTHERS,SINGLE LAYER,1,KUPANG,EAST NUSA TENGGARA,2023-09-15,COAST/SHORELINE
NO BRAND,UNBRANDED,FOOD PACKAGING,LDPE,SINGLE LAYER,1,KUPANG,EAST NUSA TENGGARA,2023-09-15,COAST/SHORELINE
MARIE,RBC,FOOD PACKAGING,LDPE,MULTI LAYER,1,KUPANG,EAST NUSA TENGGARA,2023-09-15,COAST/SHORELINE
NO BRAND,UNBRANDED,PERSONAL CARE,OTHERS,MULTI LAYER,1,KUPANG,EAST NUSA TENGGARA,2023-09-15,COAST/SHORELINE
UBN BISCUIT,PT UNITED WARU BISCUIT,FOOD PACKAGING,LDPE,MULTI LAYER,1,KUPANG,EAST NUSA TENGGARA,2023-09-15,COAST/SHORELINE
MINERAL FLOW,LOCAL BRAND,FOOD PACKAGING,PET,SINGLE LAYER,1,KUPANG,EAST NUSA TENGGARA,2023-09-15,COAST/SHORELINE
NO BRAND,UNBRANDED,FOOD PACKAGING,LDPE,MULTI LAYER,1,KUPANG,EAST NUSA TENGGARA,2023-09-15,COAST/SHORELINE
OJOY,STARSUN KREASINDO INDUSTRY,FOOD PACKAGING,LDPE,MULTI LAYER,1,KUPANG,EAST NUSA TENGGARA,2023-09-15,COAST/SHORELINE
NO BRAND,UNBRANDED,FOOD PACKAGING,PET,SINGLE LAYER,4,KUPANG,EAST NUSA TENGGARA,2023-09-15,COAST/SHORELINE
AQUA,DANONE,FOOD PACKAGING,PET,SINGLE LAYER,8,KUPANG,EAST NUSA TENGGARA,2023-09-15,COAST/SHORELINE
NO BRAND,UNBRANDED,OTHERS,OTHERS,MULTI LAYER,4,KUPANG,EAST NUSA TENGGARA,2023-09-15,COAST/SHORELINE
NO BRAND,UNBRANDED,OTHERS,OTHERS,SINGLE LAYER,1,KUPANG,EAST NUSA TENGGARA,2023-09-15,COAST/SHORELINE
NO BRAND,UNBRANDED,FOOD PACKAGING,PET,SINGLE LAYER,27,KUPANG,EAST NUSA TENGGARA,2023-09-15,COAST/SHORELINE
GOOD DAY COFFE,PT SANTOS JAYA ABADI,FOOD PACKAGING,PET,SINGLE LAYER,1,KUPANG,EAST NUSA TENGGARA,2023-09-15,COAST/SHORELINE
GOOD DAY COFFE,PT SANTOS JAYA ABADI,FOOD PACKAGING,PP,SINGLE LAYER,1,KUPANG,EAST NUSA TENGGARA,2023-09-15,COAST/SHORELINE
GOOD DAY COFFE,PT SANTOS JAYA ABADI,FOOD PACKAGING,LDPE,SINGLE LAYER,1,KUPANG,EAST NUSA TENGGARA,2023-09-15,COAST/SHORELINE
KRIS,KRIS PLASTICS PRIVATE LTD.,PERSONAL CARE,PET,SINGLE LAYER,1,KUPANG,EAST NUSA TENGGARA,2023-09-15,COAST/SHORELINE
KRIS,KRIS PLASTICS PRIVATE LTD.,FOOD PACKAGING,PP,SINGLE LAYER,1,KUPANG,EAST NUSA TENGGARA,2023-09-15,COAST/SHORELINE
MIE GORENG JAWA CUP CUP,PT BRU,FOOD PACKAGING,LDPE,MULTI LAYER,1,KUPANG,EAST NUSA TENGGARA,2023-09-15,COAST/SHORELINE
SO NICE,SO GOOD,FOOD PACKAGING,PP,SINGLE LAYER,1,KUPANG,EAST NUSA TENGGARA,2023-09-15,COAST/SHORELINE
DILAN CHOCOLATE CRUNCHY,PT GARUDAFOOD PUTRA PUTRI JAYA TBK,FOOD PACKAGING,LDPE,MULTI LAYER,1,KUPANG,EAST NUSA TENGGARA,2023-09-15,COAST/SHORELINE
TIC TAC,FERRERO GROUP,FOOD PACKAGING,LDPE,MULTI LAYER,1,KUPANG,EAST NUSA TENGGARA,2023-09-15,COAST/SHORELINE
SUPERCO,KHONG GUAN,FOOD PACKAGING,LDPE,MULTI LAYER,1,KUPANG,EAST NUSA TENGGARA,2023-09-15,COAST/SHORELINE
ROTI BETA,LOCAL BRAND,FOOD PACKAGING,LDPE,SINGLE LAYER,4,KUPANG,EAST NUSA TENGGARA,2023-09-15,COAST/SHORELINE
PULPY,THE COCA-COLA COMPANY,FOOD PACKAGING,PET,SINGLE LAYER,7,KUPANG,EAST NUSA TENGGARA,2023-09-15,COAST/SHORELINE
PULPY,THE COCA-COLA COMPANY,FOOD PACKAGING,PP,SINGLE LAYER,2,KUPANG,EAST NUSA TENGGARA,2023-09-15,COAST/SHORELINE
KOPI TUGU BUAYA,PT INDRACO JAYA PERKASA GRESIK,FOOD PACKAGING,LDPE,MULTI LAYER,4,KUPANG,EAST NUSA TENGGARA,2023-09-15,COAST/SHORELINE
NO BRAND,UNBRANDED,FOOD PACKAGING,PP,SINGLE LAYER,7,KUPANG,EAST NUSA TENGGARA,2023-09-15,COAST/SHORELINE
MIZONE,DANONE,FOOD PACKAGING,PET,SINGLE LAYER,10,KUPANG,EAST NUSA TENGGARA,2023-09-15,COAST/SHORELINE
BUAVITA,UNILEVER,FOOD PACKAGING,OTHERS,MULTI LAYER,1,KUPANG,EAST NUSA TENGGARA,2023-09-15,COAST/SHORELINE
DANCOW,NESTLE,FOOD PACKAGING,LDPE,MULTI LAYER,2,KUPANG,EAST NUSA TENGGARA,2023-09-15,COAST/SHORELINE
MIE SEDAP,WINGS,FOOD PACKAGING,LDPE,MULTI LAYER,3,KUPANG,EAST NUSA TENGGARA,2023-09-15,COAST/SHORELINE
MIZONE,DANONE,FOOD PACKAGING,PP,SINGLE LAYER,2,KUPANG,EAST NUSA TENGGARA,2023-09-15,COAST/SHORELINE
SPRITE,THE COCA-COLA COMPANY,FOOD PACKAGING,PET,SINGLE LAYER,5,KUPANG,EAST NUSA TENGGARA,2023-09-15,COAST/SHORELINE
SPRITE,THE COCA-COLA COMPANY,FOOD PACKAGING,PP,SINGLE LAYER,4,KUPANG,EAST NUSA TENGGARA,2023-09-15,COAST/SHORELINE
FRESTEA,THE COCA-COLA COMPANY,FOOD PACKAGING,PET,SINGLE LAYER,3,KUPANG,EAST NUSA TENGGARA,2023-09-15,COAST/SHORELINE
FRESTEA,THE COCA-COLA COMPANY,FOOD PACKAGING,PET,SINGLE LAYER,2,KUPANG,EAST NUSA TENGGARA,2023-09-15,COAST/SHORELINE
OLI AHM MPX 1,ASTRA HONDA MOTOR (AHM),OTHERS,OTHERS,SINGLE LAYER,1,KUPANG,EAST NUSA TENGGARA,2023-09-15,COAST/SHORELINE
OLI AHM MPX 1,ASTRA HONDA MOTOR (AHM),OTHERS,PP,SINGLE LAYER,1,KUPANG,EAST NUSA TENGGARA,2023-09-15,COAST/SHORELINE
AQUA,DANONE,FOOD PACKAGING,PET,SINGLE LAYER,25,KUPANG,EAST NUSA TENGGARA,2023-09-15,COAST/SHORELINE
AQUA,DANONE,FOOD PACKAGING,PP,SINGLE LAYER,15,KUPANG,EAST NUSA TENGGARA,2023-09-15,COAST/SHORELINE
NO BRAND,UNBRANDED,OTHERS,OTHERS,MULTI LAYER,25,KUPANG,EAST NUSA TENGGARA,2023-09-15,COAST/SHORELINE
TEH PUCUK,MAYORA INDAH,FOOD PACKAGING,PET,SINGLE LAYER,12,KUPANG,EAST NUSA TENGGARA,2023-09-15,COAST/SHORELINE
TEH PUCUK,MAYORA INDAH,FOOD PACKAGING,PP,SINGLE LAYER,6,KUPANG,EAST NUSA TENGGARA,2023-09-15,COAST/SHORELINE
OLI PERTAMINA,PT PERTAMINA LUBRICANTS,OTHERS,OTHERS,SINGLE LAYER,1,KUPANG,EAST NUSA TENGGARA,2023-09-15,COAST/SHORELINE
SNACKIT MARSHMALLOW,PT DUTAMASINDO LABORA JAYA ,FOOD PACKAGING,LDPE,MULTI LAYER,1,KUPANG,EAST NUSA TENGGARA,2023-09-15,COAST/SHORELINE
HOT HOT,BRONSON PRIMA INDUSTRI,FOOD PACKAGING,LDPE,MULTI LAYER,1,KUPANG,EAST NUSA TENGGARA,2023-09-15,COAST/SHORELINE
NO BRAND,UNBRANDED,FOOD PACKAGING,PET,SINGLE LAYER,2,KUPANG,EAST NUSA TENGGARA,2023-09-15,COAST/SHORELINE
LAISQUA,LOCAL BRAND,FOOD PACKAGING,PET,SINGLE LAYER,2,KUPANG,EAST NUSA TENGGARA,2023-09-15,COAST/SHORELINE
CLUB,INDOFOOD,FOOD PACKAGING,PET,SINGLE LAYER,1,KUPANG,EAST NUSA TENGGARA,2023-09-15,COAST/SHORELINE
NABATI,NABATI GROUP.,FOOD PACKAGING,LDPE,MULTI LAYER,1,KUPANG,EAST NUSA TENGGARA,2023-09-15,COAST/SHORELINE
NO BRAND,UNBRANDED,FOOD PACKAGING,PET,SINGLE LAYER,2,KUPANG,EAST NUSA TENGGARA,2023-09-15,COAST/SHORELINE
NO BRAND,UNBRANDED,FOOD PACKAGING,PP,SINGLE LAYER,2,KUPANG,EAST NUSA TENGGARA,2023-09-15,COAST/SHORELINE
AICE,AICE,FOOD PACKAGING,LDPE,MULTI LAYER,1,KUPANG,EAST NUSA TENGGARA,2023-09-15,COAST/SHORELINE
SAMBAL TERASI,SEKAR LAUT,FOOD PACKAGING,LDPE,MULTI LAYER,1,KUPANG,EAST NUSA TENGGARA,2023-09-15,COAST/SHORELINE
POCARI SWEAT,OTSUKA,FOOD PACKAGING,PET,SINGLE LAYER,1,KUPANG,EAST NUSA TENGGARA,2023-09-15,COAST/SHORELINE
POCARI SWEAT,OTSUKA,FOOD PACKAGING,PP,SINGLE LAYER,1,KUPANG,EAST NUSA TENGGARA,2023-09-15,COAST/SHORELINE
NO BRAND,UNBRANDED,OTHERS,OTHERS,MULTI LAYER,32,KUPANG,EAST NUSA TENGGARA,2023-09-15,COAST/SHORELINE
VITA JELLY,ORANG TUA,FOOD PACKAGING,PET,SINGLE LAYER,1,KUPANG,EAST NUSA TENGGARA,2023-09-15,COAST/SHORELINE
AQUA,DANONE,FOOD PACKAGING,PET,SINGLE LAYER,25,KUPANG,EAST NUSA TENGGARA,2023-09-15,COAST/SHORELINE
AQUA,DANONE,FOOD PACKAGING,PP,SINGLE LAYER,14,KUPANG,EAST NUSA TENGGARA,2023-09-15,COAST/SHORELINE
MILKU,WINGS,FOOD PACKAGING,PET,SINGLE LAYER,1,KUPANG,EAST NUSA TENGGARA,2023-09-15,COAST/SHORELINE
MILKU,WINGS,FOOD PACKAGING,PET,SINGLE LAYER,1,KUPANG,EAST NUSA TENGGARA,2023-09-15,COAST/SHORELINE
ALE-ALE,WINGS,FOOD PACKAGING,PET,SINGLE LAYER,1,KUPANG,EAST NUSA TENGGARA,2023-09-15,COAST/SHORELINE
MIE GELAS,MAYORA INDAH,FOOD PACKAGING,LDPE,MULTI LAYER,1,KUPANG,EAST NUSA TENGGARA,2023-09-15,COAST/SHORELINE
BIMOLI,SALIM IVOMAS PRATAMA TBK.,FOOD PACKAGING,PET,SINGLE LAYER,1,KUPANG,EAST NUSA TENGGARA,2023-09-15,COAST/SHORELINE
FANTA,THE COCA-COLA COMPANY,FOOD PACKAGING,PET,SINGLE LAYER,1,KUPANG,EAST NUSA TENGGARA,2023-09-15,COAST/SHORELINE
ALE-ALE,WINGS,FOOD PACKAGING,PET,SINGLE LAYER,3,KUPANG,EAST NUSA TENGGARA,2023-09-15,COAST/SHORELINE
OELMAS,CV. INDONIAGA KAB. TTU,FOOD PACKAGING,PP,SINGLE LAYER,5,KUPANG,EAST NUSA TENGGARA,2023-09-15,COAST/SHORELINE
LAISQUA,LOCAL BRAND,FOOD PACKAGING,PP,SINGLE LAYER,3,KUPANG,EAST NUSA TENGGARA,2023-09-15,COAST/SHORELINE
MIZONE,DANONE,FOOD PACKAGING,PET,SINGLE LAYER,7,KUPANG,EAST NUSA TENGGARA,2023-09-15,COAST/SHORELINE
NO BRAND,UNBRANDED,FOOD PACKAGING,PET,SINGLE LAYER,21,KUPANG,EAST NUSA TENGGARA,2023-09-15,COAST/SHORELINE
AICE,AICE,FOOD PACKAGING,LDPE,MULTI LAYER,1,KUPANG,EAST NUSA TENGGARA,2023-09-15,COAST/SHORELINE
TEH RIO,WINGS,FOOD PACKAGING,PET,SINGLE LAYER,1,KUPANG,EAST NUSA TENGGARA,2023-09-15,COAST/SHORELINE
KIKO,PANDARIA MAKMUR (KIKO FACT),FOOD PACKAGING,PET,SINGLE LAYER,12,KUPANG,EAST NUSA TENGGARA,2023-09-15,COAST/SHORELINE
NO BRAND,UNBRANDED,FOOD PACKAGING,HDPE,SINGLE LAYER,11,KUPANG,EAST NUSA TENGGARA,2023-09-15,COAST/SHORELINE
NO BRAND,UNBRANDED,OTHERS,OTHERS,SINGLE LAYER,1,KUPANG,EAST NUSA TENGGARA,2023-09-15,COAST/SHORELINE
NO BRAND,UNBRANDED,FOOD PACKAGING,LDPE,MULTI LAYER,1,KUPANG,EAST NUSA TENGGARA,2023-09-15,COAST/SHORELINE
NO BRAND,UNBRANDED,FOOD PACKAGING,LDPE,MULTI LAYER,1,KUPANG,EAST NUSA TENGGARA,2023-09-15,COAST/SHORELINE
PUSAN SEREALFIT,PT PUSAN MANIS GULA,FOOD PACKAGING,LDPE,MULTI LAYER,1,KUPANG,EAST NUSA TENGGARA,2023-09-15,COAST/SHORELINE
AQUA,BRONSON PRIMA INDUSTRI,FOOD PACKAGING,PET,SINGLE LAYER,35,KUPANG,EAST NUSA TENGGARA,2023-09-15,COAST/SHORELINE
NO BRAND,UNBRANDED,FISHING GEAR,OTHERS,MULTI LAYER,35,KUPANG,EAST NUSA TENGGARA,2023-09-15,COAST/SHORELINE
AQUA,DANONE,FOOD PACKAGING,PET,SINGLE LAYER,7,KUPANG,EAST NUSA TENGGARA,2023-09-15,COAST/SHORELINE
FANTA,THE COCA-COLA COMPANY,FOOD PACKAGING,PET,SINGLE LAYER,5,KUPANG,EAST NUSA TENGGARA,2023-09-15,COAST/SHORELINE
MILKU,WINGS,FOOD PACKAGING,PET,SINGLE LAYER,2,KUPANG,EAST NUSA TENGGARA,2023-09-15,COAST/SHORELINE
FANTA,THE COCA-COLA COMPANY,FOOD PACKAGING,LDPE,MULTI LAYER,1,KUPANG,EAST NUSA TENGGARA,2023-09-15,COAST/SHORELINE
MILKU,WINGS,FOOD PACKAGING,LDPE,MULTI LAYER,2,KUPANG,EAST NUSA TENGGARA,2023-09-15,COAST/SHORELINE
ADEM SARI,SARI ENESIS INDAH,FOOD PACKAGING,PET,SINGLE LAYER,1,KUPANG,EAST NUSA TENGGARA,2023-09-15,COAST/SHORELINE
FLORIDINA,WINGS INDONESIA,FOOD PACKAGING,LDPE,MULTI LAYER,1,KUPANG,EAST NUSA TENGGARA,2023-09-15,COAST/SHORELINE
POCARI SWEAT,OTSUKA,FOOD PACKAGING,PET,SINGLE LAYER,2,KUPANG,EAST NUSA TENGGARA,2023-09-15,COAST/SHORELINE
POCARI SWEAT,OTSUKA,FOOD PACKAGING,PP,SINGLE LAYER,1,KUPANG,EAST NUSA TENGGARA,2023-09-15,COAST/SHORELINE
FLORIDINA,WINGS INDONESIA,FOOD PACKAGING,PET,SINGLE LAYER,4,KUPANG,EAST NUSA TENGGARA,2023-09-15,COAST/SHORELINE
FLORIDINA,WINGS INDONESIA,FOOD PACKAGING,PP,SINGLE LAYER,1,KUPANG,EAST NUSA TENGGARA,2023-09-15,COAST/SHORELINE
COCA COLA,THE COCA-COLA COMPANY,FOOD PACKAGING,HDPE,SINGLE LAYER,1,KUPANG,EAST NUSA TENGGARA,2023-09-15,COAST/SHORELINE
GOLDA COFFEE,WINGS,FOOD PACKAGING,PET,SINGLE LAYER,4,KUPANG,EAST NUSA TENGGARA,2023-09-15,COAST/SHORELINE
FRESTEA,THE COCA-COLA COMPANY,FOOD PACKAGING,PET,SINGLE LAYER,3,KUPANG,EAST NUSA TENGGARA,2023-09-15,COAST/SHORELINE
DANCOW,NESTLE,FOOD PACKAGING,LDPE,MULTI LAYER,2,KUPANG,EAST NUSA TENGGARA,2023-09-15,COAST/SHORELINE
GERY SALUT,GARUDA FOOD,FOOD PACKAGING,LDPE,MULTI LAYER,1,KUPANG,EAST NUSA TENGGARA,2023-09-15,COAST/SHORELINE
NO BRAND,UNBRANDED,FOOD PACKAGING,LDPE,MULTI LAYER,1,KUPANG,EAST NUSA TENGGARA,2023-09-15,COAST/SHORELINE
VITA JELLY,ORANG TUA,FOOD PACKAGING,PET,SINGLE LAYER,1,KUPANG,EAST NUSA TENGGARA,2023-09-15,COAST/SHORELINE
BONAFIDE,BONAFIDE WATER,FOOD PACKAGING,PET,SINGLE LAYER,10,KUPANG,EAST NUSA TENGGARA,2023-09-15,COAST/SHORELINE
AQUA,DANONE,FOOD PACKAGING,PET,SINGLE LAYER,38,KUPANG,EAST NUSA TENGGARA,2023-09-15,COAST/SHORELINE
NO BRAND,UNBRANDED,FISHING GEAR,OTHERS,MULTI LAYER,40,KUPANG,EAST NUSA TENGGARA,2023-09-15,COAST/SHORELINE
SAGA BOLD,LOCAL BRAND,SMOKING MATERIAL,OTHERS,MULTI LAYER,1,KUPANG,EAST NUSA TENGGARA,2023-09-15,COAST/SHORELINE
GUDANG GARAM,GUDANG GARAM TBK.,SMOKING MATERIAL,OTHERS,MULTI LAYER,2,KUPANG,EAST NUSA TENGGARA,2023-09-15,COAST/SHORELINE
AQUA,DANONE,FOOD PACKAGING,PET,SINGLE LAYER,41,KUPANG,EAST NUSA TENGGARA,2023-09-15,COAST/SHORELINE
NO BRAND,UNBRANDED,FISHING GEAR,OTHERS,MULTI LAYER,35,KUPANG,EAST NUSA TENGGARA,2023-09-15,COAST/SHORELINE
NO BRAND,UNBRANDED,FISHING GEAR,OTHERS,SINGLE LAYER,6,KUPANG,EAST NUSA TENGGARA,2023-09-15,COAST/SHORELINE
AQUA,DANONE,FOOD PACKAGING,HDPE,SINGLE LAYER,36,KUPANG,EAST NUSA TENGGARA,2023-09-15,COAST/SHORELINE
TEH PUCUK,MAYORA INDAH,FOOD PACKAGING,PET,SINGLE LAYER,23,KUPANG,EAST NUSA TENGGARA,2023-09-15,COAST/SHORELINE
TEH PUCUK,MAYORA INDAH,FOOD PACKAGING,HDPE,SINGLE LAYER,3,KUPANG,EAST NUSA TENGGARA,2023-09-15,COAST/SHORELINE
LE MINERALE,MAYORA INDAH,FOOD PACKAGING,PET,SINGLE LAYER,7,KUPANG,EAST NUSA TENGGARA,2023-09-15,COAST/SHORELINE
PULPY,THE COCA-COLA COMPANY,FOOD PACKAGING,PET,SINGLE LAYER,4,KUPANG,EAST NUSA TENGGARA,2023-09-15,COAST/SHORELINE
DANCOW,NESTLE,FOOD PACKAGING,OTHERS,MULTI LAYER,3,KUPANG,EAST NUSA TENGGARA,2023-09-15,COAST/SHORELINE
MASAKO,AJINOMOTO,FOOD PACKAGING,LDPE,MULTI LAYER,4,KUPANG,EAST NUSA TENGGARA,2023-09-15,COAST/SHORELINE
POP ICE,FORISA,FOOD PACKAGING,OTHERS,MULTI LAYER,2,KUPANG,EAST NUSA TENGGARA,2023-09-15,COAST/SHORELINE
LAISQUA,LOCAL BRAND,FOOD PACKAGING,PET,SINGLE LAYER,4,KUPANG,EAST NUSA TENGGARA,2023-09-15,COAST/SHORELINE
SCARLETT,PT MOTTO BERINGIN ABADI,PERSONAL CARE,OTHERS,SINGLE LAYER,1,KUPANG,EAST NUSA TENGGARA,2023-09-15,COAST/SHORELINE
CIMORY,MOUNTAIN DAIRY,FOOD PACKAGING,PET,MULTI LAYER,1,KUPANG,EAST NUSA TENGGARA,2023-09-15,COAST/SHORELINE
CHOCOLATOS,GARUDA FOOD,FOOD PACKAGING,LDPE,MULTI LAYER,5,KUPANG,EAST NUSA TENGGARA,2023-09-15,COAST/SHORELINE
KALPA,MAYORA INDAH,FOOD PACKAGING,LDPE,MULTI LAYER,2,KUPANG,EAST NUSA TENGGARA,2023-09-15,COAST/SHORELINE
MALKIST,PT MAYORA INDAH TBK,FOOD PACKAGING,LDPE,MULTI LAYER,2,KUPANG,EAST NUSA TENGGARA,2023-09-15,COAST/SHORELINE
ROTI BETA,LOCAL BRAND,FOOD PACKAGING,LDPE,MULTI LAYER,2,KUPANG,EAST NUSA TENGGARA,2023-09-15,COAST/SHORELINE
VERNUM,LOCAL BRAND,FOOD PACKAGING,PET,SINGLE LAYER,1,KUPANG,EAST NUSA TENGGARA,2023-09-15,COAST/SHORELINE
PASTI SEDAP (KNORR PROFFESIONAL),UNILEVER,FOOD PACKAGING,LDPE,MULTI LAYER,4,KUPANG,EAST NUSA TENGGARA,2023-09-15,COAST/SHORELINE
TOP COFFE,WINGS,FOOD PACKAGING,LDPE,MULTI LAYER,3,KUPANG,EAST NUSA TENGGARA,2023-09-15,COAST/SHORELINE
MAMA LIME,PT LION WINGS,FOOD PACKAGING,LDPE,MULTI LAYER,1,KUPANG,EAST NUSA TENGGARA,2023-09-15,COAST/SHORELINE
DOWNY,PROCTER & GAMBLE,PERSONAL CARE,LDPE,MULTI LAYER,1,KUPANG,EAST NUSA TENGGARA,2023-09-15,COAST/SHORELINE
MILKU,WINGS,FOOD PACKAGING,PET,SINGLE LAYER,1,KUPANG,EAST NUSA TENGGARA,2023-09-15,COAST/SHORELINE
LUX,UNILEVER,PERSONAL CARE,LDPE,MULTI LAYER,1,KUPANG,EAST NUSA TENGGARA,2023-09-15,COAST/SHORELINE
SAMBAL TERASI,SEKAR LAUT,FOOD PACKAGING,LDPE,MULTI LAYER,1,KUPANG,EAST NUSA TENGGARA,2023-09-15,COAST/SHORELINE
FRISIAN FLAG MILKY,FRISIAN FLAG,FOOD PACKAGING,PET,MULTI LAYER,1,KUPANG,EAST NUSA TENGGARA,2023-09-15,COAST/SHORELINE
KOPIKO,MAYORA INDAH,FOOD PACKAGING,LDPE,MULTI LAYER,2,KUPANG,EAST NUSA TENGGARA,2023-09-15,COAST/SHORELINE
ALPENLIBE,VAN MELLE,FOOD PACKAGING,LDPE,MULTI LAYER,2,KUPANG,EAST NUSA TENGGARA,2023-09-15,COAST/SHORELINE
ARROW BLACK,SIGARET KRETEK MESIN,SMOKING MATERIAL,OTHERS,MULTI LAYER,1,KUPANG,EAST NUSA TENGGARA,2023-09-15,COAST/SHORELINE
SURYA,GUDANG GARAM TBK.,SMOKING MATERIAL,OTHERS,MULTI LAYER,9,KUPANG,EAST NUSA TENGGARA,2023-09-15,COAST/SHORELINE
MENARA,LOCAL BRAND,SMOKING MATERIAL,OTHERS,MULTI LAYER,5,KUPANG,EAST NUSA TENGGARA,2023-09-15,COAST/SHORELINE
SCORPIO,LOCAL BRAND,SMOKING MATERIAL,OTHERS,MULTI LAYER,1,KUPANG,EAST NUSA TENGGARA,2023-09-15,COAST/SHORELINE
TROY,DJARUM,SMOKING MATERIAL,OTHERS,MULTI LAYER,1,KUPANG,EAST NUSA TENGGARA,2023-09-15,COAST/SHORELINE
GAJAH BARU,PT GUDANG BARU,SMOKING MATERIAL,OTHERS,MULTI LAYER,1,KUPANG,EAST NUSA TENGGARA,2023-09-15,COAST/SHORELINE
TEH RIO,WINGS,FOOD PACKAGING,PET,SINGLE LAYER,1,KUPANG,EAST NUSA TENGGARA,2023-09-15,COAST/SHORELINE
TEH RIO,WINGS,FOOD PACKAGING,LDPE,MULTI LAYER,1,KUPANG,EAST NUSA TENGGARA,2023-09-15,COAST/SHORELINE
PULPY,THE COCA-COLA COMPANY,FOOD PACKAGING,PET,SINGLE LAYER,5,KUPANG,EAST NUSA TENGGARA,2023-09-15,COAST/SHORELINE
POCARI SWEAT,OTSUKA,FOOD PACKAGING,PET,SINGLE LAYER,2,KUPANG,EAST NUSA TENGGARA,2023-09-15,COAST/SHORELINE
MIZONE,DANONE,FOOD PACKAGING,PET,SINGLE LAYER,1,KUPANG,EAST NUSA TENGGARA,2023-09-15,COAST/SHORELINE
AQUA,DANONE,FOOD PACKAGING,PP,SINGLE LAYER,1,KUPANG,EAST NUSA TENGGARA,2023-09-15,COAST/SHORELINE
SO KLIN,WINGS,HOUSEHOLD PRODUCT,PET,SINGLE LAYER,1,KUPANG,EAST NUSA TENGGARA,2023-09-15,COAST/SHORELINE
SO KLIN,WINGS,HOUSEHOLD PRODUCT,LDPE,SINGLE LAYER,1,KUPANG,EAST NUSA TENGGARA,2023-09-15,COAST/SHORELINE
SO KLIN,WINGS,HOUSEHOLD PRODUCT,PP,SINGLE LAYER,1,KUPANG,EAST NUSA TENGGARA,2023-09-15,COAST/SHORELINE
LE MINERALE,MAYORA INDAH,FOOD PACKAGING,PP,SINGLE LAYER,1,KUPANG,EAST NUSA TENGGARA,2023-09-15,COAST/SHORELINE
ALE-ALE,WINGS,FOOD PACKAGING,PET,SINGLE LAYER,1,KUPANG,EAST NUSA TENGGARA,2023-09-15,COAST/SHORELINE
VITA JELLY,ORANG TUA,FOOD PACKAGING,PET,SINGLE LAYER,1,KUPANG,EAST NUSA TENGGARA,2023-09-15,COAST/SHORELINE
KUKU BIMA,SIDO MUNCUL,FOOD PACKAGING,LDPE,MULTI LAYER,6,KUPANG,EAST NUSA TENGGARA,2023-09-15,COAST/SHORELINE
SEDAAP,WINGS,FOOD PACKAGING,LDPE,MULTI LAYER,14,KUPANG,EAST NUSA TENGGARA,2023-09-15,COAST/SHORELINE
AQUA,DANONE,FOOD PACKAGING,PET,SINGLE LAYER,36,KUPANG,EAST NUSA TENGGARA,2023-09-15,COAST/SHORELINE
TICTAC,DUA KELINCI,FOOD PACKAGING,LDPE,MULTI LAYER,1,KUPANG,EAST NUSA TENGGARA,2023-09-15,COAST/SHORELINE
MAMYPOKO,LG HOUSEHOLD & HEALTH CARE,PERSONAL CARE,LDPE,MULTI LAYER,22,KUPANG,EAST NUSA TENGGARA,2023-09-15,COAST/SHORELINE
TUGU BUAYA,INDRACO GLOBAL INDONESIA,FOOD PACKAGING,LDPE,SINGLE LAYER,2,KUPANG,EAST NUSA TENGGARA,2023-09-15,COAST/SHORELINE
ULTRA MILK,ULTRAJAYA,FOOD PACKAGING,OTHERS,MULTI LAYER,3,KUPANG,EAST NUSA TENGGARA,2023-09-15,COAST/SHORELINE
VITA JELLY,ORANG TUA,FOOD PACKAGING,PP,SINGLE LAYER,1,KUPANG,EAST NUSA TENGGARA,2023-09-15,COAST/SHORELINE
VITA JELLY,ORANG TUA,FOOD PACKAGING,LDPE,SINGLE LAYER,1,KUPANG,EAST NUSA TENGGARA,2023-09-15,COAST/SHORELINE
ALE-ALE,WINGS,FOOD PACKAGING,PP,SINGLE LAYER,7,KUPANG,EAST NUSA TENGGARA,2023-09-15,COAST/SHORELINE
NO BRAND,UNBRANDED,HOUSEHOLD PRODUCT,HDPE,SINGLE LAYER,15,KUPANG,EAST NUSA TENGGARA,2023-09-15,COAST/SHORELINE
ALE-ALE,WINGS,FOOD PACKAGING,PP,SINGLE LAYER,6,KUPANG,EAST NUSA TENGGARA,2023-09-15,COAST/SHORELINE
MENARA,LOCAL BRAND,SMOKING MATERIAL,OTHERS,MULTI LAYER,1,KUPANG,EAST NUSA TENGGARA,2023-09-15,COAST/SHORELINE
NO BRAND,UNBRANDED,SMOKING MATERIAL,OTHERS,MULTI LAYER,1,KUPANG,EAST NUSA TENGGARA,2023-09-15,COAST/SHORELINE
153,BATU KARANG INDONESIA,SMOKING MATERIAL,OTHERS,MULTI LAYER,1,KUPANG,EAST NUSA TENGGARA,2023-09-15,COAST/SHORELINE
SURYA,GUDANG GARAM TBK.,SMOKING MATERIAL,OTHERS,MULTI LAYER,2,KUPANG,EAST NUSA TENGGARA,2023-09-15,COAST/SHORELINE
AQUA,DANONE,FOOD PACKAGING,PET,SINGLE LAYER,18,KUPANG,EAST NUSA TENGGARA,2023-09-15,COAST/SHORELINE
NO BRAND,UNBRANDED,FISHING GEAR,OTHERS,SINGLE LAYER,10,KUPANG,EAST NUSA TENGGARA,2023-09-15,COAST/SHORELINE
AQUA,DANONE,FOOD PACKAGING,PET,SINGLE LAYER,8,KUPANG,EAST NUSA TENGGARA,2023-09-15,COAST/SHORELINE
FANTA,THE COCA-COLA COMPANY,FOOD PACKAGING,PET,SINGLE LAYER,1,KUPANG,EAST NUSA TENGGARA,2023-09-15,COAST/SHORELINE
NO BRAND,UNBRANDED,FOOD PACKAGING,OTHERS,SINGLE LAYER,1,KUPANG,EAST NUSA TENGGARA,2023-09-15,COAST/SHORELINE
FANTA,THE COCA-COLA COMPANY,FOOD PACKAGING,PP,SINGLE LAYER,1,KUPANG,EAST NUSA TENGGARA,2023-09-15,COAST/SHORELINE
MILKU,WINGS,FOOD PACKAGING,PET,SINGLE LAYER,1,KUPANG,EAST NUSA TENGGARA,2023-09-15,COAST/SHORELINE
SEDAAP,WINGS,FOOD PACKAGING,PET,MULTI LAYER,1,KUPANG,EAST NUSA TENGGARA,2023-09-15,COAST/SHORELINE
TEH PUCUK,MAYORA INDAH,FOOD PACKAGING,PET,SINGLE LAYER,1,KUPANG,EAST NUSA TENGGARA,2023-09-15,COAST/SHORELINE
MOGU MOGU,SAPPE,FOOD PACKAGING,LDPE,MULTI LAYER,1,KUPANG,EAST NUSA TENGGARA,2023-09-15,COAST/SHORELINE
NO BRAND,UNBRANDED,FOOD PACKAGING,LDPE,SINGLE LAYER,19,KUPANG,EAST NUSA TENGGARA,2023-09-15,COAST/SHORELINE
NO BRAND,UNBRANDED,OTHERS,PET,SINGLE LAYER,15,KUPANG,EAST NUSA TENGGARA,2023-09-15,COAST/SHORELINE
KIKO,PANDARIA MAKMUR (KIKO FACT),FOOD PACKAGING,PET,SINGLE LAYER,1,KUPANG,EAST NUSA TENGGARA,2023-09-15,COAST/SHORELINE
LAISQUA,LOCAL BRAND,FOOD PACKAGING,PET,SINGLE LAYER,1,KUPANG,EAST NUSA TENGGARA,2023-09-15,COAST/SHORELINE
LAISQUA,LOCAL BRAND,FOOD PACKAGING,LDPE,MULTI LAYER,1,KUPANG,EAST NUSA TENGGARA,2023-09-15,COAST/SHORELINE
MIZONE,DANONE,FOOD PACKAGING,PET,SINGLE LAYER,3,KUPANG,EAST NUSA TENGGARA,2023-09-15,COAST/SHORELINE
MILKU,WINGS,FOOD PACKAGING,PET,SINGLE LAYER,1,KUPANG,EAST NUSA TENGGARA,2023-09-15,COAST/SHORELINE
MOGU MOGU,SAPPE,FOOD PACKAGING,PET,SINGLE LAYER,1,KUPANG,EAST NUSA TENGGARA,2023-09-15,COAST/SHORELINE
NO BRAND,UNBRANDED,FOOD PACKAGING,PET,SINGLE LAYER,2,KUPANG,EAST NUSA TENGGARA,2023-09-15,COAST/SHORELINE
NO BRAND,UNBRANDED,FOOD PACKAGING,PET,SINGLE LAYER,1,KUPANG,EAST NUSA TENGGARA,2023-09-15,COAST/SHORELINE
INDOMIE,INDOFOOD,FOOD PACKAGING,LDPE,MULTI LAYER,1,KUPANG,EAST NUSA TENGGARA,2023-09-15,COAST/SHORELINE
NO BRAND,UNBRANDED,FISHING GEAR,OTHERS,MULTI LAYER,1,KUPANG,EAST NUSA TENGGARA,2023-09-15,COAST/SHORELINE
KIKO,PANDARIA MAKMUR (KIKO FACT),FOOD PACKAGING,LDPE,SINGLE LAYER,1,KUPANG,EAST NUSA TENGGARA,2023-09-15,COAST/SHORELINE
JASJUS,WINGS,FOOD PACKAGING,LDPE,MULTI LAYER,2,KUPANG,EAST NUSA TENGGARA,2023-09-15,COAST/SHORELINE
NO BRAND,UNBRANDED,PACKAGING MATERIAL,OTHERS,SINGLE LAYER,3,KUPANG,EAST NUSA TENGGARA,2023-09-15,COAST/SHORELINE
NO BRAND,UNBRANDED,FISHING GEAR,OTHERS,SINGLE LAYER,11,KUPANG,EAST NUSA TENGGARA,2023-09-15,COAST/SHORELINE
NO BRAND,UNBRANDED,FISHING GEAR,PS,MULTI LAYER,3,KUPANG,EAST NUSA TENGGARA,2023-09-15,COAST/SHORELINE
VERNUM,LOCAL BRAND,FOOD PACKAGING,PET,SINGLE LAYER,4,KUPANG,EAST NUSA TENGGARA,2023-09-15,COAST/SHORELINE
SAGA BOLD,LOCAL BRAND,SMOKING MATERIAL,OTHERS,MULTI LAYER,5,KUPANG,EAST NUSA TENGGARA,2023-09-15,COAST/SHORELINE
SAMPOERNA,PHILIP MORRIS INTERNATIONAL,SMOKING MATERIAL,OTHERS,MULTI LAYER,1,KUPANG,EAST NUSA TENGGARA,2023-09-15,COAST/SHORELINE
AQUA,DANONE,FOOD PACKAGING,PET,SINGLE LAYER,25,KUPANG,EAST NUSA TENGGARA,2023-09-15,COAST/SHORELINE
NO BRAND,UNBRANDED,FISHING GEAR,OTHERS,SINGLE LAYER,49,KUPANG,EAST NUSA TENGGARA,2023-09-15,COAST/SHORELINE
AQUA,DANONE,FOOD PACKAGING,PP,SINGLE LAYER,35,KUPANG,EAST NUSA TENGGARA,2023-09-15,COAST/SHORELINE
AQUA,DANONE,FOOD PACKAGING,PET,SINGLE LAYER,25,KUPANG,EAST NUSA TENGGARA,2023-09-15,COAST/SHORELINE
VITA JELLY,ORANG TUA,FOOD PACKAGING,PET,SINGLE LAYER,7,KUPANG,EAST NUSA TENGGARA,2023-09-15,COAST/SHORELINE
VITA JELLY,ORANG TUA,FOOD PACKAGING,LDPE,SINGLE LAYER,4,KUPANG,EAST NUSA TENGGARA,2023-09-15,COAST/SHORELINE
LAISQUA,LOCAL BRAND,FOOD PACKAGING,PET,SINGLE LAYER,5,KUPANG,EAST NUSA TENGGARA,2023-09-15,COAST/SHORELINE
LAISQUA,LOCAL BRAND,FOOD PACKAGING,LDPE,MULTI LAYER,3,KUPANG,EAST NUSA TENGGARA,2023-09-15,COAST/SHORELINE
OELMAS,CV. INDONIAGA KAB. TTU,FOOD PACKAGING,PET,SINGLE LAYER,6,KUPANG,EAST NUSA TENGGARA,2023-09-15,COAST/SHORELINE
OELMAS,CV. INDONIAGA KAB. TTU,FOOD PACKAGING,LDPE,MULTI LAYER,6,KUPANG,EAST NUSA TENGGARA,2023-09-15,COAST/SHORELINE
VERNUM,LOCAL BRAND,FOOD PACKAGING,PET,SINGLE LAYER,4,KUPANG,EAST NUSA TENGGARA,2023-09-15,COAST/SHORELINE
VERNUM,LOCAL BRAND,FOOD PACKAGING,LDPE,MULTI LAYER,2,KUPANG,EAST NUSA TENGGARA,2023-09-15,COAST/SHORELINE
ALE-ALE,WINGS,FOOD PACKAGING,PET,SINGLE LAYER,2,KUPANG,EAST NUSA TENGGARA,2023-09-15,COAST/SHORELINE
NO BRAND,UNBRANDED,FOOD PACKAGING,PET,SINGLE LAYER,1,KUPANG,EAST NUSA TENGGARA,2023-09-15,COAST/SHORELINE
NO BRAND,UNBRANDED,FOOD PACKAGING,LDPE,MULTI LAYER,1,KUPANG,EAST NUSA TENGGARA,2023-09-15,COAST/SHORELINE
BONAFIDE,BONAFIDE WATER,FOOD PACKAGING,PET,SINGLE LAYER,1,KUPANG,EAST NUSA TENGGARA,2023-09-15,COAST/SHORELINE
BONAFIDE,BONAFIDE WATER,FOOD PACKAGING,LDPE,MULTI LAYER,1,KUPANG,EAST NUSA TENGGARA,2023-09-15,COAST/SHORELINE
NO BRAND,UNBRANDED,FOOD PACKAGING,PET,SINGLE LAYER,1,KUPANG,EAST NUSA TENGGARA,2023-09-15,COAST/SHORELINE
SPRITE,THE COCA-COLA COMPANY,FOOD PACKAGING,PET,SINGLE LAYER,4,KUPANG,EAST NUSA TENGGARA,2023-09-15,COAST/SHORELINE
SPRITE,THE COCA-COLA COMPANY,FOOD PACKAGING,PP,SINGLE LAYER,4,KUPANG,EAST NUSA TENGGARA,2023-09-15,COAST/SHORELINE
COCO BIT,PT ANUGRAH INDOFOOD BAROKAH MAKMUR,FOOD PACKAGING,PP,SINGLE LAYER,1,KUPANG,EAST NUSA TENGGARA,2023-09-15,COAST/SHORELINE
LE MINERALE,MAYORA INDAH,FOOD PACKAGING,PET,SINGLE LAYER,2,KUPANG,EAST NUSA TENGGARA,2023-09-15,COAST/SHORELINE
LE MINERALE,MAYORA INDAH,FOOD PACKAGING,PP,SINGLE LAYER,2,KUPANG,EAST NUSA TENGGARA,2023-09-15,COAST/SHORELINE
KIKO,PANDARIA MAKMUR (KIKO FACT),FOOD PACKAGING,PET,SINGLE LAYER,1,KUPANG,EAST NUSA TENGGARA,2023-09-15,COAST/SHORELINE
CRYSTALLINE,ORANG TUA,FOOD PACKAGING,PET,SINGLE LAYER,2,KUPANG,EAST NUSA TENGGARA,2023-09-15,COAST/SHORELINE
CRYSTALLINE,ORANG TUA,FOOD PACKAGING,PP,SINGLE LAYER,2,KUPANG,EAST NUSA TENGGARA,2023-09-15,COAST/SHORELINE
CRYSTALLINE,ORANG TUA,FOOD PACKAGING,LDPE,MULTI LAYER,2,KUPANG,EAST NUSA TENGGARA,2023-09-15,COAST/SHORELINE
ROTI BETA,LOCAL BRAND,FOOD PACKAGING,LDPE,MULTI LAYER,7,KUPANG,EAST NUSA TENGGARA,2023-09-15,COAST/SHORELINE
SUPERSTAR,MAYORA INDAH,FOOD PACKAGING,LDPE,MULTI LAYER,1,KUPANG,EAST NUSA TENGGARA,2023-09-15,COAST/SHORELINE
NO BRAND,UNBRANDED,FOOD PACKAGING,LDPE,SINGLE LAYER,1,KUPANG,EAST NUSA TENGGARA,2023-09-15,COAST/SHORELINE
SURYA,GUDANG GARAM TBK.,SMOKING MATERIAL,OTHERS,MULTI LAYER,1,KUPANG,EAST NUSA TENGGARA,2023-09-15,COAST/SHORELINE
CHOCOLATOS,GARUDA FOOD,FOOD PACKAGING,LDPE,MULTI LAYER,2,KUPANG,EAST NUSA TENGGARA,2023-09-15,COAST/SHORELINE
SLAI O'LAI,MAYORA INDAH,FOOD PACKAGING,LDPE,MULTI LAYER,1,KUPANG,EAST NUSA TENGGARA,2023-09-15,COAST/SHORELINE
FRISIAN FLAG,FRIESLANDCAMPINA,FOOD PACKAGING,LDPE,MULTI LAYER,1,KUPANG,EAST NUSA TENGGARA,2023-09-15,COAST/SHORELINE
MAMYPOKO,LG HOUSEHOLD & HEALTH CARE,PERSONAL CARE,PS,MULTI LAYER,1,KUPANG,EAST NUSA TENGGARA,2023-09-15,COAST/SHORELINE
NO BRAND,UNBRANDED,OTHERS,LDPE,SINGLE LAYER,25,KUPANG,EAST NUSA TENGGARA,2023-09-15,COAST/SHORELINE
MIE SEDAP,WINGS,FOOD PACKAGING,LDPE,MULTI LAYER,2,KUPANG,EAST NUSA TENGGARA,2023-09-15,COAST/SHORELINE
NU GREEN TEA,ABC PRESIDENT,FOOD PACKAGING,PET,SINGLE LAYER,1,KUPANG,EAST NUSA TENGGARA,2023-09-15,COAST/SHORELINE
SEDAAP,WINGS,FOOD PACKAGING,PET,SINGLE LAYER,1,KUPANG,EAST NUSA TENGGARA,2023-09-15,COAST/SHORELINE
ALE-ALE,WINGS,FOOD PACKAGING,PET,SINGLE LAYER,5,KUPANG,EAST NUSA TENGGARA,2023-09-15,COAST/SHORELINE
SO KLIN,WINGS,HOUSEHOLD PRODUCT,HDPE,SINGLE LAYER,1,KUPANG,EAST NUSA TENGGARA,2023-09-15,COAST/SHORELINE
SO KLIN,WINGS,HOUSEHOLD PRODUCT,LDPE,MULTI LAYER,1,KUPANG,EAST NUSA TENGGARA,2023-09-15,COAST/SHORELINE
LISTERINE,JOHNSON & JOHNSON,HOUSEHOLD PRODUCT,PET,SINGLE LAYER,1,KUPANG,EAST NUSA TENGGARA,2023-09-15,COAST/SHORELINE
LISTERINE,JOHNSON & JOHNSON,HOUSEHOLD PRODUCT,PP,SINGLE LAYER,1,KUPANG,EAST NUSA TENGGARA,2023-09-15,COAST/SHORELINE
AQUA,DANONE,FOOD PACKAGING,PET,SINGLE LAYER,53,KUPANG,EAST NUSA TENGGARA,2023-09-15,COAST/SHORELINE
AQUA,DANONE,FOOD PACKAGING,PP,SINGLE LAYER,28,KUPANG,EAST NUSA TENGGARA,2023-09-15,COAST/SHORELINE
NO BRAND,UNBRANDED,FISHING GEAR,OTHERS,SINGLE LAYER,46,KUPANG,EAST NUSA TENGGARA,2023-09-15,COAST/SHORELINE
CLUB,INDOFOOD,FOOD PACKAGING,PET,SINGLE LAYER,2,KUPANG,EAST NUSA TENGGARA,2023-09-15,COAST/SHORELINE
CLUB,INDOFOOD,FOOD PACKAGING,LDPE,SINGLE LAYER,1,KUPANG,EAST NUSA TENGGARA,2023-09-15,COAST/SHORELINE
TEH PUCUK,MAYORA INDAH,FOOD PACKAGING,PP,SINGLE LAYER,3,KUPANG,EAST NUSA TENGGARA,2023-09-15,COAST/SHORELINE
TEH PUCUK,MAYORA INDAH,FOOD PACKAGING,PET,SINGLE LAYER,7,KUPANG,EAST NUSA TENGGARA,2023-09-15,COAST/SHORELINE
NO BRAND,UNBRANDED,FOOD PACKAGING,PET,SINGLE LAYER,7,KUPANG,EAST NUSA TENGGARA,2023-09-15,COAST/SHORELINE
NO BRAND,UNBRANDED,FOOD PACKAGING,PP,SINGLE LAYER,7,KUPANG,EAST NUSA TENGGARA,2023-09-15,COAST/SHORELINE
LE MINERALE,MAYORA INDAH,FOOD PACKAGING,PET,SINGLE LAYER,3,KUPANG,EAST NUSA TENGGARA,2023-09-15,COAST/SHORELINE
LE MINERALE,MAYORA INDAH,FOOD PACKAGING,PP,SINGLE LAYER,2,KUPANG,EAST NUSA TENGGARA,2023-09-15,COAST/SHORELINE
SPRITE,THE COCA-COLA COMPANY,FOOD PACKAGING,PET,SINGLE LAYER,1,KUPANG,EAST NUSA TENGGARA,2023-09-15,COAST/SHORELINE
COCA COLA,THE COCA-COLA COMPANY,FOOD PACKAGING,PET,SINGLE LAYER,1,KUPANG,EAST NUSA TENGGARA,2023-09-15,COAST/SHORELINE
FLORIDINA,WINGS INDONESIA,FOOD PACKAGING,PET,SINGLE LAYER,2,KUPANG,EAST NUSA TENGGARA,2023-09-15,COAST/SHORELINE
MILKU,WINGS,FOOD PACKAGING,LDPE,MULTI LAYER,1,KUPANG,EAST NUSA TENGGARA,2023-09-15,COAST/SHORELINE
AQUA,DANONE,FOOD PACKAGING,PET,SINGLE LAYER,26,KUPANG,EAST NUSA TENGGARA,2023-09-15,COAST/SHORELINE
AQUA,DANONE,FOOD PACKAGING,PP,SINGLE LAYER,27,KUPANG,EAST NUSA TENGGARA,2023-09-15,COAST/SHORELINE
AQUA,DANONE,FOOD PACKAGING,OTHERS,SINGLE LAYER,27,KUPANG,EAST NUSA TENGGARA,2023-09-15,COAST/SHORELINE
TEH PUCUK,MAYORA INDAH,FOOD PACKAGING,PET,SINGLE LAYER,7,KUPANG,EAST NUSA TENGGARA,2023-09-15,COAST/SHORELINE
TEH PUCUK,MAYORA INDAH,FOOD PACKAGING,PP,SINGLE LAYER,6,KUPANG,EAST NUSA TENGGARA,2023-09-15,COAST/SHORELINE
TEH PUCUK,MAYORA INDAH,FOOD PACKAGING,LDPE,MULTI LAYER,7,KUPANG,EAST NUSA TENGGARA,2023-09-15,COAST/SHORELINE
GOOD DAY COFFE,PT SANTOS JAYA ABADI,FOOD PACKAGING,PET,SINGLE LAYER,2,KUPANG,EAST NUSA TENGGARA,2023-09-15,COAST/SHORELINE
GOOD DAY COFFE,PT SANTOS JAYA ABADI,FOOD PACKAGING,PP,SINGLE LAYER,1,KUPANG,EAST NUSA TENGGARA,2023-09-15,COAST/SHORELINE
GOOD DAY COFFE,PT SANTOS JAYA ABADI,FOOD PACKAGING,LDPE,MULTI LAYER,1,KUPANG,EAST NUSA TENGGARA,2023-09-15,COAST/SHORELINE
ORANGE WATER,DJOJONEGORO C-1000,FOOD PACKAGING,PET,SINGLE LAYER,2,KUPANG,EAST NUSA TENGGARA,2023-09-15,COAST/SHORELINE
TEH PUCUK,MAYORA INDAH,FOOD PACKAGING,PET,SINGLE LAYER,7,KUPANG,EAST NUSA TENGGARA,2023-09-15,COAST/SHORELINE
TEH PUCUK,MAYORA INDAH,FOOD PACKAGING,PP,SINGLE LAYER,4,KUPANG,EAST NUSA TENGGARA,2023-09-15,COAST/SHORELINE
NO BRAND,UNBRANDED,FOOD PACKAGING,PET,SINGLE LAYER,13,KUPANG,EAST NUSA TENGGARA,2023-09-15,COAST/SHORELINE
PULPY,THE COCA-COLA COMPANY,FOOD PACKAGING,PET,SINGLE LAYER,3,KUPANG,EAST NUSA TENGGARA,2023-09-15,COAST/SHORELINE
VERNUM,LOCAL BRAND,FOOD PACKAGING,PET,SINGLE LAYER,3,KUPANG,EAST NUSA TENGGARA,2023-09-15,COAST/SHORELINE
VERNUM,LOCAL BRAND,FOOD PACKAGING,LDPE,MULTI LAYER,2,KUPANG,EAST NUSA TENGGARA,2023-09-15,COAST/SHORELINE
FANTA,THE COCA-COLA COMPANY,FOOD PACKAGING,PET,SINGLE LAYER,3,KUPANG,EAST NUSA TENGGARA,2023-09-15,COAST/SHORELINE
NO BRAND,UNBRANDED,FOOD PACKAGING,PP,SINGLE LAYER,1,KUPANG,EAST NUSA TENGGARA,2023-09-15,COAST/SHORELINE
VITA AER,UNKNOWN,FOOD PACKAGING,PET,SINGLE LAYER,50,JAYAPURA,PAPUA,2023-09-17,COAST/SHORELINE
VITA AER,UNKNOWN,FOOD PACKAGING,PET,SINGLE LAYER,28,JAYAPURA,PAPUA,2023-09-17,COAST/SHORELINE
UNKNOWN,UNBRANDED,FOOD PACKAGING,PP,SINGLE LAYER,180,JAYAPURA,PAPUA,2023-09-17,COAST/SHORELINE
QUALALA,PT.ALAM INDAH,FOOD PACKAGING,PET,SINGLE LAYER,50,JAYAPURA,PAPUA,2023-09-17,COAST/SHORELINE
QUALALA,PT.ALAM INDAH,FOOD PACKAGING,PET,SINGLE LAYER,50,JAYAPURA,PAPUA,2023-09-17,COAST/SHORELINE
QUALALA,PT.ALAM INDAH,FOOD PACKAGING,PET,SINGLE LAYER,3,JAYAPURA,PAPUA,2023-09-17,COAST/SHORELINE
QUALALA,PT.ALAM INDAH,FOOD PACKAGING,PET,SINGLE LAYER,12,JAYAPURA,PAPUA,2023-09-17,COAST/SHORELINE
QUALALA,PT.ALAM INDAH,FOOD PACKAGING,PET,SINGLE LAYER,154,JAYAPURA,PAPUA,2023-09-17,COAST/SHORELINE
QUALALA,PT.ALAM INDAH,FOOD PACKAGING,PET,SINGLE LAYER,139,JAYAPURA,PAPUA,2023-09-17,COAST/SHORELINE
QUALALA,PT.ALAM INDAH,FOOD PACKAGING,HDPE,SINGLE LAYER,24,JAYAPURA,PAPUA,2023-09-17,COAST/SHORELINE
QUALALA,PT.ALAM INDAH,FOOD PACKAGING,PP,SINGLE LAYER,224,JAYAPURA,PAPUA,2023-09-17,COAST/SHORELINE
ROBONGHOLO,PT. AM JAYAPURA ROBONGHOLO NANWANI,FOOD PACKAGING,PP,SINGLE LAYER,34,JAYAPURA,PAPUA,2023-09-17,COAST/SHORELINE
NANWANI,PT. AM JAYAPURA ROBONGHOLO NANWANI,FOOD PACKAGING,PET,SINGLE LAYER,3,JAYAPURA,PAPUA,2023-09-17,COAST/SHORELINE
NANWANI,PT. AM JAYAPURA ROBONGHOLO NANWANI,FOOD PACKAGING,PET,SINGLE LAYER,4,JAYAPURA,PAPUA,2023-09-17,COAST/SHORELINE
NANWANI,PT. AM JAYAPURA ROBONGHOLO NANWANI,FOOD PACKAGING,PET,SINGLE LAYER,2,JAYAPURA,PAPUA,2023-09-17,COAST/SHORELINE
ROBONGHOLO,PT. AM JAYAPURA ROBONGHOLO NANWANI,FOOD PACKAGING,PET,SINGLE LAYER,2,JAYAPURA,PAPUA,2023-09-17,COAST/SHORELINE
ROBONGHOLO,PT. AM JAYAPURA ROBONGHOLO NANWANI,FOOD PACKAGING,PET,SINGLE LAYER,2,JAYAPURA,PAPUA,2023-09-17,COAST/SHORELINE
ROBONGHOLO,PT. AM JAYAPURA ROBONGHOLO NANWANI,FOOD PACKAGING,PET,SINGLE LAYER,1,JAYAPURA,PAPUA,2023-09-17,COAST/SHORELINE
GOOD DAY,BRITANIA INDUSTRIES LTD.,FOOD PACKAGING,PET,SINGLE LAYER,32,JAYAPURA,PAPUA,2023-09-17,COAST/SHORELINE
TEH KOTAK,ULTRAJAYA,FOOD PACKAGING,OTHERS,MULTI LAYER,45,JAYAPURA,PAPUA,2023-09-17,COAST/SHORELINE
ULTRA MILK,ULTRAJAYA,FOOD PACKAGING,OTHERS,MULTI LAYER,26,JAYAPURA,PAPUA,2023-09-17,COAST/SHORELINE
BUAVITA,UNILEVER,FOOD PACKAGING,OTHERS,MULTI LAYER,5,JAYAPURA,PAPUA,2023-09-17,COAST/SHORELINE
AYUNA,UNKNOWN,FOOD PACKAGING,OTHERS,SINGLE LAYER,55,JAYAPURA,PAPUA,2023-09-17,COAST/SHORELINE
PAPUKUA,TIRTA AMARTA JAYA SENTOSA,FOOD PACKAGING,PET,SINGLE LAYER,26,JAYAPURA,PAPUA,2023-09-17,COAST/SHORELINE
AQUA,DANONE,FOOD PACKAGING,PET,SINGLE LAYER,7,JAYAPURA,PAPUA,2023-09-17,COAST/SHORELINE
CRYSTALLINE,ORANG TUA,FOOD PACKAGING,PET,SINGLE LAYER,4,JAYAPURA,PAPUA,2023-09-17,COAST/SHORELINE
PUROXA,DILATAMA KARYA (AMDK) PUROXA,FOOD PACKAGING,PET,SINGLE LAYER,24,JAYAPURA,PAPUA,2023-09-17,COAST/SHORELINE
CLEO,TANOBEL FOOD,FOOD PACKAGING,PP,SINGLE LAYER,3,JAYAPURA,PAPUA,2023-09-17,COAST/SHORELINE
UNKNOWN,UNBRANDED,FOOD PACKAGING,PP,SINGLE LAYER,60,JAYAPURA,PAPUA,2023-09-17,COAST/SHORELINE
SARI GANDUM,MAYORA INDAH,FOOD PACKAGING,PP,SINGLE LAYER,11,JAYAPURA,PAPUA,2023-09-17,COAST/SHORELINE
TEH CUP,ORANG TUA,FOOD PACKAGING,PP,SINGLE LAYER,18,JAYAPURA,PAPUA,2023-09-17,COAST/SHORELINE
ALE-ALE,WINGS,FOOD PACKAGING,PP,SINGLE LAYER,5,JAYAPURA,PAPUA,2023-09-17,COAST/SHORELINE
OKKY JELLY DRINK,TUDUNG GROUP,FOOD PACKAGING,PP,SINGLE LAYER,9,JAYAPURA,PAPUA,2023-09-17,COAST/SHORELINE
FRUITAMIN,INDOFOOD,FOOD PACKAGING,PP,SINGLE LAYER,2,JAYAPURA,PAPUA,2023-09-17,COAST/SHORELINE
VITAER,UNKNOWN,FOOD PACKAGING,PP,SINGLE LAYER,29,JAYAPURA,PAPUA,2023-09-17,COAST/SHORELINE
UNKNOWN,UNBRANDED,FOOD PACKAGING,PP,SINGLE LAYER,20,JAYAPURA,PAPUA,2023-09-17,COAST/SHORELINE
UNKNOWN,UNBRANDED,HOUSEHOLD PRODUCT,HDPE,SINGLE LAYER,62,JAYAPURA,PAPUA,2023-09-17,COAST/SHORELINE
UNKNOWN,UNBRANDED,FOOD PACKAGING,PP,MULTI LAYER,60,JAYAPURA,PAPUA,2023-09-17,COAST/SHORELINE
UNKNOWN,UNBRANDED,FOOD PACKAGING,HDPE,SINGLE LAYER,10,JAYAPURA,PAPUA,2023-09-17,COAST/SHORELINE
UNKNOWN,UNBRANDED,FOOD PACKAGING,OTHERS,SINGLE LAYER,25,JAYAPURA,PAPUA,2023-09-17,COAST/SHORELINE
UNKNOWN,UNBRANDED,PERSONAL CARE,OTHERS,MULTI LAYER,1,JAYAPURA,PAPUA,2023-09-17,COAST/SHORELINE
UNKNOWN,UNBRANDED,FOOD PACKAGING,PET,SINGLE LAYER,30,JAYAPURA,PAPUA,2023-09-17,COAST/SHORELINE
ES KIKO,TANDARIA MAKMUR,FOOD PACKAGING,PET,SINGLE LAYER,9,JAYAPURA,PAPUA,2023-09-17,COAST/SHORELINE
UNKNOWN,UNBRANDED,OTHERS,PET,SINGLE LAYER,1,JAYAPURA,PAPUA,2023-09-17,COAST/SHORELINE
UNKNOWN,UNBRANDED,OTHERS,OTHERS,SINGLE LAYER,1,JAYAPURA,PAPUA,2023-09-17,COAST/SHORELINE
TEH PUCUK,MAYORA INDAH,FOOD PACKAGING,PET,SINGLE LAYER,14,JAYAPURA,PAPUA,2023-09-17,COAST/SHORELINE
FRESTEA,THE COCA-COLA COMPANY,FOOD PACKAGING,PET,SINGLE LAYER,9,JAYAPURA,PAPUA,2023-09-17,COAST/SHORELINE
FRESTEA,THE COCA-COLA COMPANY,FOOD PACKAGING,PET,SINGLE LAYER,5,JAYAPURA,PAPUA,2023-09-17,COAST/SHORELINE
FRESTEA,THE COCA-COLA COMPANY,FOOD PACKAGING,PET,SINGLE LAYER,4,JAYAPURA,PAPUA,2023-09-17,COAST/SHORELINE
BIMOLI,SALIM IVOMAS PRATAMA TBK.,FOOD PACKAGING,PET,SINGLE LAYER,1,JAYAPURA,PAPUA,2023-09-17,COAST/SHORELINE
SPRITE,THE COCA-COLA COMPANY,FOOD PACKAGING,PET,SINGLE LAYER,1,JAYAPURA,PAPUA,2023-09-17,COAST/SHORELINE
QUAHA,UNKNOWN,FOOD PACKAGING,PET,SINGLE LAYER,12,JAYAPURA,PAPUA,2023-09-17,COAST/SHORELINE
SPRITE,THE COCA-COLA COMPANY,FOOD PACKAGING,PET,SINGLE LAYER,6,JAYAPURA,PAPUA,2023-09-17,COAST/SHORELINE
SPRITE,THE COCA-COLA COMPANY,FOOD PACKAGING,PET,SINGLE LAYER,3,JAYAPURA,PAPUA,2023-09-17,COAST/SHORELINE
SPRITE,THE COCA-COLA COMPANY,FOOD PACKAGING,PET,SINGLE LAYER,4,JAYAPURA,PAPUA,2023-09-17,COAST/SHORELINE
BIMOLI,SALIM IVOMAS PRATAMA TBK.,FOOD PACKAGING,PET,SINGLE LAYER,5,JAYAPURA,PAPUA,2023-09-17,COAST/SHORELINE
LE MINERALE,MAYORA INDAH,FOOD PACKAGING,PS,SINGLE LAYER,12,JAYAPURA,PAPUA,2023-09-17,COAST/SHORELINE
POCARI SWEAT,OTSUKA,FOOD PACKAGING,PET,SINGLE LAYER,6,JAYAPURA,PAPUA,2023-09-17,COAST/SHORELINE
POCARI SWEAT,OTSUKA,FOOD PACKAGING,PET,SINGLE LAYER,6,JAYAPURA,PAPUA,2023-09-17,COAST/SHORELINE
COCA-COLA,THE COCA-COLA COMPANY,FOOD PACKAGING,PET,SINGLE LAYER,3,JAYAPURA,PAPUA,2023-09-17,COAST/SHORELINE
COCA-COLA,THE COCA-COLA COMPANY,FOOD PACKAGING,PET,SINGLE LAYER,4,JAYAPURA,PAPUA,2023-09-17,COAST/SHORELINE
COCA-COLA,THE COCA-COLA COMPANY,FOOD PACKAGING,PET,SINGLE LAYER,18,JAYAPURA,PAPUA,2023-09-17,COAST/SHORELINE
FANTA,THE COCA-COLA COMPANY,FOOD PACKAGING,PET,SINGLE LAYER,4,JAYAPURA,PAPUA,2023-09-17,COAST/SHORELINE
LE MINERALE,MAYORA INDAH,FOOD PACKAGING,PS,SINGLE LAYER,7,JAYAPURA,PAPUA,2023-09-17,COAST/SHORELINE
TEH PUCUK,MAYORA INDAH,FOOD PACKAGING,PET,SINGLE LAYER,15,JAYAPURA,PAPUA,2023-09-17,COAST/SHORELINE
AQUA,DANONE,FOOD PACKAGING,PET,SINGLE LAYER,7,JAYAPURA,PAPUA,2023-09-17,COAST/SHORELINE
FANTA,THE COCA-COLA COMPANY,FOOD PACKAGING,PET,SINGLE LAYER,1,JAYAPURA,PAPUA,2023-09-17,COAST/SHORELINE
TEH PUCUK,MAYORA INDAH,FOOD PACKAGING,PET,SINGLE LAYER,362,JAYAPURA,PAPUA,2023-09-17,COAST/SHORELINE
AQUA,DANONE,FOOD PACKAGING,PET,SINGLE LAYER,126,JAYAPURA,PAPUA,2023-09-17,COAST/SHORELINE
AQUA,DANONE,FOOD PACKAGING,PET,SINGLE LAYER,101,JAYAPURA,PAPUA,2023-09-17,COAST/SHORELINE
TEH PUCUK,MAYORA INDAH,FOOD PACKAGING,PET,SINGLE LAYER,247,JAYAPURA,PAPUA,2023-09-17,COAST/SHORELINE
VITA AER,UNKNOWN,FOOD PACKAGING,PET,SINGLE LAYER,60,JAYAPURA,PAPUA,2023-09-17,COAST/SHORELINE
VITA AER,UNKNOWN,FOOD PACKAGING,PET,SINGLE LAYER,61,JAYAPURA,PAPUA,2023-09-17,COAST/SHORELINE
LE MINERALE,MAYORA INDAH,FOOD PACKAGING,PET,SINGLE LAYER,79,JAYAPURA,PAPUA,2023-09-17,COAST/SHORELINE
LE MINERALE,MAYORA INDAH,FOOD PACKAGING,PET,SINGLE LAYER,34,JAYAPURA,PAPUA,2023-09-17,COAST/SHORELINE
PUROXA,DILATAMA KARYA (AMDK) PUROXA,FOOD PACKAGING,PET,SINGLE LAYER,8,JAYAPURA,PAPUA,2023-09-17,COAST/SHORELINE
PUROXA,DILATAMA KARYA (AMDK) PUROXA,FOOD PACKAGING,PET,SINGLE LAYER,8,JAYAPURA,PAPUA,2023-09-17,COAST/SHORELINE
GRESH,UNKNOWN,FOOD PACKAGING,PET,SINGLE LAYER,39,JAYAPURA,PAPUA,2023-09-17,COAST/SHORELINE
GRESH,UNKNOWN,FOOD PACKAGING,PET,SINGLE LAYER,38,JAYAPURA,PAPUA,2023-09-17,COAST/SHORELINE
AQUA,DANONE,FOOD PACKAGING,PET,SINGLE LAYER,50,JAYAPURA,PAPUA,2023-09-17,COAST/SHORELINE
FLORIDINA,WINGS INDONESIA,FOOD PACKAGING,PET,SINGLE LAYER,23,JAYAPURA,PAPUA,2023-09-17,COAST/SHORELINE
GRESH,UNKNOWN,FOOD PACKAGING,PET,SINGLE LAYER,3,JAYAPURA,PAPUA,2023-09-17,COAST/SHORELINE
FLORIDINA,WINGS INDONESIA,FOOD PACKAGING,PET,SINGLE LAYER,23,JAYAPURA,PAPUA,2023-09-17,COAST/SHORELINE
GOOD DAY,BRITANIA INDUSTRIES LTD.,FOOD PACKAGING,PET,SINGLE LAYER,32,JAYAPURA,PAPUA,2023-09-17,COAST/SHORELINE
UNKNOWN,UNBRANDED,OTHERS,OTHERS,SINGLE LAYER,1,JAYAPURA,PAPUA,2023-09-17,COAST/SHORELINE
COCOBITE,INDOFOOD,FOOD PACKAGING,PET,SINGLE LAYER,2,JAYAPURA,PAPUA,2023-09-17,COAST/SHORELINE
COCOBITE,INDOFOOD,FOOD PACKAGING,PET,SINGLE LAYER,2,JAYAPURA,PAPUA,2023-09-17,COAST/SHORELINE
VITA AER,UNKNOWN,FOOD PACKAGING,PET,SINGLE LAYER,5,JAYAPURA,PAPUA,2023-09-17,COAST/SHORELINE
NU,ABC PRESIDENT INDONESIA,FOOD PACKAGING,PET,SINGLE LAYER,4,JAYAPURA,PAPUA,2023-09-17,COAST/SHORELINE
NU,ABC PRESIDENT INDONESIA,FOOD PACKAGING,PET,SINGLE LAYER,4,JAYAPURA,PAPUA,2023-09-17,COAST/SHORELINE
UNKNOWN,UNBRANDED,FOOD PACKAGING,PET,SINGLE LAYER,3,JAYAPURA,PAPUA,2023-09-17,COAST/SHORELINE
PUROXA,DILATAMA KARYA (AMDK) PUROXA,FOOD PACKAGING,PET,SINGLE LAYER,1,JAYAPURA,PAPUA,2023-09-17,COAST/SHORELINE
PUROXA,DILATAMA KARYA (AMDK) PUROXA,FOOD PACKAGING,PET,SINGLE LAYER,1,JAYAPURA,PAPUA,2023-09-17,COAST/SHORELINE
ICHITAN,ICHITAN GROUP,FOOD PACKAGING,PET,SINGLE LAYER,9,JAYAPURA,PAPUA,2023-09-17,COAST/SHORELINE
NU,ABC PRESIDENT INDONESIA,FOOD PACKAGING,PET,SINGLE LAYER,1,JAYAPURA,PAPUA,2023-09-17,COAST/SHORELINE
POCARI SWEAT,OTSUKA,FOOD PACKAGING,PET,SINGLE LAYER,6,JAYAPURA,PAPUA,2023-09-17,COAST/SHORELINE
UNKNOWN,UNBRANDED,FOOD PACKAGING,PP,SINGLE LAYER,1,JAYAPURA,PAPUA,2023-09-17,COAST/SHORELINE
MINUTE MAID,COCA COLA LIMITED,FOOD PACKAGING,PET,SINGLE LAYER,3,JAYAPURA,PAPUA,2023-09-17,COAST/SHORELINE
MINUTE MAID,COCA COLA LIMITED,FOOD PACKAGING,PET,SINGLE LAYER,3,JAYAPURA,PAPUA,2023-09-17,COAST/SHORELINE
NESTLE,NESTLE,FOOD PACKAGING,PET,SINGLE LAYER,3,JAYAPURA,PAPUA,2023-09-17,COAST/SHORELINE
NESTLE,NESTLE,FOOD PACKAGING,PET,SINGLE LAYER,2,JAYAPURA,PAPUA,2023-09-17,COAST/SHORELINE
MILKU,WINGS,FOOD PACKAGING,PET,SINGLE LAYER,5,JAYAPURA,PAPUA,2023-09-17,COAST/SHORELINE
MIZONE,DANONE,FOOD PACKAGING,PET,SINGLE LAYER,2,JAYAPURA,PAPUA,2023-09-17,COAST/SHORELINE
FANTA,THE COCA-COLA COMPANY,FOOD PACKAGING,PET,SINGLE LAYER,1,JAYAPURA,PAPUA,2023-09-17,COAST/SHORELINE
WALLS,UNILEVER,FOOD PACKAGING,PP,SINGLE LAYER,1,JAYAPURA,PAPUA,2023-09-17,COAST/SHORELINE
AICE,AICE,FOOD PACKAGING,PP,SINGLE LAYER,1,JAYAPURA,PAPUA,2023-09-17,COAST/SHORELINE
INDOMILK,INDOFOOD,FOOD PACKAGING,HDPE,SINGLE LAYER,3,JAYAPURA,PAPUA,2023-09-17,COAST/SHORELINE
NESTLE,NESTLE,FOOD PACKAGING,PET,SINGLE LAYER,5,JAYAPURA,PAPUA,2023-09-17,COAST/SHORELINE
NESTLE,NESTLE,FOOD PACKAGING,PET,SINGLE LAYER,3,JAYAPURA,PAPUA,2023-09-17,COAST/SHORELINE
PORORO,PALDO CO,FOOD PACKAGING,PET,SINGLE LAYER,2,JAYAPURA,PAPUA,2023-09-17,COAST/SHORELINE
UNKNOWN,UNBRANDED,FOOD PACKAGING,PET,SINGLE LAYER,136,JAYAPURA,PAPUA,2023-09-17,COAST/SHORELINE
ABC,SANTOS JAYA ABADI,FOOD PACKAGING,PET,SINGLE LAYER,1,JAYAPURA,PAPUA,2023-09-17,COAST/SHORELINE
SO NICE,SO GOOD,FOOD PACKAGING,PP,SINGLE LAYER,2,JAYAPURA,PAPUA,2023-09-17,COAST/SHORELINE
UNKNOWN,UNBRANDED,FOOD PACKAGING,HDPE,SINGLE LAYER,1,JAYAPURA,PAPUA,2023-09-17,COAST/SHORELINE
LE MINERALE,MAYORA INDAH,FOOD PACKAGING,PET,SINGLE LAYER,1,JAYAPURA,PAPUA,2023-09-17,COAST/SHORELINE
LE MINERALE,MAYORA INDAH,FOOD PACKAGING,PET,SINGLE LAYER,1,JAYAPURA,PAPUA,2023-09-17,COAST/SHORELINE
LE MINERALE,MAYORA INDAH,FOOD PACKAGING,PP,SINGLE LAYER,1,JAYAPURA,PAPUA,2023-09-17,COAST/SHORELINE
POCARI SWEAT,OTSUKA,FOOD PACKAGING,PP,SINGLE LAYER,12,JAYAPURA,PAPUA,2023-09-17,COAST/SHORELINE
AQUA,DANONE,FOOD PACKAGING,PP,SINGLE LAYER,281,JAYAPURA,PAPUA,2023-09-17,COAST/SHORELINE
LE MINERALE,MAYORA INDAH,FOOD PACKAGING,PP,SINGLE LAYER,85,JAYAPURA,PAPUA,2023-09-17,COAST/SHORELINE
UNKNOWN,UNBRANDED,FOOD PACKAGING,PP,SINGLE LAYER,9,JAYAPURA,PAPUA,2023-09-17,COAST/SHORELINE
TEH PUCUK,MAYORA INDAH,FOOD PACKAGING,PP,SINGLE LAYER,185,JAYAPURA,PAPUA,2023-09-17,COAST/SHORELINE
GOOD DAY,BRITANIA INDUSTRIES LTD.,FOOD PACKAGING,PP,SINGLE LAYER,31,JAYAPURA,PAPUA,2023-09-17,COAST/SHORELINE
ICHITAN,ICHITAN GROUP,FOOD PACKAGING,PP,SINGLE LAYER,8,JAYAPURA,PAPUA,2023-09-17,COAST/SHORELINE
FLORIDINA,WINGS INDONESIA,FOOD PACKAGING,PP,SINGLE LAYER,6,JAYAPURA,PAPUA,2023-09-17,COAST/SHORELINE
PULPY,THE COCA-COLA COMPANY,FOOD PACKAGING,PP,SINGLE LAYER,4,JAYAPURA,PAPUA,2023-09-17,COAST/SHORELINE
COCA-COLA,THE COCA-COLA COMPANY,FOOD PACKAGING,PP,SINGLE LAYER,56,JAYAPURA,PAPUA,2023-09-17,COAST/SHORELINE
PRIMA,IMPERIAL BRANDS,FOOD PACKAGING,PP,SINGLE LAYER,1,JAYAPURA,PAPUA,2023-09-17,COAST/SHORELINE
YUASA,YUASA BATTERY INDONESIA,OTHERS,PP,SINGLE LAYER,1,JAYAPURA,PAPUA,2023-09-17,COAST/SHORELINE
FRUIT TEA,SINAR SOSRO,FOOD PACKAGING,PP,SINGLE LAYER,3,JAYAPURA,PAPUA,2023-09-17,COAST/SHORELINE
BAYCLIN,PT. JOHNSON HOME HYGIENE PRODUCTS,PERSONAL CARE,PP,SINGLE LAYER,8,JAYAPURA,PAPUA,2023-09-17,COAST/SHORELINE
UNKNOWN,UNBRANDED,FOOD PACKAGING,PP,SINGLE LAYER,91,JAYAPURA,PAPUA,2023-09-17,COAST/SHORELINE
PERTAMINA,PT PERTAMINA (PERSERO),OTHERS,PP,SINGLE LAYER,14,JAYAPURA,PAPUA,2023-09-17,COAST/SHORELINE
SO NICE,SO GOOD,FOOD PACKAGING,PP,SINGLE LAYER,1,JAYAPURA,PAPUA,2023-09-17,COAST/SHORELINE
BKP,PT BINA KARYA PRIMA,FOOD PACKAGING,PP,SINGLE LAYER,3,JAYAPURA,PAPUA,2023-09-17,COAST/SHORELINE
UNKNOWN,UNBRANDED,PERSONAL CARE,PP,SINGLE LAYER,83,JAYAPURA,PAPUA,2023-09-17,COAST/SHORELINE
SUNLIGHT,UNILEVER,PERSONAL CARE,PP,SINGLE LAYER,1,JAYAPURA,PAPUA,2023-09-17,COAST/SHORELINE
ABC,SANTOS JAYA ABADI,FOOD PACKAGING,PP,SINGLE LAYER,1,JAYAPURA,PAPUA,2023-09-17,COAST/SHORELINE
UNKNOWN,UNBRANDED,FOOD PACKAGING,PP,SINGLE LAYER,1,JAYAPURA,PAPUA,2023-09-17,COAST/SHORELINE
WISDOM,UNKNOWN,FOOD PACKAGING,PP,SINGLE LAYER,1,JAYAPURA,PAPUA,2023-09-17,COAST/SHORELINE
UNKNOWN,UNBRANDED,FOOD PACKAGING,PP,SINGLE LAYER,1,JAYAPURA,PAPUA,2023-09-17,COAST/SHORELINE
MILKU,WINGS,FOOD PACKAGING,PP,SINGLE LAYER,2,JAYAPURA,PAPUA,2023-09-17,COAST/SHORELINE
KONIMEX,KONIMEX PHARMACEUTICAL LABORATORIES,FOOD PACKAGING,PP,SINGLE LAYER,1,JAYAPURA,PAPUA,2023-09-17,COAST/SHORELINE
VITAIR,UNKNOWN,FOOD PACKAGING,PP,SINGLE LAYER,22,JAYAPURA,PAPUA,2023-09-17,COAST/SHORELINE
BIMOLI,SALIM IVOMAS PRATAMA TBK.,FOOD PACKAGING,PP,SINGLE LAYER,2,JAYAPURA,PAPUA,2023-09-17,COAST/SHORELINE
LE MINERALE,MAYORA INDAH,FOOD PACKAGING,PET,SINGLE LAYER,1,KENDARI,SOUTHEAST SULAWESI,2023-09-17,COAST/SHORELINE
LE MINERALE,MAYORA INDAH,FOOD PACKAGING,PET,SINGLE LAYER,1,KENDARI,SOUTHEAST SULAWESI,2023-09-17,COAST/SHORELINE
LE MINERALE,MAYORA INDAH,FOOD PACKAGING,PET,SINGLE LAYER,1,KENDARI,SOUTHEAST SULAWESI,2023-09-17,COAST/SHORELINE
CLEO,TANOBEL FOOD,FOOD PACKAGING,PET,SINGLE LAYER,8,KENDARI,SOUTHEAST SULAWESI,2023-09-17,COAST/SHORELINE
CLEO,TANOBEL FOOD,FOOD PACKAGING,PET,SINGLE LAYER,14,KENDARI,SOUTHEAST SULAWESI,2023-09-17,COAST/SHORELINE
CLEO,TANOBEL FOOD,FOOD PACKAGING,PET,SINGLE LAYER,3,KENDARI,SOUTHEAST SULAWESI,2023-09-17,COAST/SHORELINE
MAXI,CV MITRA INTI JAYA,FOOD PACKAGING,PP,SINGLE LAYER,1,KENDARI,SOUTHEAST SULAWESI,2023-09-17,COAST/SHORELINE
POP MIE,INDOFOOD,FOOD PACKAGING,PS,SINGLE LAYER,1,KENDARI,SOUTHEAST SULAWESI,2023-09-17,COAST/SHORELINE
AQUA,DANONE,FOOD PACKAGING,PET,SINGLE LAYER,3,KENDARI,SOUTHEAST SULAWESI,2023-09-17,COAST/SHORELINE
AQUA,DANONE,FOOD PACKAGING,PP,SINGLE LAYER,3,KENDARI,SOUTHEAST SULAWESI,2023-09-17,COAST/SHORELINE
UNKNOWN,UNBRANDED,FOOD PACKAGING,PP,SINGLE LAYER,8,KENDARI,SOUTHEAST SULAWESI,2023-09-17,COAST/SHORELINE
MAXI,CV MITRA INTI JAYA,FOOD PACKAGING,PP,SINGLE LAYER,15,KENDARI,SOUTHEAST SULAWESI,2023-09-17,COAST/SHORELINE
CLEO,TANOBEL FOOD,FOOD PACKAGING,PET,SINGLE LAYER,11,KENDARI,SOUTHEAST SULAWESI,2023-09-17,COAST/SHORELINE
CLEO,TANOBEL FOOD,FOOD PACKAGING,PP,SINGLE LAYER,11,KENDARI,SOUTHEAST SULAWESI,2023-09-17,COAST/SHORELINE
FRISIAN FLAG,FRIESLANDCAMPINA,FOOD PACKAGING,PP,SINGLE LAYER,1,KENDARI,SOUTHEAST SULAWESI,2023-09-17,COAST/SHORELINE
SO KLIN,WINGS,HOUSEHOLD PRODUCT,HDPE,SINGLE LAYER,2,KENDARI,SOUTHEAST SULAWESI,2023-09-17,COAST/SHORELINE
CIMORY,MOUNTAIN DAIRY,FOOD PACKAGING,PS,MULTI LAYER,2,KENDARI,SOUTHEAST SULAWESI,2023-09-17,COAST/SHORELINE
MAXI,CV MITRA INTI JAYA,FOOD PACKAGING,PP,SINGLE LAYER,15,KENDARI,SOUTHEAST SULAWESI,2023-09-17,COAST/SHORELINE
ARUJI,CV MITRA INTI JAYA,FOOD PACKAGING,PP,SINGLE LAYER,5,KENDARI,SOUTHEAST SULAWESI,2023-09-17,COAST/SHORELINE
AGRO,AGRO GROUP,FOOD PACKAGING,PP,SINGLE LAYER,1,KENDARI,SOUTHEAST SULAWESI,2023-09-17,COAST/SHORELINE
CLEO,TANOBEL FOOD,FOOD PACKAGING,PP,SINGLE LAYER,1,KENDARI,SOUTHEAST SULAWESI,2023-09-17,COAST/SHORELINE
UNKNOWN,UNBRANDED,FOOD PACKAGING,PP,SINGLE LAYER,4,KENDARI,SOUTHEAST SULAWESI,2023-09-17,COAST/SHORELINE
CJL,UNKNOWN,FOOD PACKAGING,PP,SINGLE LAYER,1,KENDARI,SOUTHEAST SULAWESI,2023-09-17,COAST/SHORELINE
ALE-ALE,WINGS,FOOD PACKAGING,PP,SINGLE LAYER,1,KENDARI,SOUTHEAST SULAWESI,2023-09-17,COAST/SHORELINE
ADES,THE COCA-COLA COMPANY,FOOD PACKAGING,PET,SINGLE LAYER,1,KENDARI,SOUTHEAST SULAWESI,2023-09-17,COAST/SHORELINE
LE MINERALE,MAYORA INDAH,FOOD PACKAGING,HDPE,SINGLE LAYER,1,KENDARI,SOUTHEAST SULAWESI,2023-09-17,COAST/SHORELINE
LE MINERALE,MAYORA INDAH,FOOD PACKAGING,PET,SINGLE LAYER,1,KENDARI,SOUTHEAST SULAWESI,2023-09-17,COAST/SHORELINE
ARTLINE,SHACIHATA,HOUSEHOLD PRODUCT,HDPE,MULTI LAYER,1,KENDARI,SOUTHEAST SULAWESI,2023-09-17,COAST/SHORELINE
MAXI,CV MITRA INTI JAYA,FOOD PACKAGING,PP,SINGLE LAYER,61,KENDARI,SOUTHEAST SULAWESI,2023-09-17,COAST/SHORELINE
POP MIE,INDOFOOD,FOOD PACKAGING,PS,SINGLE LAYER,48,KENDARI,SOUTHEAST SULAWESI,2023-09-17,COAST/SHORELINE
TEH PUCUK HARUM,MAYORA INDAH,FOOD PACKAGING,PET,SINGLE LAYER,17,KENDARI,SOUTHEAST SULAWESI,2023-09-17,COAST/SHORELINE
LE MINERALE,MAYORA INDAH,FOOD PACKAGING,PET,SINGLE LAYER,11,KENDARI,SOUTHEAST SULAWESI,2023-09-17,COAST/SHORELINE
CRYSTALLINE,ORANG TUA,FOOD PACKAGING,PP,SINGLE LAYER,41,KENDARI,SOUTHEAST SULAWESI,2023-09-17,COAST/SHORELINE
COCA COLA,THE COCA-COLA COMPANY,FOOD PACKAGING,PP,SINGLE LAYER,1,KENDARI,SOUTHEAST SULAWESI,2023-09-17,COAST/SHORELINE
COCA COLA,THE COCA-COLA COMPANY,FOOD PACKAGING,PET,SINGLE LAYER,1,KENDARI,SOUTHEAST SULAWESI,2023-09-17,COAST/SHORELINE
LE MINERALE,MAYORA INDAH,FOOD PACKAGING,PET,SINGLE LAYER,1,KENDARI,SOUTHEAST SULAWESI,2023-09-17,COAST/SHORELINE
LE MINERALE,MAYORA INDAH,FOOD PACKAGING,PET,SINGLE LAYER,1,KENDARI,SOUTHEAST SULAWESI,2023-09-17,COAST/SHORELINE
LE MINERALE,MAYORA INDAH,FOOD PACKAGING,PET,SINGLE LAYER,1,KENDARI,SOUTHEAST SULAWESI,2023-09-17,COAST/SHORELINE
CLEO,TANOBEL FOOD,FOOD PACKAGING,PET,SINGLE LAYER,8,KENDARI,SOUTHEAST SULAWESI,2023-09-17,COAST/SHORELINE
CLEO,TANOBEL FOOD,FOOD PACKAGING,PET,SINGLE LAYER,14,KENDARI,SOUTHEAST SULAWESI,2023-09-17,COAST/SHORELINE
CLEO,TANOBEL FOOD,FOOD PACKAGING,PP,SINGLE LAYER,3,KENDARI,SOUTHEAST SULAWESI,2023-09-17,COAST/SHORELINE
MAXI,CV MITRA INTI JAYA,FOOD PACKAGING,PP,SINGLE LAYER,1,KENDARI,SOUTHEAST SULAWESI,2023-09-17,COAST/SHORELINE
CRYSTALLINE,ORANG TUA,FOOD PACKAGING,PP,SINGLE LAYER,18,KENDARI,SOUTHEAST SULAWESI,2023-09-17,COAST/SHORELINE
TEH GELAS,ORANG TUA,FOOD PACKAGING,PP,SINGLE LAYER,4,KENDARI,SOUTHEAST SULAWESI,2023-09-17,COAST/SHORELINE
ALE-ALE,WINGS,FOOD PACKAGING,PET,SINGLE LAYER,1,KENDARI,SOUTHEAST SULAWESI,2023-09-17,COAST/SHORELINE
ETERNAL PLUS,PT WATERU NATURAL ALKALINDO,FOOD PACKAGING,PET,SINGLE LAYER,1,KENDARI,SOUTHEAST SULAWESI,2023-09-17,COAST/SHORELINE
ETERNAL PLUS,PT WATERU NATURAL ALKALINDO,FOOD PACKAGING,PP,SINGLE LAYER,1,KENDARI,SOUTHEAST SULAWESI,2023-09-17,COAST/SHORELINE
ARUJI,CV MITRA INTI JAYA,FOOD PACKAGING,PP,SINGLE LAYER,3,KENDARI,SOUTHEAST SULAWESI,2023-09-17,COAST/SHORELINE
CLEO,TANOBEL FOOD,FOOD PACKAGING,PET,SINGLE LAYER,17,KENDARI,SOUTHEAST SULAWESI,2023-09-17,COAST/SHORELINE
COCA COLA,THE COCA-COLA COMPANY,FOOD PACKAGING,PET,SINGLE LAYER,1,KENDARI,SOUTHEAST SULAWESI,2023-09-17,COAST/SHORELINE
COCA COLA,THE COCA-COLA COMPANY,FOOD PACKAGING,HDPE,SINGLE LAYER,1,KENDARI,SOUTHEAST SULAWESI,2023-09-17,COAST/SHORELINE
AQUA,DANONE,FOOD PACKAGING,PET,SINGLE LAYER,1,KENDARI,SOUTHEAST SULAWESI,2023-09-17,COAST/SHORELINE
UNKNOWN,UNBRANDED,FOOD PACKAGING,PP,SINGLE LAYER,1,KENDARI,SOUTHEAST SULAWESI,2023-09-17,COAST/SHORELINE
CRYSTALLINE,ORANG TUA,FOOD PACKAGING,PP,SINGLE LAYER,8,KENDARI,SOUTHEAST SULAWESI,2023-09-17,COAST/SHORELINE
ACTIV,WIESGART,FOOD PACKAGING,PET,SINGLE LAYER,1,KENDARI,SOUTHEAST SULAWESI,2023-09-17,COAST/SHORELINE
CLEO,TANOBEL FOOD,FOOD PACKAGING,PET,SINGLE LAYER,2,KENDARI,SOUTHEAST SULAWESI,2023-09-17,COAST/SHORELINE
MAXI,CV MITRA INTI JAYA,FOOD PACKAGING,PP,SINGLE LAYER,23,KENDARI,SOUTHEAST SULAWESI,2023-09-17,COAST/SHORELINE
ARUJI,CV MITRA INTI JAYA,FOOD PACKAGING,PP,SINGLE LAYER,2,KENDARI,SOUTHEAST SULAWESI,2023-09-17,COAST/SHORELINE
TEH GELAS,ORANG TUA,FOOD PACKAGING,PP,SINGLE LAYER,2,KENDARI,SOUTHEAST SULAWESI,2023-09-17,COAST/SHORELINE
GOOD DAY,BRITANIA INDUSTRIES LTD.,FOOD PACKAGING,PET,SINGLE LAYER,2,KENDARI,SOUTHEAST SULAWESI,2023-09-17,COAST/SHORELINE
UNKNOWN,UNBRANDED,FOOD PACKAGING,PP,SINGLE LAYER,1,KENDARI,SOUTHEAST SULAWESI,2023-09-17,COAST/SHORELINE
CJL,UNKNOWN,FOOD PACKAGING,PP,SINGLE LAYER,1,KENDARI,SOUTHEAST SULAWESI,2023-09-17,COAST/SHORELINE
MAXI,CV MITRA INTI JAYA,FOOD PACKAGING,PP,SINGLE LAYER,56,KENDARI,SOUTHEAST SULAWESI,2023-09-17,COAST/SHORELINE
MAXI,CV MITRA INTI JAYA,FOOD PACKAGING,LDPE,SINGLE LAYER,56,KENDARI,SOUTHEAST SULAWESI,2023-09-17,COAST/SHORELINE
LT,TIRTA LOGAM TUNGGAL,FOOD PACKAGING,PP,SINGLE LAYER,23,KENDARI,SOUTHEAST SULAWESI,2023-09-17,COAST/SHORELINE
LT,TIRTA LOGAM TUNGGAL,FOOD PACKAGING,LDPE,SINGLE LAYER,23,KENDARI,SOUTHEAST SULAWESI,2023-09-17,COAST/SHORELINE
CLEO,TANOBEL FOOD,FOOD PACKAGING,PP,SINGLE LAYER,5,KENDARI,SOUTHEAST SULAWESI,2023-09-17,COAST/SHORELINE
CLEO,TANOBEL FOOD,FOOD PACKAGING,LDPE,SINGLE LAYER,5,KENDARI,SOUTHEAST SULAWESI,2023-09-17,COAST/SHORELINE
ALE-ALE,WINGS,FOOD PACKAGING,PP,SINGLE LAYER,1,KENDARI,SOUTHEAST SULAWESI,2023-09-17,COAST/SHORELINE
ALE-ALE,WINGS,FOOD PACKAGING,LDPE,SINGLE LAYER,1,KENDARI,SOUTHEAST SULAWESI,2023-09-17,COAST/SHORELINE
UNKNOWN,UNBRANDED,FOOD PACKAGING,PP,SINGLE LAYER,20,KENDARI,SOUTHEAST SULAWESI,2023-09-17,COAST/SHORELINE
CJL,UNKNOWN,FOOD PACKAGING,PP,SINGLE LAYER,3,KENDARI,SOUTHEAST SULAWESI,2023-09-17,COAST/SHORELINE
CJL,UNKNOWN,FOOD PACKAGING,LDPE,SINGLE LAYER,3,KENDARI,SOUTHEAST SULAWESI,2023-09-17,COAST/SHORELINE
POP MIE,INDOFOOD,FOOD PACKAGING,PS,SINGLE LAYER,1,KENDARI,SOUTHEAST SULAWESI,2023-09-17,COAST/SHORELINE
MAXI,CV MITRA INTI JAYA,FOOD PACKAGING,PET,SINGLE LAYER,6,KENDARI,SOUTHEAST SULAWESI,2023-09-17,COAST/SHORELINE
LE MINERALE,MAYORA INDAH,FOOD PACKAGING,PET,SINGLE LAYER,1,KENDARI,SOUTHEAST SULAWESI,2023-09-17,COAST/SHORELINE
GOLDA,WINGS,FOOD PACKAGING,PET,SINGLE LAYER,1,KENDARI,SOUTHEAST SULAWESI,2023-09-17,COAST/SHORELINE
UNKNOWN,UNBRANDED,FOOD PACKAGING,PP,SINGLE LAYER,1,KENDARI,SOUTHEAST SULAWESI,2023-09-17,COAST/SHORELINE
UNKNOWN,UNBRANDED,FOOD PACKAGING,PP,SINGLE LAYER,1,KENDARI,SOUTHEAST SULAWESI,2023-09-17,COAST/SHORELINE
UNKNOWN,UNBRANDED,FOOD PACKAGING,PP,SINGLE LAYER,1,KENDARI,SOUTHEAST SULAWESI,2023-09-17,COAST/SHORELINE
CLEO,TANOBEL FOOD,FOOD PACKAGING,PET,SINGLE LAYER,8,KENDARI,SOUTHEAST SULAWESI,2023-09-17,COAST/SHORELINE
UNKNOWN,UNBRANDED,FOOD PACKAGING,PP,SINGLE LAYER,3,KENDARI,SOUTHEAST SULAWESI,2023-09-17,COAST/SHORELINE
UNKNOWN,UNBRANDED,FOOD PACKAGING,PET,SINGLE LAYER,3,KENDARI,SOUTHEAST SULAWESI,2023-09-17,COAST/SHORELINE
CLEO,TANOBEL FOOD,PACKAGING MATERIAL,PET,SINGLE LAYER,3,KENDARI,SOUTHEAST SULAWESI,2023-09-17,COAST/SHORELINE
MAXI,CV MITRA INTI JAYA,FOOD PACKAGING,PP,SINGLE LAYER,7,KENDARI,SOUTHEAST SULAWESI,2023-09-17,COAST/SHORELINE
FRISIAN FLAG,FRIESLANDCAMPINA,FOOD PACKAGING,PET,MULTI LAYER,1,KENDARI,SOUTHEAST SULAWESI,2023-09-17,COAST/SHORELINE
TEH PUCUK HARUM,MAYORA INDAH,FOOD PACKAGING,PET,SINGLE LAYER,20,KENDARI,SOUTHEAST SULAWESI,2023-09-17,COAST/SHORELINE
ENERGEN,MAYORA INDAH,FOOD PACKAGING,PET,MULTI LAYER,7,KENDARI,SOUTHEAST SULAWESI,2023-09-17,COAST/SHORELINE
KAPAL API,SANTOS JAYA ABADI,FOOD PACKAGING,PET,MULTI LAYER,7,KENDARI,SOUTHEAST SULAWESI,2023-09-17,COAST/SHORELINE
ICHITAN,ICHITAN GROUP,FOOD PACKAGING,HDPE,SINGLE LAYER,1,KENDARI,SOUTHEAST SULAWESI,2023-09-17,COAST/SHORELINE
MAXI,CV MITRA INTI JAYA,FOOD PACKAGING,PP,SINGLE LAYER,38,KENDARI,SOUTHEAST SULAWESI,2023-09-17,COAST/SHORELINE
TOP COFFEE,HARUM,FOOD PACKAGING,PET,MULTI LAYER,18,KENDARI,SOUTHEAST SULAWESI,2023-09-17,COAST/SHORELINE
LE MINERALE,MAYORA INDAH,FOOD PACKAGING,PET,SINGLE LAYER,37,KENDARI,SOUTHEAST SULAWESI,2023-09-17,COAST/SHORELINE
LE MINERALE,MAYORA INDAH,FOOD PACKAGING,HDPE,SINGLE LAYER,37,KENDARI,SOUTHEAST SULAWESI,2023-09-17,COAST/SHORELINE
LUWAK,JAVA PRIMA ABADI,FOOD PACKAGING,LDPE,SINGLE LAYER,62,KENDARI,SOUTHEAST SULAWESI,2023-09-17,COAST/SHORELINE
TOP COFFEE,HARUM,FOOD PACKAGING,LDPE,SINGLE LAYER,75,KENDARI,SOUTHEAST SULAWESI,2023-09-17,COAST/SHORELINE
GOOD DAY,BRITANIA INDUSTRIES LTD.,FOOD PACKAGING,LDPE,SINGLE LAYER,80,KENDARI,SOUTHEAST SULAWESI,2023-09-17,COAST/SHORELINE
KAPAL API,SANTOS JAYA ABADI,FOOD PACKAGING,LDPE,SINGLE LAYER,34,KENDARI,SOUTHEAST SULAWESI,2023-09-17,COAST/SHORELINE
ABC,SANTOS JAYA ABADI,FOOD PACKAGING,LDPE,SINGLE LAYER,49,KENDARI,SOUTHEAST SULAWESI,2023-09-17,COAST/SHORELINE
ARABICA,UNKNOWN,FOOD PACKAGING,LDPE,SINGLE LAYER,5,KENDARI,SOUTHEAST SULAWESI,2023-09-17,COAST/SHORELINE
CAFE21,TASTY SINGAPORE,FOOD PACKAGING,LDPE,SINGLE LAYER,22,KENDARI,SOUTHEAST SULAWESI,2023-09-17,COAST/SHORELINE
BENG BENG,MAYORA INDA,FOOD PACKAGING,LDPE,SINGLE LAYER,38,KENDARI,SOUTHEAST SULAWESI,2023-09-17,COAST/SHORELINE
TOP COFFEE,HARUM,FOOD PACKAGING,LDPE,SINGLE LAYER,76,KENDARI,SOUTHEAST SULAWESI,2023-09-17,COAST/SHORELINE
TORABIKA,MAYORA INDAH,FOOD PACKAGING,LDPE,SINGLE LAYER,1,KENDARI,SOUTHEAST SULAWESI,2023-09-17,COAST/SHORELINE
KAPAL API,SANTOS JAYA ABADI,FOOD PACKAGING,PET,MULTI LAYER,6,KENDARI,SOUTHEAST SULAWESI,2023-09-17,COAST/SHORELINE
ENERGEN,MAYORA INDAH,FOOD PACKAGING,PET,MULTI LAYER,8,KENDARI,SOUTHEAST SULAWESI,2023-09-17,COAST/SHORELINE
JIGGO,UNKNOWN,FOOD PACKAGING,PET,MULTI LAYER,1,KENDARI,SOUTHEAST SULAWESI,2023-09-17,COAST/SHORELINE
MAXI,CV MITRA INTI JAYA,FOOD PACKAGING,PET,SINGLE LAYER,10,KENDARI,SOUTHEAST SULAWESI,2023-09-17,COAST/SHORELINE
FRENCH FRIES 2000,SIANTAR TOP,FOOD PACKAGING,LDPE,SINGLE LAYER,1,KENDARI,SOUTHEAST SULAWESI,2023-09-17,COAST/SHORELINE
LT,TIRTA LOGAM TUNGGAL,FOOD PACKAGING,PET,SINGLE LAYER,5,KENDARI,SOUTHEAST SULAWESI,2023-09-17,COAST/SHORELINE
TEH PUCUK HARUM,MAYORA INDAH,FOOD PACKAGING,PET,SINGLE LAYER,5,KENDARI,SOUTHEAST SULAWESI,2023-09-17,COAST/SHORELINE
VIT,TIRTA INVESTAMA,FOOD PACKAGING,PET,SINGLE LAYER,5,KENDARI,SOUTHEAST SULAWESI,2023-09-17,COAST/SHORELINE
LE MINERALE,MAYORA INDAH,FOOD PACKAGING,PET,SINGLE LAYER,4,KENDARI,SOUTHEAST SULAWESI,2023-09-17,COAST/SHORELINE
MAXI,CV MITRA INTI JAYA,FOOD PACKAGING,PET,SINGLE LAYER,15,KENDARI,SOUTHEAST SULAWESI,2023-09-17,COAST/SHORELINE
ESSE,KOREA TOMORROW & GLOBAL CORPORATION,SMOKING MATERIAL,OTHERS,MULTI LAYER,1,KENDARI,SOUTHEAST SULAWESI,2023-09-17,COAST/SHORELINE
AQUA,DANONE,FOOD PACKAGING,PET,SINGLE LAYER,3,KENDARI,SOUTHEAST SULAWESI,2023-09-17,COAST/SHORELINE
NONGKRONG,WINGS FOOD,FOOD PACKAGING,PET,SINGLE LAYER,1,KENDARI,SOUTHEAST SULAWESI,2023-09-17,COAST/SHORELINE
GOLDA,WINGS,FOOD PACKAGING,PET,SINGLE LAYER,1,KENDARI,SOUTHEAST SULAWESI,2023-09-17,COAST/SHORELINE
FANTA,THE COCA-COLA COMPANY,FOOD PACKAGING,PET,SINGLE LAYER,1,KENDARI,SOUTHEAST SULAWESI,2023-09-17,COAST/SHORELINE
POP MIE,INDOFOOD,FOOD PACKAGING,PS,SINGLE LAYER,1,KENDARI,SOUTHEAST SULAWESI,2023-09-17,COAST/SHORELINE
LE MINERALE,MAYORA INDAH,FOOD PACKAGING,HDPE,SINGLE LAYER,38,KENDARI,SOUTHEAST SULAWESI,2023-09-17,COAST/SHORELINE
TEH PUCUK HARUM,MAYORA INDAH,FOOD PACKAGING,PET,SINGLE LAYER,4,KENDARI,SOUTHEAST SULAWESI,2023-09-17,COAST/SHORELINE
ORANGE WATER,DJOJONEGORO C-1000,FOOD PACKAGING,PET,SINGLE LAYER,2,KENDARI,SOUTHEAST SULAWESI,2023-09-17,COAST/SHORELINE
TICTAC,DUA KELINCI,FOOD PACKAGING,LDPE,SINGLE LAYER,17,KENDARI,SOUTHEAST SULAWESI,2023-09-17,COAST/SHORELINE
KUSUKA,CV ARIRA PANGINDO,FOOD PACKAGING,LDPE,SINGLE LAYER,4,KENDARI,SOUTHEAST SULAWESI,2023-09-17,COAST/SHORELINE
INDOMIE,INDOFOOD,FOOD PACKAGING,PP,SINGLE LAYER,2,KENDARI,SOUTHEAST SULAWESI,2023-09-17,COAST/SHORELINE
TANGO,TANGO,FOOD PACKAGING,LDPE,SINGLE LAYER,18,KENDARI,SOUTHEAST SULAWESI,2023-09-17,COAST/SHORELINE
MASAKO,AJINOMOTO,FOOD PACKAGING,LDPE,SINGLE LAYER,22,KENDARI,SOUTHEAST SULAWESI,2023-09-17,COAST/SHORELINE
ULTRA MILK,ULTRAJAYA,FOOD PACKAGING,HDPE,MULTI LAYER,8,KENDARI,SOUTHEAST SULAWESI,2023-09-17,COAST/SHORELINE
BON CABE,KOBE,FOOD PACKAGING,HDPE,SINGLE LAYER,3,KENDARI,SOUTHEAST SULAWESI,2023-09-17,COAST/SHORELINE
CHIKI,INDOFOOD,FOOD PACKAGING,LDPE,SINGLE LAYER,12,KENDARI,SOUTHEAST SULAWESI,2023-09-17,COAST/SHORELINE
LT,TIRTA LOGAM TUNGGAL,FOOD PACKAGING,PET,SINGLE LAYER,23,KENDARI,SOUTHEAST SULAWESI,2023-09-17,COAST/SHORELINE
MAXI,CV MITRA INTI JAYA,FOOD PACKAGING,PET,SINGLE LAYER,24,KENDARI,SOUTHEAST SULAWESI,2023-09-17,COAST/SHORELINE
NATION BOLD,PT PID ONGKOWIDJOJO,SMOKING MATERIAL,OTHERS,MULTI LAYER,1,KENDARI,SOUTHEAST SULAWESI,2023-09-17,COAST/SHORELINE
ICHITAN,ICHITAN GROUP,FOOD PACKAGING,PET,SINGLE LAYER,1,KENDARI,SOUTHEAST SULAWESI,2023-09-17,COAST/SHORELINE
SARI ROTI,NIPPON INDOSARI CORPINDO,FOOD PACKAGING,PP,SINGLE LAYER,7,KENDARI,SOUTHEAST SULAWESI,2023-09-17,COAST/SHORELINE
TEH BOTOL,SINAR SOSRO,FOOD PACKAGING,OTHERS,MULTI LAYER,11,KENDARI,SOUTHEAST SULAWESI,2023-09-17,COAST/SHORELINE
GARUDA,TUDUNG GROUP,FOOD PACKAGING,OTHERS,SINGLE LAYER,1,KENDARI,SOUTHEAST SULAWESI,2023-09-17,COAST/SHORELINE
TEH PUCUK HARUM,MAYORA INDAH,FOOD PACKAGING,PET,SINGLE LAYER,13,KENDARI,SOUTHEAST SULAWESI,2023-09-17,COAST/SHORELINE
TEH PUCUK HARUM,MAYORA INDAH,FOOD PACKAGING,PP,SINGLE LAYER,12,KENDARI,SOUTHEAST SULAWESI,2023-09-17,COAST/SHORELINE
GERRY,GARUDAFOOD,FOOD PACKAGING,OTHERS,SINGLE LAYER,17,KENDARI,SOUTHEAST SULAWESI,2023-09-17,COAST/SHORELINE
NABATI,NABATI GROUP.,FOOD PACKAGING,OTHERS,SINGLE LAYER,12,KENDARI,SOUTHEAST SULAWESI,2023-09-17,COAST/SHORELINE
COCA COLA,THE COCA-COLA COMPANY,FOOD PACKAGING,OTHERS,SINGLE LAYER,11,KENDARI,SOUTHEAST SULAWESI,2023-09-17,COAST/SHORELINE
NESCAFE,NESTLE,FOOD PACKAGING,OTHERS,SINGLE LAYER,1,KENDARI,SOUTHEAST SULAWESI,2023-09-17,COAST/SHORELINE
COCA COLA,THE COCA-COLA COMPANY,FOOD PACKAGING,PET,SINGLE LAYER,2,KENDARI,SOUTHEAST SULAWESI,2023-09-17,COAST/SHORELINE
MIZONE,DANONE,FOOD PACKAGING,PET,SINGLE LAYER,3,KENDARI,SOUTHEAST SULAWESI,2023-09-17,COAST/SHORELINE
CLUB,INDOFOOD,FOOD PACKAGING,PET,SINGLE LAYER,1,KENDARI,SOUTHEAST SULAWESI,2023-09-17,COAST/SHORELINE
TEBS,SINAR SOSRO,FOOD PACKAGING,PET,SINGLE LAYER,1,KENDARI,SOUTHEAST SULAWESI,2023-09-17,COAST/SHORELINE
GOOD DAY,BRITANIA INDUSTRIES LTD.,FOOD PACKAGING,PET,SINGLE LAYER,2,KENDARI,SOUTHEAST SULAWESI,2023-09-17,COAST/SHORELINE
NU MILK TEA,PT ABC PRESIDENT INDONESIA,FOOD PACKAGING,PET,SINGLE LAYER,1,KENDARI,SOUTHEAST SULAWESI,2023-09-17,COAST/SHORELINE
FRUIT TEA,SINAR SOSRO,FOOD PACKAGING,PET,SINGLE LAYER,2,KENDARI,SOUTHEAST SULAWESI,2023-09-17,COAST/SHORELINE
TEH PUCUK HARUM,MAYORA INDAH,FOOD PACKAGING,PET,SINGLE LAYER,2,KENDARI,SOUTHEAST SULAWESI,2023-09-17,COAST/SHORELINE
ICHITAN,ICHITAN GROUP,FOOD PACKAGING,PET,SINGLE LAYER,2,KENDARI,SOUTHEAST SULAWESI,2023-09-17,COAST/SHORELINE
ICHITAN,ICHITAN GROUP,FOOD PACKAGING,PP,SINGLE LAYER,2,KENDARI,SOUTHEAST SULAWESI,2023-09-17,COAST/SHORELINE
TEH GELAS,ORANG TUA,FOOD PACKAGING,PET,SINGLE LAYER,10,KENDARI,SOUTHEAST SULAWESI,2023-09-17,COAST/SHORELINE
CRYSTALLINE,ORANG TUA,FOOD PACKAGING,PET,SINGLE LAYER,30,KENDARI,SOUTHEAST SULAWESI,2023-09-17,COAST/SHORELINE
UNKNOWN,UNBRANDED,FOOD PACKAGING,PS,SINGLE LAYER,1,KENDARI,SOUTHEAST SULAWESI,2023-09-17,COAST/SHORELINE
CLEO,TANOBEL FOOD,FOOD PACKAGING,PET,SINGLE LAYER,5,KENDARI,SOUTHEAST SULAWESI,2023-09-17,COAST/SHORELINE
TEH PUCUK HARUM,MAYORA INDAH,FOOD PACKAGING,PET,SINGLE LAYER,1,KENDARI,SOUTHEAST SULAWESI,2023-09-17,COAST/SHORELINE
LT,TIRTA LOGAM TUNGGAL,FOOD PACKAGING,PET,SINGLE LAYER,15,KENDARI,SOUTHEAST SULAWESI,2023-09-17,COAST/SHORELINE
MAXI,CV MITRA INTI JAYA,FOOD PACKAGING,PET,SINGLE LAYER,30,KENDARI,SOUTHEAST SULAWESI,2023-09-17,COAST/SHORELINE
MOUNTEA,TUDUNG GROUP,FOOD PACKAGING,PET,SINGLE LAYER,5,KENDARI,SOUTHEAST SULAWESI,2023-09-17,COAST/SHORELINE
UNKNOWN,UNBRANDED,FOOD PACKAGING,PET,SINGLE LAYER,25,KENDARI,SOUTHEAST SULAWESI,2023-09-17,COAST/SHORELINE
GARNIER,L'OREAL,PERSONAL CARE,OTHERS,MULTI LAYER,1,KENDARI,SOUTHEAST SULAWESI,2023-09-17,COAST/SHORELINE
LT,TIRTA LOGAM TUNGGAL,FOOD PACKAGING,PET,SINGLE LAYER,5,KENDARI,SOUTHEAST SULAWESI,2023-09-17,COAST/SHORELINE
POP MIE,INDOFOOD,FOOD PACKAGING,PS,SINGLE LAYER,5,KENDARI,SOUTHEAST SULAWESI,2023-09-17,COAST/SHORELINE
LE MINERALE,MAYORA INDAH,FOOD PACKAGING,HDPE,SINGLE LAYER,34,KENDARI,SOUTHEAST SULAWESI,2023-09-17,COAST/SHORELINE
TEH PUCUK HARUM,MAYORA INDAH,FOOD PACKAGING,PET,SINGLE LAYER,13,KENDARI,SOUTHEAST SULAWESI,2023-09-17,COAST/SHORELINE
ORANGE WATER,DJOJONEGORO C-1000,FOOD PACKAGING,PET,SINGLE LAYER,1,KENDARI,SOUTHEAST SULAWESI,2023-09-17,COAST/SHORELINE
TICTAC,DUA KELINCI,FOOD PACKAGING,LDPE,SINGLE LAYER,19,KENDARI,SOUTHEAST SULAWESI,2023-09-17,COAST/SHORELINE
KUSUKA,CV ARIRA PANGINDO,FOOD PACKAGING,LDPE,SINGLE LAYER,1,KENDARI,SOUTHEAST SULAWESI,2023-09-17,COAST/SHORELINE
INDOMIE,INDOFOOD,FOOD PACKAGING,PP,SINGLE LAYER,1,KENDARI,SOUTHEAST SULAWESI,2023-09-17,COAST/SHORELINE
TANGO,TANGO,FOOD PACKAGING,LDPE,SINGLE LAYER,1,KENDARI,SOUTHEAST SULAWESI,2023-09-17,COAST/SHORELINE
ULTRA MILK,ULTRAJAYA,FOOD PACKAGING,LDPE,SINGLE LAYER,1,KENDARI,SOUTHEAST SULAWESI,2023-09-17,COAST/SHORELINE
BON CABE,KOBE,FOOD PACKAGING,HDPE,MULTI LAYER,1,KENDARI,SOUTHEAST SULAWESI,2023-09-17,COAST/SHORELINE
MAKKARAJA,UNKNOWN,FOOD PACKAGING,PET,SINGLE LAYER,1,KENDARI,SOUTHEAST SULAWESI,2023-09-17,COAST/SHORELINE
TOP COFFEE,HARUM,FOOD PACKAGING,LDPE,SINGLE LAYER,33,KENDARI,SOUTHEAST SULAWESI,2023-09-17,COAST/SHORELINE
LASEGAR,SINDE,FOOD PACKAGING,PET,SINGLE LAYER,1,KENDARI,SOUTHEAST SULAWESI,2023-09-17,COAST/SHORELINE
UNKNOWN,UNBRANDED,FOOD PACKAGING,LDPE,SINGLE LAYER,2,DENPASAR,BALI,2023-09-24,COAST/SHORELINE
AQUA,DANONE,FOOD PACKAGING,PET,SINGLE LAYER,3,DENPASAR,BALI,2023-09-24,COAST/SHORELINE
POCARI SWEAT,OTSUKA,FOOD PACKAGING,PET,SINGLE LAYER,2,DENPASAR,BALI,2023-09-24,COAST/SHORELINE
PURE LIFE,NESTLE,FOOD PACKAGING,PET,SINGLE LAYER,1,DENPASAR,BALI,2023-09-24,COAST/SHORELINE
MILKU,WINGS,FOOD PACKAGING,PET,SINGLE LAYER,1,DENPASAR,BALI,2023-09-24,COAST/SHORELINE
AQUA,DANONE,FOOD PACKAGING,PP,SINGLE LAYER,1,DENPASAR,BALI,2023-09-24,COAST/SHORELINE
KOPIKAP,PT TIRTA FRESINDO JAYA,FOOD PACKAGING,PP,SINGLE LAYER,1,DENPASAR,BALI,2023-09-24,COAST/SHORELINE
AQUA,DANONE,FOOD PACKAGING,PP,SINGLE LAYER,3,DENPASAR,BALI,2023-09-24,COAST/SHORELINE
PURE LIFE,NESTLE,FOOD PACKAGING,PP,SINGLE LAYER,1,DENPASAR,BALI,2023-09-24,COAST/SHORELINE
POCARI SWEAT,OTSUKA,FOOD PACKAGING,PP,SINGLE LAYER,2,DENPASAR,BALI,2023-09-24,COAST/SHORELINE
MILKU,WINGS,FOOD PACKAGING,PP,SINGLE LAYER,1,DENPASAR,BALI,2023-09-24,COAST/SHORELINE
AQUA,DANONE,FOOD PACKAGING,PET,SINGLE LAYER,3,DENPASAR,BALI,2023-09-24,COAST/SHORELINE
POCARI SWEAT,OTSUKA,FOOD PACKAGING,PET,SINGLE LAYER,2,DENPASAR,BALI,2023-09-24,COAST/SHORELINE
PURE LIFE,NESTLE,FOOD PACKAGING,PET,SINGLE LAYER,1,DENPASAR,BALI,2023-09-24,COAST/SHORELINE
MILKU,WINGS,FOOD PACKAGING,PET,SINGLE LAYER,2,DENPASAR,BALI,2023-09-24,COAST/SHORELINE
AQUA,DANONE,FOOD PACKAGING,PET,SINGLE LAYER,1,DENPASAR,BALI,2023-09-24,COAST/SHORELINE
TESSA,UNKNOWN,FOOD PACKAGING,PET,SINGLE LAYER,1,DENPASAR,BALI,2023-09-24,COAST/SHORELINE
UNKNOWN,UNBRANDED,FOOD PACKAGING,PET,SINGLE LAYER,279,DENPASAR,BALI,2023-09-24,COAST/SHORELINE
TEH GELAS,ORANG TUA,FOOD PACKAGING,PP,SINGLE LAYER,41,DENPASAR,BALI,2023-09-24,COAST/SHORELINE
ALE-ALE,WINGS,FOOD PACKAGING,PP,SINGLE LAYER,14,DENPASAR,BALI,2023-09-24,COAST/SHORELINE
TEH RIO,WINGS,FOOD PACKAGING,PS,SINGLE LAYER,1,DENPASAR,BALI,2023-09-24,COAST/SHORELINE
FONT AQUA,UNKNOWN,FOOD PACKAGING,PP,SINGLE LAYER,8,DENPASAR,BALI,2023-09-24,COAST/SHORELINE
TIRO,UNKNOWN,FOOD PACKAGING,PP,SINGLE LAYER,2,DENPASAR,BALI,2023-09-24,COAST/SHORELINE
AQUA,DANONE,FOOD PACKAGING,PP,SINGLE LAYER,133,DENPASAR,BALI,2023-09-24,COAST/SHORELINE
215,UNKNOWN,FOOD PACKAGING,PP,SINGLE LAYER,1,DENPASAR,BALI,2023-09-24,COAST/SHORELINE
LAVIS,UNKNOWN,FOOD PACKAGING,PP,SINGLE LAYER,3,DENPASAR,BALI,2023-09-24,COAST/SHORELINE
ANZI,CV. ANZI,FOOD PACKAGING,PP,SINGLE LAYER,1,DENPASAR,BALI,2023-09-24,COAST/SHORELINE
POLI,UNKNOWN,FOOD PACKAGING,PP,SINGLE LAYER,1,DENPASAR,BALI,2023-09-24,COAST/SHORELINE
FAIR & LOVELY,UNILEVER,PERSONAL CARE,OTHERS,SINGLE LAYER,1,DENPASAR,BALI,2023-09-24,COAST/SHORELINE
RJA,UNKNOWN,FOOD PACKAGING,PET,SINGLE LAYER,1,DENPASAR,BALI,2023-09-24,COAST/SHORELINE
PAPER CUP,UNBRANDED,FOOD PACKAGING,OTHERS,SINGLE LAYER,1,DENPASAR,BALI,2023-09-24,COAST/SHORELINE
YAKULT,YAKULT,FOOD PACKAGING,PET,SINGLE LAYER,13,DENPASAR,BALI,2023-09-24,COAST/SHORELINE
MOUNTEA,TUDUNG GROUP,FOOD PACKAGING,PP,SINGLE LAYER,4,DENPASAR,BALI,2023-09-24,COAST/SHORELINE
ROSE BRAND,CV BUMI WARAS,FOOD PACKAGING,PP,SINGLE LAYER,2,DENPASAR,BALI,2023-09-24,COAST/SHORELINE
SEDOTAN,UNKNOWN,FOOD PACKAGING,OTHERS,SINGLE LAYER,199,DENPASAR,BALI,2023-09-24,COAST/SHORELINE
CLEO,TANOBEL FOOD,FOOD PACKAGING,PET,SINGLE LAYER,25,DENPASAR,BALI,2023-09-24,COAST/SHORELINE
CLEO,TANOBEL FOOD,FOOD PACKAGING,PET,SINGLE LAYER,23,DENPASAR,BALI,2023-09-24,COAST/SHORELINE
ECOQUA,AIR GANGGA DEWATA ALAMI,FOOD PACKAGING,PP,SINGLE LAYER,3,DENPASAR,BALI,2023-09-24,COAST/SHORELINE
CFA,UNKNOWN,FOOD PACKAGING,PP,SINGLE LAYER,1,DENPASAR,BALI,2023-09-24,COAST/SHORELINE
AQUA,DANONE,FOOD PACKAGING,PET,SINGLE LAYER,18,DENPASAR,BALI,2023-09-24,COAST/SHORELINE
AQUA,DANONE,FOOD PACKAGING,PET,SINGLE LAYER,15,DENPASAR,BALI,2023-09-24,COAST/SHORELINE
TANPA MERK,UNKNOWN,FOOD PACKAGING,PET,SINGLE LAYER,2,DENPASAR,BALI,2023-09-24,COAST/SHORELINE
GEN KARANG ASEM,UNKNOWN,FOOD PACKAGING,PP,SINGLE LAYER,1,DENPASAR,BALI,2023-09-24,COAST/SHORELINE
JIMBARWANA,CV GANI LANGIT,FOOD PACKAGING,PP,SINGLE LAYER,1,DENPASAR,BALI,2023-09-24,COAST/SHORELINE
OKKY JELLY DRINK,TUDUNG GROUP,FOOD PACKAGING,PET,SINGLE LAYER,13,DENPASAR,BALI,2023-09-24,COAST/SHORELINE
VENNA,UNKNOWN,FOOD PACKAGING,PP,SINGLE LAYER,17,DENPASAR,BALI,2023-09-24,COAST/SHORELINE
KN,UNKNOWN,FOOD PACKAGING,OTHERS,SINGLE LAYER,2,DENPASAR,BALI,2023-09-24,COAST/SHORELINE
MJR,UNKNOWN,FOOD PACKAGING,PP,SINGLE LAYER,2,DENPASAR,BALI,2023-09-24,COAST/SHORELINE
ARGUS,ARGUS REZKY PRATAMA,FOOD PACKAGING,PP,SINGLE LAYER,6,DENPASAR,BALI,2023-09-24,COAST/SHORELINE
ECOQUA,AIR GANGGA DEWATA ALAMI,FOOD PACKAGING,PP,SINGLE LAYER,3,DENPASAR,BALI,2023-09-24,COAST/SHORELINE
HOLI,UNKNOWN,FOOD PACKAGING,PET,SINGLE LAYER,1,DENPASAR,BALI,2023-09-24,COAST/SHORELINE
ENO,GLAXOSMITHKLINE,FOOD PACKAGING,PET,SINGLE LAYER,1,DENPASAR,BALI,2023-09-24,COAST/SHORELINE
2E5,UNKNOWN,FOOD PACKAGING,PET,SINGLE LAYER,1,DENPASAR,BALI,2023-09-24,COAST/SHORELINE
AGRO,UNKNOWN,FOOD PACKAGING,PET,SINGLE LAYER,1,DENPASAR,BALI,2023-09-24,COAST/SHORELINE
UNKNOWN,UNBRANDED,FOOD PACKAGING,PET,SINGLE LAYER,1,DENPASAR,BALI,2023-09-24,COAST/SHORELINE
JIMBARWANA,CV GANI LANGIT,FOOD PACKAGING,PET,SINGLE LAYER,1,DENPASAR,BALI,2023-09-24,COAST/SHORELINE
LAM-LAM,UNKNOWN,FOOD PACKAGING,PP,SINGLE LAYER,1,DENPASAR,BALI,2023-09-24,COAST/SHORELINE
LE MINERALE,MAYORA INDAH,FOOD PACKAGING,PET,SINGLE LAYER,1,DENPASAR,BALI,2023-09-24,COAST/SHORELINE
LE MINERALE,MAYORA INDAH,FOOD PACKAGING,PET,SINGLE LAYER,1,DENPASAR,BALI,2023-09-24,COAST/SHORELINE
GIOZ,CV. TIRTA AMERTA,FOOD PACKAGING,PET,SINGLE LAYER,1,DENPASAR,BALI,2023-09-24,COAST/SHORELINE
GIOZ,CV. TIRTA AMERTA,FOOD PACKAGING,PET,SINGLE LAYER,1,DENPASAR,BALI,2023-09-24,COAST/SHORELINE
MILKUAT,INDOFOOD CBP SUKSES MAKMUR TBK,FOOD PACKAGING,HDPE,SINGLE LAYER,4,DENPASAR,BALI,2023-09-24,COAST/SHORELINE
MILKUAT,INDOFOOD CBP SUKSES MAKMUR TBK,FOOD PACKAGING,PET,SINGLE LAYER,4,DENPASAR,BALI,2023-09-24,COAST/SHORELINE
ISO,PT. JAYA UTAMA SANTIKAH,FOOD PACKAGING,PET,SINGLE LAYER,1,DENPASAR,BALI,2023-09-24,COAST/SHORELINE
TEH HIJAU,GUNUNG SUBUR SEJAHTERA,FOOD PACKAGING,PP,SINGLE LAYER,3,DENPASAR,BALI,2023-09-24,COAST/SHORELINE
MINGCOCO BIG,PT. ROCHA SINERGI PERSADA,FOOD PACKAGING,PP,SINGLE LAYER,1,DENPASAR,BALI,2023-09-24,COAST/SHORELINE
WALLS,UNILEVER,FOOD PACKAGING,PP,SINGLE LAYER,1,DENPASAR,BALI,2023-09-24,COAST/SHORELINE
BAYCLIN,PT. SYNERGI ANTAR NUSADA,FOOD PACKAGING,HDPE,SINGLE LAYER,1,DENPASAR,BALI,2023-09-24,COAST/SHORELINE
CIMORY,MOUNTAIN DAIRY,FOOD PACKAGING,HDPE,SINGLE LAYER,4,DENPASAR,BALI,2023-09-24,COAST/SHORELINE
CIMORY,MOUNTAIN DAIRY,FOOD PACKAGING,PET,SINGLE LAYER,4,DENPASAR,BALI,2023-09-24,COAST/SHORELINE
RED BELL,PT. VERRA INTER PANGAN,FOOD PACKAGING,HDPE,SINGLE LAYER,1,DENPASAR,BALI,2023-09-24,COAST/SHORELINE
VODAMIN,LOCAL BRAND,FOOD PACKAGING,PP,SINGLE LAYER,1,DENPASAR,BALI,2023-09-24,COAST/SHORELINE
CHILL GO,MORINAGA,FOOD PACKAGING,HDPE,SINGLE LAYER,1,DENPASAR,BALI,2023-09-24,COAST/SHORELINE
CHILL GO,MORINAGA,FOOD PACKAGING,PET,SINGLE LAYER,1,DENPASAR,BALI,2023-09-24,COAST/SHORELINE
AURA,TIPCO,FOOD PACKAGING,PET,SINGLE LAYER,1,DENPASAR,BALI,2023-09-24,COAST/SHORELINE
POWER F,WINGS,FOOD PACKAGING,PP,SINGLE LAYER,1,DENPASAR,BALI,2023-09-24,COAST/SHORELINE
PINO,MORINAGA,FOOD PACKAGING,PS,SINGLE LAYER,4,DENPASAR,BALI,2023-09-24,COAST/SHORELINE
YOYIC,YOYIC DAIRY,FOOD PACKAGING,PET,SINGLE LAYER,1,DENPASAR,BALI,2023-09-24,COAST/SHORELINE
YOYIC,YOYIC DAIRY,FOOD PACKAGING,PET,SINGLE LAYER,1,DENPASAR,BALI,2023-09-24,COAST/SHORELINE
PADDLE POP,UNILEVER,FOOD PACKAGING,PP,SINGLE LAYER,1,DENPASAR,BALI,2023-09-24,COAST/SHORELINE
NYAM NYAM,UNBRANDED,FOOD PACKAGING,PP,SINGLE LAYER,1,DENPASAR,BALI,2023-09-24,COAST/SHORELINE
VITA PUDDING,ORANG TUA,FOOD PACKAGING,PP,SINGLE LAYER,1,DENPASAR,BALI,2023-09-24,COAST/SHORELINE
UNKNOWN,UNBRANDED,PERSONAL CARE,PET,SINGLE LAYER,1,DENPASAR,BALI,2023-09-24,COAST/SHORELINE
MIXUE,PT. ZISHENG PACIFIC TRADING ,FOOD PACKAGING,PET,SINGLE LAYER,1,DENPASAR,BALI,2023-09-24,COAST/SHORELINE
VIAND,INDOFOOD,FOOD PACKAGING,PP,SINGLE LAYER,1,DENPASAR,BALI,2023-09-24,COAST/SHORELINE
GATSBY,MANDOM CORP.,PERSONAL CARE,HDPE,SINGLE LAYER,1,DENPASAR,BALI,2023-09-24,COAST/SHORELINE
UNKNOWN,UNBRANDED,PERSONAL CARE,HDPE,SINGLE LAYER,2,DENPASAR,BALI,2023-09-24,COAST/SHORELINE
UNKNOWN,UNBRANDED,FOOD PACKAGING,PET,SINGLE LAYER,1,DENPASAR,BALI,2023-09-24,COAST/SHORELINE
ELBEE CYPRESS,UNKNOWN,PERSONAL CARE,PET,SINGLE LAYER,1,DENPASAR,BALI,2023-09-24,COAST/SHORELINE
OUPONT,UNKNOWN,PERSONAL CARE,HDPE,SINGLE LAYER,1,DENPASAR,BALI,2023-09-24,COAST/SHORELINE
UNKNOWN,UNBRANDED,PERSONAL CARE,HDPE,SINGLE LAYER,7,DENPASAR,BALI,2023-09-24,COAST/SHORELINE
UNKNOWN,UNBRANDED,PERSONAL CARE,PET,SINGLE LAYER,3,DENPASAR,BALI,2023-09-24,COAST/SHORELINE
PANTENE,COLGATE-PALMOLIVE,PERSONAL CARE,HDPE,SINGLE LAYER,1,DENPASAR,BALI,2023-09-24,COAST/SHORELINE
EMINA,PARAGON,PERSONAL CARE,HDPE,SINGLE LAYER,1,DENPASAR,BALI,2023-09-24,COAST/SHORELINE
CHEERS,ATLANTIC BIRURAYA,FOOD PACKAGING,PET,SINGLE LAYER,2,DENPASAR,BALI,2023-09-24,COAST/SHORELINE
PEPSODENT,UNILEVER,PERSONAL CARE,HDPE,MULTI LAYER,1,DENPASAR,BALI,2023-09-24,COAST/SHORELINE
SUNSILK,UNILEVER,PERSONAL CARE,HDPE,MULTI LAYER,1,DENPASAR,BALI,2023-09-24,COAST/SHORELINE
KONICARE,PT. MURNI AIK SUKSES,PERSONAL CARE,PET,SINGLE LAYER,1,DENPASAR,BALI,2023-09-24,COAST/SHORELINE
KELLY,PT. KELLY INTERNATIONAL COSMETICS,PERSONAL CARE,HDPE,MULTI LAYER,1,DENPASAR,BALI,2023-09-24,COAST/SHORELINE
UNKNOWN,UNBRANDED,PERSONAL CARE,PET,SINGLE LAYER,1,DENPASAR,BALI,2023-09-24,COAST/SHORELINE
LIPSTIK,UNKNOWN,PERSONAL CARE,OTHERS,SINGLE LAYER,1,DENPASAR,BALI,2023-09-24,COAST/SHORELINE
LAJAR,UNKNOWN,PERSONAL CARE,PET,SINGLE LAYER,1,DENPASAR,BALI,2023-09-24,COAST/SHORELINE
NWO,UNKNOWN,PERSONAL CARE,PET,SINGLE LAYER,1,DENPASAR,BALI,2023-09-24,COAST/SHORELINE
CAPLANG,EAGLE INDO PHARMA,PERSONAL CARE,HDPE,SINGLE LAYER,1,DENPASAR,BALI,2023-09-24,COAST/SHORELINE
ROSI,UNKNOWN,FOOD PACKAGING,PP,SINGLE LAYER,1,DENPASAR,BALI,2023-09-24,COAST/SHORELINE
KECAP ABC,ABC,FOOD PACKAGING,PET,SINGLE LAYER,1,DENPASAR,BALI,2023-09-24,COAST/SHORELINE
AQUA,DANONE,FOOD PACKAGING,PET,SINGLE LAYER,10,DENPASAR,BALI,2023-09-24,COAST/SHORELINE
AQUA,DANONE,FOOD PACKAGING,PET,SINGLE LAYER,11,DENPASAR,BALI,2023-09-24,COAST/SHORELINE
TORPEDO,"FASHION FOOD CO.,LTD.",FOOD PACKAGING,PP,SINGLE LAYER,5,DENPASAR,BALI,2023-09-24,COAST/SHORELINE
CLEO,TANOBEL FOOD,FOOD PACKAGING,PP,SINGLE LAYER,8,DENPASAR,BALI,2023-09-24,COAST/SHORELINE
PRIMA MINERAL,PT. SINAR SOSRO,FOOD PACKAGING,PET,SINGLE LAYER,12,DENPASAR,BALI,2023-09-24,COAST/SHORELINE
PRIMA MINERAL,PT. SINAR SOSRO,FOOD PACKAGING,PET,SINGLE LAYER,2,DENPASAR,BALI,2023-09-24,COAST/SHORELINE
WALLS,UNILEVER,FOOD PACKAGING,PP,SINGLE LAYER,2,DENPASAR,BALI,2023-09-24,COAST/SHORELINE
UNKNOWN,UNBRANDED,FOOD PACKAGING,PET,SINGLE LAYER,1,DENPASAR,BALI,2023-09-24,COAST/SHORELINE
DUTA,TIRTA REZEKI DEWATA,FOOD PACKAGING,PP,SINGLE LAYER,1,DENPASAR,BALI,2023-09-24,COAST/SHORELINE
TEH PUCUK,MAYORA INDAH,FOOD PACKAGING,PET,SINGLE LAYER,7,DENPASAR,BALI,2023-09-24,COAST/SHORELINE
TEH PUCUK,MAYORA INDAH,FOOD PACKAGING,PET,SINGLE LAYER,2,DENPASAR,BALI,2023-09-24,COAST/SHORELINE
CELEBES,UNKNOWN,FOOD PACKAGING,PP,SINGLE LAYER,2,DENPASAR,BALI,2023-09-24,COAST/SHORELINE
SPRITE,THE COCA-COLA COMPANY,FOOD PACKAGING,PET,SINGLE LAYER,6,DENPASAR,BALI,2023-09-24,COAST/SHORELINE
SPRITE,THE COCA-COLA COMPANY,FOOD PACKAGING,PET,SINGLE LAYER,2,DENPASAR,BALI,2023-09-24,COAST/SHORELINE
FRUIT TEA,SINAR SOSRO,FOOD PACKAGING,PET,SINGLE LAYER,1,DENPASAR,BALI,2023-09-24,COAST/SHORELINE
FRUIT TEA,SINAR SOSRO,FOOD PACKAGING,PET,SINGLE LAYER,2,DENPASAR,BALI,2023-09-24,COAST/SHORELINE
J5,UNKNOWN,FOOD PACKAGING,PP,SINGLE LAYER,2,DENPASAR,BALI,2023-09-24,COAST/SHORELINE
K6,UNKNOWN,FOOD PACKAGING,PP,SINGLE LAYER,1,DENPASAR,BALI,2023-09-24,COAST/SHORELINE
VIT,TIRTA INVESTAMA,FOOD PACKAGING,PET,SINGLE LAYER,1,DENPASAR,BALI,2023-09-24,COAST/SHORELINE
UNKNOWN,UNBRANDED,PERSONAL CARE,HDPE,SINGLE LAYER,9,DENPASAR,BALI,2023-09-24,COAST/SHORELINE
POCARI SWEAT,OTSUKA,FOOD PACKAGING,PET,SINGLE LAYER,1,DENPASAR,BALI,2023-09-24,COAST/SHORELINE
FLORIDINA,WINGS INDONESIA,FOOD PACKAGING,PET,SINGLE LAYER,3,DENPASAR,BALI,2023-09-24,COAST/SHORELINE
FLORIDINA,WINGS INDONESIA,FOOD PACKAGING,PET,SINGLE LAYER,3,DENPASAR,BALI,2023-09-24,COAST/SHORELINE
LARUTAN CAP BADAK,SINDE BUDI SENTOSA,FOOD PACKAGING,PET,SINGLE LAYER,1,DENPASAR,BALI,2023-09-24,COAST/SHORELINE
YOU C-1000,DJOJONEGORO,FOOD PACKAGING,PET,SINGLE LAYER,1,DENPASAR,BALI,2023-09-24,COAST/SHORELINE
YOU C-1000,DJOJONEGORO,FOOD PACKAGING,PET,SINGLE LAYER,1,DENPASAR,BALI,2023-09-24,COAST/SHORELINE
GOOD DAY COFFEE,PT. SANTOS JAYA ABADI,FOOD PACKAGING,PET,SINGLE LAYER,1,DENPASAR,BALI,2023-09-24,COAST/SHORELINE
GOOD DAY COFFEE,PT. SANTOS JAYA ABADI,FOOD PACKAGING,PET,SINGLE LAYER,1,DENPASAR,BALI,2023-09-24,COAST/SHORELINE
COCA COLA,THE COCA-COLA COMPANY,FOOD PACKAGING,PET,SINGLE LAYER,2,DENPASAR,BALI,2023-09-24,COAST/SHORELINE
COCA COLA,THE COCA-COLA COMPANY,FOOD PACKAGING,PET,SINGLE LAYER,2,DENPASAR,BALI,2023-09-24,COAST/SHORELINE
MOMOYO,PT. JUNYI JAYA INDONESIA,FOOD PACKAGING,PP,SINGLE LAYER,1,DENPASAR,BALI,2023-09-24,COAST/SHORELINE
COCA COLA,THE COCA-COLA COMPANY,FOOD PACKAGING,PET,SINGLE LAYER,1,DENPASAR,BALI,2023-09-24,COAST/SHORELINE
COCA COLA,THE COCA-COLA COMPANY,FOOD PACKAGING,PET,SINGLE LAYER,1,DENPASAR,BALI,2023-09-24,COAST/SHORELINE
SPRITE,THE COCA-COLA COMPANY,FOOD PACKAGING,PET,SINGLE LAYER,2,DENPASAR,BALI,2023-09-24,COAST/SHORELINE
SPRITE,THE COCA-COLA COMPANY,FOOD PACKAGING,PET,SINGLE LAYER,1,DENPASAR,BALI,2023-09-24,COAST/SHORELINE
ISOPLUS,WINGS,FOOD PACKAGING,PET,SINGLE LAYER,1,DENPASAR,BALI,2023-09-24,COAST/SHORELINE
ISOPLUS,WINGS,FOOD PACKAGING,PET,SINGLE LAYER,1,DENPASAR,BALI,2023-09-24,COAST/SHORELINE
GUAVA VITA,UNKNOWN,FOOD PACKAGING,PP,SINGLE LAYER,1,DENPASAR,BALI,2023-09-24,COAST/SHORELINE
POCARI SWEAT,OTSUKA,FOOD PACKAGING,PET,SINGLE LAYER,2,DENPASAR,BALI,2023-09-24,COAST/SHORELINE
POCARI SWEAT,OTSUKA,FOOD PACKAGING,PET,SINGLE LAYER,3,DENPASAR,BALI,2023-09-24,COAST/SHORELINE
SAVAY,UNKNOWN,FOOD PACKAGING,PP,SINGLE LAYER,1,DENPASAR,BALI,2023-09-24,COAST/SHORELINE
AICE,AICE,FOOD PACKAGING,PP,SINGLE LAYER,2,DENPASAR,BALI,2023-09-24,COAST/SHORELINE
PAPER CUP,UNBRANDED,FOOD PACKAGING,PS,SINGLE LAYER,13,DENPASAR,BALI,2023-09-24,COAST/SHORELINE
PAPER CUP,UNBRANDED,FOOD PACKAGING,OTHERS,SINGLE LAYER,3,DENPASAR,BALI,2023-09-24,COAST/SHORELINE
OLALA JELLY DRINK,WINGS,FOOD PACKAGING,PP,SINGLE LAYER,1,DENPASAR,BALI,2023-09-24,COAST/SHORELINE
FLOW,UNKNOWN,FOOD PACKAGING,PP,SINGLE LAYER,4,DENPASAR,BALI,2023-09-24,COAST/SHORELINE
OASIS,LASSONDE,FOOD PACKAGING,PET,SINGLE LAYER,1,DENPASAR,BALI,2023-09-24,COAST/SHORELINE
QUEEN,INTERBIS SEJAHTERA,FOOD PACKAGING,PP,SINGLE LAYER,2,DENPASAR,BALI,2023-09-24,COAST/SHORELINE
VITA JELLY,ORANG TUA,FOOD PACKAGING,PET,SINGLE LAYER,1,DENPASAR,BALI,2023-09-24,COAST/SHORELINE
HN SWEAT,UNKNOWN,FOOD PACKAGING,PP,SINGLE LAYER,2,DENPASAR,BALI,2023-09-24,COAST/SHORELINE
FRUITAMIN,INDOFOOD,FOOD PACKAGING,PP,SINGLE LAYER,1,DENPASAR,BALI,2023-09-24,COAST/SHORELINE
KOPI NONGKRONG,WINGS,FOOD PACKAGING,PP,SINGLE LAYER,3,DENPASAR,BALI,2023-09-24,COAST/SHORELINE
INDOMILK,INDOFOOD,FOOD PACKAGING,HDPE,SINGLE LAYER,2,DENPASAR,BALI,2023-09-24,COAST/SHORELINE
ANZY,UNKNOWN,FOOD PACKAGING,PP,SINGLE LAYER,2,DENPASAR,BALI,2023-09-24,COAST/SHORELINE
HYDRO COCO,KALBE FARMA TBK,FOOD PACKAGING,OTHERS,MULTI LAYER,1,DENPASAR,BALI,2023-09-24,COAST/SHORELINE
CRYSTALLINE,ORANG TUA,FOOD PACKAGING,PET,SINGLE LAYER,1,DENPASAR,BALI,2023-09-24,COAST/SHORELINE
NU MILK TEA,PT. ABC PRESIDENT INDONESIA,FOOD PACKAGING,PET,SINGLE LAYER,1,DENPASAR,BALI,2023-09-24,COAST/SHORELINE
NU MILK TEA,PT. ABC PRESIDENT INDONESIA,FOOD PACKAGING,PET,SINGLE LAYER,1,DENPASAR,BALI,2023-09-24,COAST/SHORELINE
ADEM SARI,SARI ENESIS INDAH,FOOD PACKAGING,PET,SINGLE LAYER,1,DENPASAR,BALI,2023-09-24,COAST/SHORELINE
ADEM SARI,SARI ENESIS INDAH,FOOD PACKAGING,PET,SINGLE LAYER,1,DENPASAR,BALI,2023-09-24,COAST/SHORELINE
MILKU,WINGS,FOOD PACKAGING,PET,SINGLE LAYER,1,DENPASAR,BALI,2023-09-24,COAST/SHORELINE
KOPIKAP,PT TIRTA FRESINDO JAYA,FOOD PACKAGING,PP,SINGLE LAYER,2,DENPASAR,BALI,2023-09-24,COAST/SHORELINE
GOLDA,WINGS,FOOD PACKAGING,PET,SINGLE LAYER,1,DENPASAR,BALI,2023-09-24,COAST/SHORELINE
GOLDA,WINGS,FOOD PACKAGING,PET,SINGLE LAYER,1,DENPASAR,BALI,2023-09-24,COAST/SHORELINE
TEBS,SINAR SOSRO,FOOD PACKAGING,PET,SINGLE LAYER,1,DENPASAR,BALI,2023-09-24,COAST/SHORELINE
TEBS,SINAR SOSRO,FOOD PACKAGING,PET,SINGLE LAYER,1,DENPASAR,BALI,2023-09-24,COAST/SHORELINE
AQUA,DANONE,FOOD PACKAGING,PET,SINGLE LAYER,1,DENPASAR,BALI,2023-09-24,COAST/SHORELINE
AQUA,DANONE,FOOD PACKAGING,PET,SINGLE LAYER,1,DENPASAR,BALI,2023-09-24,COAST/SHORELINE
TEH BOTTLE SOSRO,SINAR SOSRO,FOOD PACKAGING,PET,SINGLE LAYER,1,DENPASAR,BALI,2023-09-24,COAST/SHORELINE
TEH BOTTLE SOSRO,SINAR SOSRO,FOOD PACKAGING,PET,SINGLE LAYER,1,DENPASAR,BALI,2023-09-24,COAST/SHORELINE
NUTRIBOOST,THE COCA-COLA COMPANY,FOOD PACKAGING,PET,SINGLE LAYER,1,DENPASAR,BALI,2023-09-24,COAST/SHORELINE
NUTRIBOOST,THE COCA-COLA COMPANY,FOOD PACKAGING,PET,SINGLE LAYER,1,DENPASAR,BALI,2023-09-24,COAST/SHORELINE
LE MINERALE,MAYORA INDAH,FOOD PACKAGING,PET,SINGLE LAYER,1,DENPASAR,BALI,2023-09-24,COAST/SHORELINE
LE MINERALE,MAYORA INDAH,FOOD PACKAGING,PET,SINGLE LAYER,1,DENPASAR,BALI,2023-09-24,COAST/SHORELINE
UNKNOWN,UNBRANDED,OTHERS,LDPE,SINGLE LAYER,1062,DENPASAR,BALI,2023-09-24,COAST/SHORELINE
PLASTIK KRESEK,UNKNOWN,OTHERS,LDPE,SINGLE LAYER,49,DENPASAR,BALI,2023-09-24,COAST/SHORELINE
AOKA,INDONESIA BAKERY FAMILY,FOOD PACKAGING,LDPE,SINGLE LAYER,5,DENPASAR,BALI,2023-09-24,COAST/SHORELINE
JORDAN,JORDAN BAKERY,FOOD PACKAGING,LDPE,SINGLE LAYER,10,DENPASAR,BALI,2023-09-24,COAST/SHORELINE
2 JEMPOL,UNKNOWN,FOOD PACKAGING,LDPE,SINGLE LAYER,13,DENPASAR,BALI,2023-09-24,COAST/SHORELINE
DAIA,WINGS,PERSONAL CARE,LDPE,SINGLE LAYER,7,DENPASAR,BALI,2023-09-24,COAST/SHORELINE
KOPI BALI LUMBUNG MAS,UD. LUMBUNG MAS,FOOD PACKAGING,LDPE,SINGLE LAYER,1,DENPASAR,BALI,2023-09-24,COAST/SHORELINE
DANGDUT,WINGS,PERSONAL CARE,LDPE,SINGLE LAYER,1,DENPASAR,BALI,2023-09-24,COAST/SHORELINE
TALI RAFIA,UNKNOWN,OTHERS,LDPE,SINGLE LAYER,26,DENPASAR,BALI,2023-09-24,COAST/SHORELINE
AJINOMOTO,AJI FROZEN USA CORPORATION,FOOD PACKAGING,LDPE,SINGLE LAYER,1,DENPASAR,BALI,2023-09-24,COAST/SHORELINE
ROSE BRAND,CV BUMI WARAS,FOOD PACKAGING,LDPE,SINGLE LAYER,2,DENPASAR,BALI,2023-09-24,COAST/SHORELINE
NEXTAR,NABATI,FOOD PACKAGING,LDPE,MULTI LAYER,1,DENPASAR,BALI,2023-09-24,COAST/SHORELINE
MIE SEDAP,WINGS,FOOD PACKAGING,LDPE,SINGLE LAYER,3,DENPASAR,BALI,2023-09-24,COAST/SHORELINE
UNKNOWN,UNBRANDED,FOOD PACKAGING,PS,SINGLE LAYER,32,DENPASAR,BALI,2023-09-24,COAST/SHORELINE
KOPI ABC,SANTOS JAYA ABADI,FOOD PACKAGING,PET,MULTI LAYER,3,DENPASAR,BALI,2023-09-24,COAST/SHORELINE
UNKNOWN,UNBRANDED,OTHERS,OTHERS,SINGLE LAYER,12,DENPASAR,BALI,2023-09-24,COAST/SHORELINE
UNKNOWN,UNBRANDED,OTHERS,OTHERS,SINGLE LAYER,5,DENPASAR,BALI,2023-09-24,COAST/SHORELINE
UNKNOWN,UNBRANDED,OTHERS,OTHERS,SINGLE LAYER,2,DENPASAR,BALI,2023-09-24,COAST/SHORELINE
KIKO,PANDARIA MAKMUR (KIKO FACT),FOOD PACKAGING,PET,SINGLE LAYER,3,DENPASAR,BALI,2023-09-24,COAST/SHORELINE
UNKNOWN,UNBRANDED,HOUSEHOLD PRODUCT,PVC,SINGLE LAYER,1,DENPASAR,BALI,2023-09-24,COAST/SHORELINE
POLYTEX,POLYTEX,HOUSEHOLD PRODUCT,PET,SINGLE LAYER,1,DENPASAR,BALI,2023-09-24,COAST/SHORELINE
JAGO,UNKNOWN,FOOD PACKAGING,LDPE,SINGLE LAYER,1,DENPASAR,BALI,2023-09-24,COAST/SHORELINE
GORIORIO,SIANTAR TOP,FOOD PACKAGING,PET,MULTI LAYER,4,DENPASAR,BALI,2023-09-24,COAST/SHORELINE
PIE SUSU DHIAN,CV DHIAN MANDIRI,FOOD PACKAGING,PET,SINGLE LAYER,1,DENPASAR,BALI,2023-09-24,COAST/SHORELINE
ESCADO TIKTOK,PT. INDOSARI MANDIRI,FOOD PACKAGING,PET,UNSURE,1,DENPASAR,BALI,2023-09-24,COAST/SHORELINE
KACANG GARING BOBY,UNKNOWN,FOOD PACKAGING,PET,SINGLE LAYER,6,DENPASAR,BALI,2023-09-24,COAST/SHORELINE
CHIKI,INDOFOOD,FOOD PACKAGING,PET,MULTI LAYER,1,DENPASAR,BALI,2023-09-24,COAST/SHORELINE
SUPERSTAR,MAYORA INDAH,FOOD PACKAGING,PET,MULTI LAYER,1,DENPASAR,BALI,2023-09-24,COAST/SHORELINE
KACANG ATOM,CV GANGSAR,FOOD PACKAGING,PET,UNSURE,6,DENPASAR,BALI,2023-09-24,COAST/SHORELINE
PUTRI SEJATI,UNKNOWN,FOOD PACKAGING,PP,UNSURE,1,DENPASAR,BALI,2023-09-24,COAST/SHORELINE
AQUA,DANONE,FOOD PACKAGING,PET,MULTI LAYER,8,DENPASAR,BALI,2023-09-24,COAST/SHORELINE
LE MINERALE,MAYORA INDAH,FOOD PACKAGING,PET,MULTI LAYER,4,DENPASAR,BALI,2023-09-24,COAST/SHORELINE
POCARI SWEAT,OTSUKA,FOOD PACKAGING,PET,SINGLE LAYER,3,DENPASAR,BALI,2023-09-24,COAST/SHORELINE
MIE BURUNG DARA,SURYA PRATISTA HUTAMA,FOOD PACKAGING,PET,SINGLE LAYER,1,DENPASAR,BALI,2023-09-24,COAST/SHORELINE
BENG-BENG,MAYORA INDAH,FOOD PACKAGING,PET,MULTI LAYER,1,DENPASAR,BALI,2023-09-24,COAST/SHORELINE
ROTI MODERN,UNKNOWN,FOOD PACKAGING,PET,MULTI LAYER,1,DENPASAR,BALI,2023-09-24,COAST/SHORELINE
CLUB,INDOFOOD,FOOD PACKAGING,PET,SINGLE LAYER,2,DENPASAR,BALI,2023-09-24,COAST/SHORELINE
KOPI BANYUATIS,CV. PUSAKA BALI PERSADA,FOOD PACKAGING,PET,SINGLE LAYER,2,DENPASAR,BALI,2023-09-24,COAST/SHORELINE
DOVE,"MARS, INCORPORATED",PERSONAL CARE,PET,MULTI LAYER,1,DENPASAR,BALI,2023-09-24,COAST/SHORELINE
SASA,SASA INTI,FOOD PACKAGING,PET,SINGLE LAYER,1,DENPASAR,BALI,2023-09-24,COAST/SHORELINE
KEVINS,UNKNOWN,OTHERS,OTHERS,SINGLE LAYER,2,DENPASAR,BALI,2023-09-24,COAST/SHORELINE
KELINCI EMAS,UNKNOWN,FOOD PACKAGING,PET,SINGLE LAYER,1,DENPASAR,BALI,2023-09-24,COAST/SHORELINE
LIFEBOUY,UNILEVER,PERSONAL CARE,PET,MULTI LAYER,1,DENPASAR,BALI,2023-09-24,COAST/SHORELINE
FRENCH FRIES,SIANTAR TOP,FOOD PACKAGING,PET,MULTI LAYER,1,DENPASAR,BALI,2023-09-24,COAST/SHORELINE
SARI ROTI,NIPPON INDOSARI CORPINDO,FOOD PACKAGING,PET,SINGLE LAYER,1,DENPASAR,BALI,2023-09-24,COAST/SHORELINE
NESCAFE,NESTLE,FOOD PACKAGING,PET,MULTI LAYER,1,DENPASAR,BALI,2023-09-24,COAST/SHORELINE
RAJAWALI,UNBRANDED,FOOD PACKAGING,PET,SINGLE LAYER,1,DENPASAR,BALI,2023-09-24,COAST/SHORELINE
PASEO,ASIA PULP & PAPER GROUP,PERSONAL CARE,PET,SINGLE LAYER,1,DENPASAR,BALI,2023-09-24,COAST/SHORELINE
INTERNASIONAL,UNKNOWN,SMOKING MATERIAL,OTHERS,SINGLE LAYER,4,DENPASAR,BALI,2023-09-24,COAST/SHORELINE
MAMYPOKO,LG HOUSEHOLD & HEALTH CARE,PERSONAL CARE,PET,SINGLE LAYER,1,DENPASAR,BALI,2023-09-24,COAST/SHORELINE
NARMADA,NARMADA AWET MUDA,FOOD PACKAGING,PET,SINGLE LAYER,1,DENPASAR,BALI,2023-09-24,COAST/SHORELINE
SO NICE,SO GOOD,FOOD PACKAGING,PET,SINGLE LAYER,1,DENPASAR,BALI,2023-09-24,COAST/SHORELINE
COCA COLA,THE COCA-COLA COMPANY,FOOD PACKAGING,PET,MULTI LAYER,2,DENPASAR,BALI,2023-09-24,COAST/SHORELINE
YAKULT,YAKULT,FOOD PACKAGING,PET,SINGLE LAYER,3,DENPASAR,BALI,2023-09-24,COAST/SHORELINE
CHAMP NUGGET,PT. CHAROEN POKPHAND INDONESIA,FOOD PACKAGING,PET,SINGLE LAYER,1,DENPASAR,BALI,2023-09-24,COAST/SHORELINE
KOPI TUGU BUAYA,PT. INDRACO JAYA PERKASA GRESIK,FOOD PACKAGING,PET,SINGLE LAYER,1,DENPASAR,BALI,2023-09-24,COAST/SHORELINE
KUDAMAS,PT. ANEKA INTI BUMI TANGERANG,FOOD PACKAGING,PET,SINGLE LAYER,1,DENPASAR,BALI,2023-09-24,COAST/SHORELINE
CHIP MART,UNKNOWN,FOOD PACKAGING,PET,MULTI LAYER,1,DENPASAR,BALI,2023-09-24,COAST/SHORELINE
TRUFFLE,UNKNOWN,FOOD PACKAGING,PET,MULTI LAYER,1,DENPASAR,BALI,2023-09-24,COAST/SHORELINE
FANTA,THE COCA-COLA COMPANY,FOOD PACKAGING,PET,SINGLE LAYER,1,DENPASAR,BALI,2023-09-24,COAST/SHORELINE
SAJIKU,AJINOMOTO,FOOD PACKAGING,PET,SINGLE LAYER,1,DENPASAR,BALI,2023-09-24,COAST/SHORELINE
OSAKA,UNBRANDED,FOOD PACKAGING,PET,SINGLE LAYER,1,DENPASAR,BALI,2023-09-24,COAST/SHORELINE
PIE SUSU CHANDRA,PIE SUSU CHANDRA,FOOD PACKAGING,PET,SINGLE LAYER,1,DENPASAR,BALI,2023-09-24,COAST/SHORELINE
CHOCOLATOS,GARUDA FOOD,FOOD PACKAGING,PET,MULTI LAYER,1,DENPASAR,BALI,2023-09-24,COAST/SHORELINE
TERASI UDANG,UNKNOWN,FOOD PACKAGING,PET,SINGLE LAYER,1,DENPASAR,BALI,2023-09-24,COAST/SHORELINE
ROMA,MAYORA INDAH,FOOD PACKAGING,PET,MULTI LAYER,1,DENPASAR,BALI,2023-09-24,COAST/SHORELINE
SARIMI,INDOFOOD,FOOD PACKAGING,PET,SINGLE LAYER,1,DENPASAR,BALI,2023-09-24,COAST/SHORELINE
LOMBOK SAOS,ECHO,FOOD PACKAGING,PET,SINGLE LAYER,1,DENPASAR,BALI,2023-09-24,COAST/SHORELINE
WALLS,UNILEVER,FOOD PACKAGING,PET,MULTI LAYER,1,DENPASAR,BALI,2023-09-24,COAST/SHORELINE
LATEX GLOVES,UNKNOWN,HOUSEHOLD PRODUCT,PET,SINGLE LAYER,3,DENPASAR,BALI,2023-09-24,COAST/SHORELINE
TERASI BONANG,UD. HARTA LAUT,FOOD PACKAGING,PET,SINGLE LAYER,1,DENPASAR,BALI,2023-09-24,COAST/SHORELINE
RINDU MAS,UNKNOWN,FOOD PACKAGING,PET,SINGLE LAYER,1,DENPASAR,BALI,2023-09-24,COAST/SHORELINE
FULLO,PREMIER MARKETING PUBLIC COMPANY LIMITED,FOOD PACKAGING,PET,MULTI LAYER,1,DENPASAR,BALI,2023-09-24,COAST/SHORELINE
KACANG SANGHAI,UNKNOWN,FOOD PACKAGING,PET,SINGLE LAYER,1,DENPASAR,BALI,2023-09-24,COAST/SHORELINE
BOLA MAS,UNKNOWN,FOOD PACKAGING,PET,SINGLE LAYER,1,DENPASAR,BALI,2023-09-24,COAST/SHORELINE
SAMYANG,SAMYANG FOODS,FOOD PACKAGING,PET,MULTI LAYER,1,DENPASAR,BALI,2023-09-24,COAST/SHORELINE
COY BAKERY,PT. GOOD SPICE FOOD BANDUNG,FOOD PACKAGING,PET,SINGLE LAYER,1,DENPASAR,BALI,2023-09-24,COAST/SHORELINE
LEMONILO,LEMONILO,FOOD PACKAGING,PET,SINGLE LAYER,1,DENPASAR,BALI,2023-09-24,COAST/SHORELINE
BIJAG,SINAR PANGAN SEJAHTERA,FOOD PACKAGING,PET,SINGLE LAYER,1,DENPASAR,BALI,2023-09-24,COAST/SHORELINE
MY JELLY,WONG COCO,FOOD PACKAGING,PET,SINGLE LAYER,1,DENPASAR,BALI,2023-09-24,COAST/SHORELINE
PADIMAS,STANLY TRIJAYA MANDIRI,FOOD PACKAGING,PET,SINGLE LAYER,1,DENPASAR,BALI,2023-09-24,COAST/SHORELINE
BISKUIT REGI,PT. JAYA UTAMA SANTIKAH,FOOD PACKAGING,PET,SINGLE LAYER,1,DENPASAR,BALI,2023-09-24,COAST/SHORELINE
BLUDER,COKRO GROUP,FOOD PACKAGING,PET,SINGLE LAYER,2,DENPASAR,BALI,2023-09-24,COAST/SHORELINE
KAOS LAMPU,UNKNOWN,FISHING GEAR,PET,SINGLE LAYER,1,DENPASAR,BALI,2023-09-24,COAST/SHORELINE
CLEO,TANOBEL FOOD,FOOD PACKAGING,PET,SINGLE LAYER,1,DENPASAR,BALI,2023-09-24,COAST/SHORELINE
NEA BEAUTY,CV. NEA BEAUTY,PERSONAL CARE,PET,SINGLE LAYER,1,DENPASAR,BALI,2023-09-24,COAST/SHORELINE
GABIN,PT. PANCA PEDJA SEJAHTERA,FOOD PACKAGING,PET,MULTI LAYER,1,DENPASAR,BALI,2023-09-24,COAST/SHORELINE
MILKITA,UNIFAM,FOOD PACKAGING,PET,MULTI LAYER,1,DENPASAR,BALI,2023-09-24,COAST/SHORELINE
RELAXA,AGEL LANGGENG,FOOD PACKAGING,PET,MULTI LAYER,7,DENPASAR,BALI,2023-09-24,COAST/SHORELINE
POWER PROPELLER,UNKNOWN,FISHING GEAR,OTHERS,MULTI LAYER,1,DENPASAR,BALI,2023-09-24,COAST/SHORELINE
SPRITE,THE COCA-COLA COMPANY,FOOD PACKAGING,PET,MULTI LAYER,1,DENPASAR,BALI,2023-09-24,COAST/SHORELINE
IRC TIRE,UNKNOWN,FISHING GEAR,PS,MULTI LAYER,1,DENPASAR,BALI,2023-09-24,COAST/SHORELINE
SNACK MISTER KING,UNKNOWN,FOOD PACKAGING,PET,SINGLE LAYER,1,DENPASAR,BALI,2023-09-24,COAST/SHORELINE
CARBON CAIL PANCING,UNKNOWN,FISHING GEAR,PP,MULTI LAYER,1,DENPASAR,BALI,2023-09-24,COAST/SHORELINE
ROMA,MAYORA INDAH,FOOD PACKAGING,PET,MULTI LAYER,1,DENPASAR,BALI,2023-09-24,COAST/SHORELINE
MIZONE,DANONE,FOOD PACKAGING,PET,SINGLE LAYER,1,DENPASAR,BALI,2023-09-24,COAST/SHORELINE
AICE,AICE,FOOD PACKAGING,PET,SINGLE LAYER,1,DENPASAR,BALI,2023-09-24,COAST/SHORELINE
NEOTOGEN,PT. WIHADIL,FOOD PACKAGING,LDPE,SINGLE LAYER,1,DENPASAR,BALI,2023-09-24,COAST/SHORELINE
BOLA LAMPU,UNKNOWN,HOUSEHOLD PRODUCT,PET,SINGLE LAYER,1,DENPASAR,BALI,2023-09-24,COAST/SHORELINE
RINSO,UNILEVER,PERSONAL CARE,LDPE,MULTI LAYER,1,DENPASAR,BALI,2023-09-24,COAST/SHORELINE
BAWANG MERAH GORENG,INDRA MUKTI SEGARA,FOOD PACKAGING,PET,SINGLE LAYER,1,DENPASAR,BALI,2023-09-24,COAST/SHORELINE
LUMP SUGAR,PT. JAYA UTAMA SANTIKAH,FOOD PACKAGING,PET,MULTI LAYER,1,DENPASAR,BALI,2023-09-24,COAST/SHORELINE
TERASI UDANG,UNKNOWN,FOOD PACKAGING,PET,SINGLE LAYER,1,DENPASAR,BALI,2023-09-24,COAST/SHORELINE
REBO,GUMINDO BOGAMANIS,FOOD PACKAGING,PET,MULTI LAYER,1,DENPASAR,BALI,2023-09-24,COAST/SHORELINE
AICE,AICE,FOOD PACKAGING,PET,MULTI LAYER,2,DENPASAR,BALI,2023-09-24,COAST/SHORELINE
MILKU,WINGS,FOOD PACKAGING,PET,MULTI LAYER,1,DENPASAR,BALI,2023-09-24,COAST/SHORELINE
BAMBOE,UNKNOWN,OTHERS,OTHERS,SINGLE LAYER,1,DENPASAR,BALI,2023-09-24,COAST/SHORELINE
BISTIK,UNKNOWN,OTHERS,OTHERS,MULTI LAYER,1,DENPASAR,BALI,2023-09-24,COAST/SHORELINE
SAMBAL FRIED CHICKEN,INDOFOOD,FOOD PACKAGING,PET,MULTI LAYER,1,DENPASAR,BALI,2023-09-24,COAST/SHORELINE
OKKY JELLY DRINK,TUDUNG GROUP,FOOD PACKAGING,PET,MULTI LAYER,1,DENPASAR,BALI,2023-09-24,COAST/SHORELINE
JAIPONG KACANG,UNKNOWN,FOOD PACKAGING,PET,MULTI LAYER,1,DENPASAR,BALI,2023-09-24,COAST/SHORELINE
TOP BINTANG PERMEN,UNKNOWN,FOOD PACKAGING,PET,MULTI LAYER,1,DENPASAR,BALI,2023-09-24,COAST/SHORELINE
YUPI,YUPINDO,FOOD PACKAGING,PET,SINGLE LAYER,1,DENPASAR,BALI,2023-09-24,COAST/SHORELINE
KUACI,FOR EAST,FOOD PACKAGING,PET,MULTI LAYER,1,DENPASAR,BALI,2023-09-24,COAST/SHORELINE
MARSHMALLOW DORAEMON,UNKNOWN,FOOD PACKAGING,PET,MULTI LAYER,1,DENPASAR,BALI,2023-09-24,COAST/SHORELINE
INTERBIS BISKUIT,UNKNOWN,FOOD PACKAGING,PET,SINGLE LAYER,1,DENPASAR,BALI,2023-09-24,COAST/SHORELINE
MENTOS,PERFETTI VAN MELLE,FOOD PACKAGING,PET,MULTI LAYER,2,DENPASAR,BALI,2023-09-24,COAST/SHORELINE
BUNGKUS PERMEN,UNKNOWN,FOOD PACKAGING,PET,MULTI LAYER,3,DENPASAR,BALI,2023-09-24,COAST/SHORELINE
MIE SUKSES,WINGS,FOOD PACKAGING,PET,SINGLE LAYER,1,DENPASAR,BALI,2023-09-24,COAST/SHORELINE
AQUA,DANONE,FOOD PACKAGING,HDPE,SINGLE LAYER,85,DENPASAR,BALI,2023-09-24,COAST/SHORELINE
CLEO,TANOBEL FOOD,FOOD PACKAGING,HDPE,SINGLE LAYER,18,DENPASAR,BALI,2023-09-24,COAST/SHORELINE
TEH PUCUK,MAYORA INDAH,FOOD PACKAGING,HDPE,SINGLE LAYER,8,DENPASAR,BALI,2023-09-24,COAST/SHORELINE
POCARI SWEAT,OTSUKA,FOOD PACKAGING,HDPE,SINGLE LAYER,6,DENPASAR,BALI,2023-09-24,COAST/SHORELINE
COCA COLA,THE COCA-COLA COMPANY,FOOD PACKAGING,HDPE,SINGLE LAYER,17,DENPASAR,BALI,2023-09-24,COAST/SHORELINE
CRISTALINE,GROUPE ALMA,FOOD PACKAGING,HDPE,SINGLE LAYER,3,DENPASAR,BALI,2023-09-24,COAST/SHORELINE
PRIMA MINERAL,PT. SINAR SOSRO,FOOD PACKAGING,HDPE,SINGLE LAYER,1,DENPASAR,BALI,2023-09-24,COAST/SHORELINE
NARMADA,NARMADA AWET MUDA,FOOD PACKAGING,HDPE,SINGLE LAYER,1,DENPASAR,BALI,2023-09-24,COAST/SHORELINE
COLAN,UNKNOWN,FOOD PACKAGING,HDPE,SINGLE LAYER,1,DENPASAR,BALI,2023-09-24,COAST/SHORELINE
UNKNOWN,UNBRANDED,FOOD PACKAGING,HDPE,SINGLE LAYER,91,DENPASAR,BALI,2023-09-24,COAST/SHORELINE
LE MINERALE,MAYORA INDAH,FOOD PACKAGING,HDPE,SINGLE LAYER,4,DENPASAR,BALI,2023-09-24,COAST/SHORELINE
BKP,UNKNOWN,FOOD PACKAGING,HDPE,SINGLE LAYER,2,DENPASAR,BALI,2023-09-24,COAST/SHORELINE
ADES,THE COCA-COLA COMPANY,FOOD PACKAGING,HDPE,SINGLE LAYER,1,DENPASAR,BALI,2023-09-24,COAST/SHORELINE
LARUTAN CAP KAKI TIGA,KINO,FOOD PACKAGING,HDPE,SINGLE LAYER,3,DENPASAR,BALI,2023-09-24,COAST/SHORELINE
YOU C-1000,DJOJONEGORO,FOOD PACKAGING,HDPE,SINGLE LAYER,3,DENPASAR,BALI,2023-09-24,COAST/SHORELINE
MIZONE,DANONE,FOOD PACKAGING,HDPE,SINGLE LAYER,5,DENPASAR,BALI,2023-09-24,COAST/SHORELINE
ISOPLUS,WINGS,FOOD PACKAGING,HDPE,SINGLE LAYER,1,DENPASAR,BALI,2023-09-24,COAST/SHORELINE
TEH BOTTLE,SINAR SOSRO,FOOD PACKAGING,HDPE,SINGLE LAYER,1,DENPASAR,BALI,2023-09-24,COAST/SHORELINE
NU GREEN TEA,PT. ABC PRESIDENT INDONESIA,FOOD PACKAGING,HDPE,SINGLE LAYER,1,DENPASAR,BALI,2023-09-24,COAST/SHORELINE
GOOD DAY COFFEE,PT. SANTOS JAYA ABADI,FOOD PACKAGING,PET,SINGLE LAYER,1,DENPASAR,BALI,2023-09-24,COAST/SHORELINE
ADEM SARI,SARI ENESIS INDAH,FOOD PACKAGING,PET,SINGLE LAYER,1,DENPASAR,BALI,2023-09-24,COAST/SHORELINE
TEBS,SINAR SOSRO,FOOD PACKAGING,PET,SINGLE LAYER,1,DENPASAR,BALI,2023-09-24,COAST/SHORELINE
GOLDA COFFEE,WINGS,FOOD PACKAGING,PET,SINGLE LAYER,1,DENPASAR,BALI,2023-09-24,COAST/SHORELINE
VIT,TIRTA INVESTAMA,FOOD PACKAGING,PET,SINGLE LAYER,1,DENPASAR,BALI,2023-09-24,COAST/SHORELINE
ISI ULANG,UNKNOWN,FOOD PACKAGING,HDPE,SINGLE LAYER,8,DENPASAR,BALI,2023-09-24,COAST/SHORELINE
BOTTLE OLI PERTAMINA,UNKNOWN,OTHERS,HDPE,SINGLE LAYER,16,DENPASAR,BALI,2023-09-24,COAST/SHORELINE
FLORIDINA,WINGS INDONESIA,FOOD PACKAGING,HDPE,SINGLE LAYER,3,DENPASAR,BALI,2023-09-24,COAST/SHORELINE
COIL VAPE,UNKNOWN,FOOD PACKAGING,HDPE,SINGLE LAYER,1,DENPASAR,BALI,2023-09-24,COAST/SHORELINE
FANTA,THE COCA-COLA COMPANY,FOOD PACKAGING,HDPE,SINGLE LAYER,1,DENPASAR,BALI,2023-09-24,COAST/SHORELINE
PEPSODENT,UNILEVER,PERSONAL CARE,HDPE,SINGLE LAYER,6,DENPASAR,BALI,2023-09-24,COAST/SHORELINE
KONIMEX,PT. KONIMEX,PERSONAL CARE,HDPE,SINGLE LAYER,2,DENPASAR,BALI,2023-09-24,COAST/SHORELINE
GOLDA COFFEE,WINGS,FOOD PACKAGING,HDPE,SINGLE LAYER,1,DENPASAR,BALI,2023-09-24,COAST/SHORELINE
YOYIC,YOYIC DAIRY,FOOD PACKAGING,HDPE,SINGLE LAYER,1,DENPASAR,BALI,2023-09-24,COAST/SHORELINE
NARMADA,NARMADA AWET MUDA,FOOD PACKAGING,HDPE,SINGLE LAYER,1,DENPASAR,BALI,2023-09-24,COAST/SHORELINE
JELLY OLLYA,PT. ALLOY MANDIRI FOOD,FOOD PACKAGING,PET,SINGLE LAYER,2,DENPASAR,BALI,2023-09-24,COAST/SHORELINE
AQUA,DANONE,FOOD PACKAGING,PP,SINGLE LAYER,2,DENPASAR,BALI,2023-09-24,COAST/SHORELINE
S-TEE,SINAR SOSRO,FOOD PACKAGING,OTHERS,MULTI LAYER,1,DENPASAR,BALI,2023-09-24,COAST/SHORELINE
PADIMAS,STANLY TRIJAYA MANDIRI,FOOD PACKAGING,LDPE,MULTI LAYER,10,DENPASAR,BALI,2023-09-24,COAST/SHORELINE
FANTA,THE COCA-COLA COMPANY,FOOD PACKAGING,PP,SINGLE LAYER,2,DENPASAR,BALI,2023-09-24,COAST/SHORELINE
CLEO,TANOBEL FOOD,FOOD PACKAGING,PP,SINGLE LAYER,1,DENPASAR,BALI,2023-09-24,COAST/SHORELINE
UNKNOWN,UNBRANDED,FOOD PACKAGING,PP,SINGLE LAYER,9,DENPASAR,BALI,2023-09-24,COAST/SHORELINE
UNKNOWN,UNBRANDED,FOOD PACKAGING,PS,SINGLE LAYER,2,DENPASAR,BALI,2023-09-24,COAST/SHORELINE
UNKNOWN,UNBRANDED,FOOD PACKAGING,LDPE,MULTI LAYER,1,DENPASAR,BALI,2023-09-24,COAST/SHORELINE
SUPERSTAR,MAYORA INDAH,FOOD PACKAGING,PET,SINGLE LAYER,2,DENPASAR,BALI,2023-09-24,COAST/SHORELINE
RELAXA,AGEL LANGGENG,OTHERS,OTHERS,MULTI LAYER,8,DENPASAR,BALI,2023-09-24,COAST/SHORELINE
TONABEL,UNKNOWN,FOOD PACKAGING,OTHERS,MULTI LAYER,1,DENPASAR,BALI,2023-09-24,COAST/SHORELINE
POP MIE,INDOFOOD,FOOD PACKAGING,PS,SINGLE LAYER,4,DENPASAR,BALI,2023-09-24,COAST/SHORELINE
IN MILD,DJARUM,SMOKING MATERIAL,OTHERS,MULTI LAYER,3,DENPASAR,BALI,2023-09-24,COAST/SHORELINE
LAMPU,UNKNOWN,HOUSEHOLD PRODUCT,OTHERS,MULTI LAYER,2,DENPASAR,BALI,2023-09-24,COAST/SHORELINE
COUNTRY,BENTOEL TBK,SMOKING MATERIAL,OTHERS,MULTI LAYER,1,DENPASAR,BALI,2023-09-24,COAST/SHORELINE
KIS,MAYORA INDAH,FOOD PACKAGING,OTHERS,MULTI LAYER,2,DENPASAR,BALI,2023-09-24,COAST/SHORELINE
HOT-HOT,ISOMA MALANG,FOOD PACKAGING,OTHERS,MULTI LAYER,1,DENPASAR,BALI,2023-09-24,COAST/SHORELINE
UNKNOWN,UNBRANDED,FOOD PACKAGING,PS,SINGLE LAYER,3,DENPASAR,BALI,2023-09-24,COAST/SHORELINE
UNKNOWN,UNBRANDED,PERSONAL CARE,OTHERS,MULTI LAYER,1,DENPASAR,BALI,2023-09-24,COAST/SHORELINE
YAKULT,YAKULT,FOOD PACKAGING,PET,SINGLE LAYER,5,DENPASAR,BALI,2023-09-24,COAST/SHORELINE
TEH GELAS,ORANG TUA,FOOD PACKAGING,PP,SINGLE LAYER,1,DENPASAR,BALI,2023-09-24,COAST/SHORELINE
FONT AQUA,UNKNOWN,FOOD PACKAGING,PP,SINGLE LAYER,1,DENPASAR,BALI,2023-09-24,COAST/SHORELINE
ECOQUA,AIR GANGGA DEWATA ALAMI,FOOD PACKAGING,PP,SINGLE LAYER,1,DENPASAR,BALI,2023-09-24,COAST/SHORELINE
UNKNOWN,UNBRANDED,FOOD PACKAGING,PS,SINGLE LAYER,22,DENPASAR,BALI,2023-09-24,COAST/SHORELINE
UNKNOWN,UNBRANDED,HOUSEHOLD PRODUCT,OTHERS,MULTI LAYER,1,DENPASAR,BALI,2023-09-24,COAST/SHORELINE
UNKNOWN,UNBRANDED,PERSONAL CARE,PP,MULTI LAYER,1,DENPASAR,BALI,2023-09-24,COAST/SHORELINE
AQUA,DANONE,FOOD PACKAGING,PET,SINGLE LAYER,1,DENPASAR,BALI,2023-09-24,COAST/SHORELINE
AQUA,DANONE,FOOD PACKAGING,PP,SINGLE LAYER,1,DENPASAR,BALI,2023-09-24,COAST/SHORELINE
COCA COLA,THE COCA-COLA COMPANY,FOOD PACKAGING,OTHERS,MULTI LAYER,1,DENPASAR,BALI,2023-09-24,COAST/SHORELINE
RED BULL,RED BULL,FOOD PACKAGING,OTHERS,MULTI LAYER,1,DENPASAR,BALI,2023-09-24,COAST/SHORELINE
CHITATO,INDOFOOD,FOOD PACKAGING,PET,MULTI LAYER,3,DENPASAR,BALI,2023-09-24,COAST/SHORELINE
TANGO,TANGO,FOOD PACKAGING,PET,MULTI LAYER,1,DENPASAR,BALI,2023-09-24,COAST/SHORELINE
POTA BEE,WINGS,FOOD PACKAGING,PET,MULTI LAYER,1,DENPASAR,BALI,2023-09-24,COAST/SHORELINE
NABATI,NABATI GROUP.,FOOD PACKAGING,PET,MULTI LAYER,1,DENPASAR,BALI,2023-09-24,COAST/SHORELINE
SPIX,SIANTAR TOP,FOOD PACKAGING,PET,MULTI LAYER,2,DENPASAR,BALI,2023-09-24,COAST/SHORELINE
CHIKI,INDOFOOD,FOOD PACKAGING,PET,MULTI LAYER,1,DENPASAR,BALI,2023-09-24,COAST/SHORELINE
OREO,DONGSUH FOODS,FOOD PACKAGING,PET,MULTI LAYER,2,DENPASAR,BALI,2023-09-24,COAST/SHORELINE
TIC TAC,FERRERO GROUP,FOOD PACKAGING,PET,MULTI LAYER,1,DENPASAR,BALI,2023-09-24,COAST/SHORELINE
KWACI,UNKNOWN,FOOD PACKAGING,PET,MULTI LAYER,2,DENPASAR,BALI,2023-09-24,COAST/SHORELINE
WAFELO,MAYORA INDAH,FOOD PACKAGING,PET,MULTI LAYER,2,DENPASAR,BALI,2023-09-24,COAST/SHORELINE
OISHI,LIWAYWAY HOLDINGS COMPANY LIMITED,FOOD PACKAGING,PET,MULTI LAYER,1,DENPASAR,BALI,2023-09-24,COAST/SHORELINE
SAYANG,PT. KAPAL API GLOBAL,FOOD PACKAGING,PET,MULTI LAYER,1,DENPASAR,BALI,2023-09-24,COAST/SHORELINE
BUAVITA,UNILEVER,FOOD PACKAGING,OTHERS,MULTI LAYER,1,DENPASAR,BALI,2023-09-24,COAST/SHORELINE
ROMA,MAYORA INDAH,FOOD PACKAGING,PET,MULTI LAYER,1,DENPASAR,BALI,2023-09-24,COAST/SHORELINE
GORIORIO,SIANTAR TOP,FOOD PACKAGING,PET,MULTI LAYER,1,DENPASAR,BALI,2023-09-24,COAST/SHORELINE
TROPICAL,BIMA KARYA PRIMA,FOOD PACKAGING,PET,MULTI LAYER,1,DENPASAR,BALI,2023-09-24,COAST/SHORELINE
FRUIT TEA,SINAR SOSRO,FOOD PACKAGING,PET,MULTI LAYER,1,DENPASAR,BALI,2023-09-24,COAST/SHORELINE
CAMELO,SUMBER TIRTA PAMENANG,FOOD PACKAGING,PET,MULTI LAYER,1,DENPASAR,BALI,2023-09-24,COAST/SHORELINE
HELLO PANDA,"MEIJI HOLDINGS CO., LTD",FOOD PACKAGING,PET,MULTI LAYER,1,DENPASAR,BALI,2023-09-24,COAST/SHORELINE
CHIPS RIBUT,CV RIBUT SNACK,FOOD PACKAGING,PET,MULTI LAYER,1,DENPASAR,BALI,2023-09-24,COAST/SHORELINE
GO POTATO,SIANTAR TOP,FOOD PACKAGING,PET,MULTI LAYER,1,DENPASAR,BALI,2023-09-24,COAST/SHORELINE
JAGUNG BAKAR,UNKNOWN,FOOD PACKAGING,PET,MULTI LAYER,1,DENPASAR,BALI,2023-09-24,COAST/SHORELINE
POP MIE,INDOFOOD,FOOD PACKAGING,PET,MULTI LAYER,1,DENPASAR,BALI,2023-09-24,COAST/SHORELINE
PADDLE POP,UNILEVER,FOOD PACKAGING,PET,MULTI LAYER,1,DENPASAR,BALI,2023-09-24,COAST/SHORELINE
RINSO,UNILEVER,FOOD PACKAGING,PET,MULTI LAYER,1,DENPASAR,BALI,2023-09-24,COAST/SHORELINE
NEXTAR,NABATI,FOOD PACKAGING,LDPE,MULTI LAYER,1,DENPASAR,BALI,2023-09-24,COAST/SHORELINE
KINDER JOY,FERRERO GROUP,FOOD PACKAGING,LDPE,MULTI LAYER,2,DENPASAR,BALI,2023-09-24,COAST/SHORELINE
MEPROBAL,UNKNOWN,FOOD PACKAGING,OTHERS,MULTI LAYER,1,DENPASAR,BALI,2023-09-24,COAST/SHORELINE
LEMONIA,PT. SERENA INDOPANGAN INDUSTRI,FOOD PACKAGING,LDPE,MULTI LAYER,1,DENPASAR,BALI,2023-09-24,COAST/SHORELINE
TONG GARDEN,TONG GARDEN,FOOD PACKAGING,LDPE,MULTI LAYER,1,DENPASAR,BALI,2023-09-24,COAST/SHORELINE
CHOCORETO ROLLS,PT. MANOHARA ASRI,FOOD PACKAGING,LDPE,MULTI LAYER,1,DENPASAR,BALI,2023-09-24,COAST/SHORELINE
KOPIKO,MAYORA INDAH,FOOD PACKAGING,PP,MULTI LAYER,1,DENPASAR,BALI,2023-09-24,COAST/SHORELINE
CLEO,TANOBEL FOOD,FOOD PACKAGING,PS,MULTI LAYER,1,DENPASAR,BALI,2023-09-24,COAST/SHORELINE
UNKNOWN,UNBRANDED,FOOD PACKAGING,PS,SINGLE LAYER,,DENPASAR,BALI,2023-09-24,COAST/SHORELINE
UNKNOWN,UNBRANDED,FOOD PACKAGING,PS,SINGLE LAYER,1,DENPASAR,BALI,2023-09-24,COAST/SHORELINE
JOYDAY,GREEN ASIA FOOD,FOOD PACKAGING,LDPE,MULTI LAYER,1,DENPASAR,BALI,2023-09-24,COAST/SHORELINE
TIC TAC,FERRERO GROUP,FOOD PACKAGING,LDPE,MULTI LAYER,4,DENPASAR,BALI,2023-09-24,COAST/SHORELINE
JAIPONG KACANG,UNKNOWN,FOOD PACKAGING,LDPE,MULTI LAYER,1,DENPASAR,BALI,2023-09-24,COAST/SHORELINE
CHITATO,INDOFOOD,FOOD PACKAGING,LDPE,MULTI LAYER,14,DENPASAR,BALI,2023-09-24,COAST/SHORELINE
AICE,AICE,FOOD PACKAGING,LDPE,MULTI LAYER,21,DENPASAR,BALI,2023-09-24,COAST/SHORELINE
GORIORIO,SIANTAR TOP,FOOD PACKAGING,LDPE,MULTI LAYER,9,DENPASAR,BALI,2023-09-24,COAST/SHORELINE
QUEEN,INTERBIS SEJAHTERA,FOOD PACKAGING,LDPE,MULTI LAYER,1,DENPASAR,BALI,2023-09-24,COAST/SHORELINE
NABATI,NABATI GROUP.,FOOD PACKAGING,LDPE,MULTI LAYER,6,DENPASAR,BALI,2023-09-24,COAST/SHORELINE
ULTRA MILK,ULTRAJAYA,FOOD PACKAGING,OTHERS,MULTI LAYER,4,DENPASAR,BALI,2023-09-24,COAST/SHORELINE
NESCAFE,NESTLE,FOOD PACKAGING,LDPE,MULTI LAYER,9,DENPASAR,BALI,2023-09-24,COAST/SHORELINE
PONDS,UNILEVER,PERSONAL CARE,HDPE,MULTI LAYER,1,DENPASAR,BALI,2023-09-24,COAST/SHORELINE
FULLO,PREMIER MARKETING PUBLIC COMPANY LIMITED,FOOD PACKAGING,LDPE,MULTI LAYER,2,DENPASAR,BALI,2023-09-24,COAST/SHORELINE
NEW DIATAB,UNKNOWN,PERSONAL CARE,OTHERS,MULTI LAYER,1,DENPASAR,BALI,2023-09-24,COAST/SHORELINE
BOLU DONAT,UNKNOWN,FOOD PACKAGING,LDPE,MULTI LAYER,1,DENPASAR,BALI,2023-09-24,COAST/SHORELINE
TAMARIN,MAYORA INDAH,FOOD PACKAGING,LDPE,MULTI LAYER,1,DENPASAR,BALI,2023-09-24,COAST/SHORELINE
BLASTER,ULTRA PRIMA ABADI,FOOD PACKAGING,LDPE,MULTI LAYER,1,DENPASAR,BALI,2023-09-24,COAST/SHORELINE
SAGO,UNKNOWN,FOOD PACKAGING,LDPE,MULTI LAYER,1,DENPASAR,BALI,2023-09-24,COAST/SHORELINE
ZARA TEA,UNKNOWN,FOOD PACKAGING,LDPE,MULTI LAYER,1,DENPASAR,BALI,2023-09-24,COAST/SHORELINE
WALLS,UNILEVER,FOOD PACKAGING,LDPE,MULTI LAYER,9,DENPASAR,BALI,2023-09-24,COAST/SHORELINE
YUPI,YUPINDO,FOOD PACKAGING,LDPE,MULTI LAYER,2,DENPASAR,BALI,2023-09-24,COAST/SHORELINE
CHOCOLATOS,GARUDA FOOD,FOOD PACKAGING,LDPE,MULTI LAYER,11,DENPASAR,BALI,2023-09-24,COAST/SHORELINE
ROMA,MAYORA INDAH,FOOD PACKAGING,LDPE,MULTI LAYER,1,DENPASAR,BALI,2023-09-24,COAST/SHORELINE
FRENCH FRIES,SIANTAR TOP,FOOD PACKAGING,LDPE,MULTI LAYER,9,DENPASAR,BALI,2023-09-24,COAST/SHORELINE
MIE SEDAP,WINGS,FOOD PACKAGING,LDPE,MULTI LAYER,13,DENPASAR,BALI,2023-09-24,COAST/SHORELINE
SUPERSTAR,MAYORA INDAH,FOOD PACKAGING,LDPE,MULTI LAYER,9,DENPASAR,BALI,2023-09-24,COAST/SHORELINE
DUA KELINCI,DUA KELINCI,FOOD PACKAGING,LDPE,MULTI LAYER,1,DENPASAR,BALI,2023-09-24,COAST/SHORELINE
MOMOGI,SARI MURNI,FOOD PACKAGING,LDPE,MULTI LAYER,7,DENPASAR,BALI,2023-09-24,COAST/SHORELINE
ATTACK,KAO CORPORATION CHEMICALS COMPANY,PERSONAL CARE,LDPE,MULTI LAYER,1,DENPASAR,BALI,2023-09-24,COAST/SHORELINE
DAIA,WINGS,PERSONAL CARE,LDPE,MULTI LAYER,10,DENPASAR,BALI,2023-09-24,COAST/SHORELINE
UTSUKUSHHII,AFC LIFESCIENCE,FOOD PACKAGING,LDPE,MULTI LAYER,1,DENPASAR,BALI,2023-09-24,COAST/SHORELINE
SPIX,SIANTAR TOP,FOOD PACKAGING,LDPE,MULTI LAYER,3,DENPASAR,BALI,2023-09-24,COAST/SHORELINE
GARUDA,TUDUNG GROUP,FOOD PACKAGING,LDPE,MULTI LAYER,1,DENPASAR,BALI,2023-09-24,COAST/SHORELINE
MARIE REGAL,JAYA ABADI,FOOD PACKAGING,LDPE,MULTI LAYER,1,DENPASAR,BALI,2023-09-24,COAST/SHORELINE
GEMEZ,SIANTAR TOP,FOOD PACKAGING,LDPE,MULTI LAYER,2,DENPASAR,BALI,2023-09-24,COAST/SHORELINE
UNKNOWN,UNBRANDED,FOOD PACKAGING,LDPE,MULTI LAYER,3,DENPASAR,BALI,2023-09-24,COAST/SHORELINE
MENTOS,PERFETTI VAN MELLE,FOOD PACKAGING,LDPE,MULTI LAYER,4,DENPASAR,BALI,2023-09-24,COAST/SHORELINE
KOPIKO,MAYORA INDAH,FOOD PACKAGING,LDPE,MULTI LAYER,3,DENPASAR,BALI,2023-09-24,COAST/SHORELINE
KIS,MAYORA INDAH,FOOD PACKAGING,LDPE,MULTI LAYER,3,DENPASAR,BALI,2023-09-24,COAST/SHORELINE
CUP CUP SNACK,PT. BRU,FOOD PACKAGING,LDPE,MULTI LAYER,1,DENPASAR,BALI,2023-09-24,COAST/SHORELINE
RELAXA,AGEL LANGGENG,FOOD PACKAGING,LDPE,MULTI LAYER,5,DENPASAR,BALI,2023-09-24,COAST/SHORELINE
POP MIE,INDOFOOD,FOOD PACKAGING,LDPE,MULTI LAYER,3,DENPASAR,BALI,2023-09-24,COAST/SHORELINE
LIFEBOUY,UNILEVER,PERSONAL CARE,LDPE,MULTI LAYER,2,DENPASAR,BALI,2023-09-24,COAST/SHORELINE
RENABETIC,UNKNOWN,PERSONAL CARE,OTHERS,MULTI LAYER,1,DENPASAR,BALI,2023-09-24,COAST/SHORELINE
MIXAGRIP,UNKNOWN,PERSONAL CARE,OTHERS,MULTI LAYER,1,DENPASAR,BALI,2023-09-24,COAST/SHORELINE
BENGBENG,PT MAYORA INDAH TBK,FOOD PACKAGING,LDPE,MULTI LAYER,2,DENPASAR,BALI,2023-09-24,COAST/SHORELINE
CAHAYA BALI,UNKNOWN,FOOD PACKAGING,LDPE,MULTI LAYER,8,DENPASAR,BALI,2023-09-24,COAST/SHORELINE
UNKNOWN,UNBRANDED,PERSONAL CARE,HDPE,MULTI LAYER,1,DENPASAR,BALI,2023-09-24,COAST/SHORELINE
FINNA,PT. SEKAR LAUT,FOOD PACKAGING,LDPE,MULTI LAYER,1,DENPASAR,BALI,2023-09-24,COAST/SHORELINE
WARDAH,PARAGON TECHNOLOGY,PERSONAL CARE,HDPE,MULTI LAYER,1,DENPASAR,BALI,2023-09-24,COAST/SHORELINE
HOTEL SOAP,UNKNOWN,PERSONAL CARE,HDPE,MULTI LAYER,1,DENPASAR,BALI,2023-09-24,COAST/SHORELINE
MILKITA,UNIFAM,FOOD PACKAGING,LDPE,MULTI LAYER,1,DENPASAR,BALI,2023-09-24,COAST/SHORELINE
ROMA MALKIST,MAYORA INDAH,FOOD PACKAGING,LDPE,MULTI LAYER,6,DENPASAR,BALI,2023-09-24,COAST/SHORELINE
UNKNOWN,UNBRANDED,FOOD PACKAGING,LDPE,MULTI LAYER,12,DENPASAR,BALI,2023-09-24,COAST/SHORELINE
MINTZ,ORANG TUA,FOOD PACKAGING,LDPE,MULTI LAYER,1,DENPASAR,BALI,2023-09-24,COAST/SHORELINE
KOPI ABC,SANTOS JAYA ABADI,FOOD PACKAGING,LDPE,MULTI LAYER,19,DENPASAR,BALI,2023-09-24,COAST/SHORELINE
JAGUAR,UNKNOWN,FOOD PACKAGING,LDPE,MULTI LAYER,1,DENPASAR,BALI,2023-09-24,COAST/SHORELINE
NGETOP,CRU INDONESIA,FOOD PACKAGING,LDPE,MULTI LAYER,6,DENPASAR,BALI,2023-09-24,COAST/SHORELINE
RINSO,UNILEVER,PERSONAL CARE,LDPE,MULTI LAYER,1,DENPASAR,BALI,2023-09-24,COAST/SHORELINE
HAZELINE,PT. JAYA UTAMA SANTIKAH,PERSONAL CARE,HDPE,MULTI LAYER,1,DENPASAR,BALI,2023-09-24,COAST/SHORELINE
COCO PUFF,UNIVERSAL INDOFOOD,FOOD PACKAGING,LDPE,MULTI LAYER,1,DENPASAR,BALI,2023-09-24,COAST/SHORELINE
CEREMONY,PT. DEWATA SUKSES PERKASA,SMOKING MATERIAL,OTHERS,MULTI LAYER,1,DENPASAR,BALI,2023-09-24,COAST/SHORELINE
CHIPS RIBUT,CV RIBUT SNACK,FOOD PACKAGING,LDPE,MULTI LAYER,3,DENPASAR,BALI,2023-09-24,COAST/SHORELINE
KIT KAT,HERSHEY COMPANY,FOOD PACKAGING,LDPE,MULTI LAYER,1,DENPASAR,BALI,2023-09-24,COAST/SHORELINE
MIGI,SARI MURNI JAYA,FOOD PACKAGING,LDPE,MULTI LAYER,5,DENPASAR,BALI,2023-09-24,COAST/SHORELINE
KALPA,MAYORA INDAH,FOOD PACKAGING,LDPE,MULTI LAYER,1,DENPASAR,BALI,2023-09-24,COAST/SHORELINE
ZINC,PT LION WINGS,PERSONAL CARE,LDPE,MULTI LAYER,1,DENPASAR,BALI,2023-09-24,COAST/SHORELINE
CAMELO,SUMBER TIRTA PAMENANG,SMOKING MATERIAL,OTHERS,MULTI LAYER,2,DENPASAR,BALI,2023-09-24,COAST/SHORELINE
SAMPOERNA MILD,PHILIP MORRIS INTERNATIONAL,SMOKING MATERIAL,OTHERS,MULTI LAYER,2,DENPASAR,BALI,2023-09-24,COAST/SHORELINE
GEO MILD,DJARUM,SMOKING MATERIAL,OTHERS,MULTI LAYER,1,DENPASAR,BALI,2023-09-24,COAST/SHORELINE
DJI SAM SOE,"HM SAMPOERNA, TBK",SMOKING MATERIAL,OTHERS,MULTI LAYER,1,DENPASAR,BALI,2023-09-24,COAST/SHORELINE
BULLS,ABADI MAJU SIGARET,SMOKING MATERIAL,OTHERS,MULTI LAYER,1,DENPASAR,BALI,2023-09-24,COAST/SHORELINE
DJARUM,DJARUM INDONESIA,SMOKING MATERIAL,OTHERS,MULTI LAYER,1,DENPASAR,BALI,2023-09-24,COAST/SHORELINE
SURYA,GUDANG GARAM TBK.,SMOKING MATERIAL,OTHERS,MULTI LAYER,4,DENPASAR,BALI,2023-09-24,COAST/SHORELINE
TALI JAGAT,PT. BENTOEL,SMOKING MATERIAL,OTHERS,MULTI LAYER,1,DENPASAR,BALI,2023-09-24,COAST/SHORELINE
MIE SUKSES,WINGS,FOOD PACKAGING,LDPE,MULTI LAYER,1,DENPASAR,BALI,2023-09-24,COAST/SHORELINE
CHIKI,INDOFOOD,FOOD PACKAGING,LDPE,MULTI LAYER,1,DENPASAR,BALI,2023-09-24,COAST/SHORELINE
MASAKO,AJINOMOTO,FOOD PACKAGING,LDPE,MULTI LAYER,9,DENPASAR,BALI,2023-09-24,COAST/SHORELINE
UNKNOWN,UNBRANDED,PERSONAL CARE,HDPE,MULTI LAYER,5,DENPASAR,BALI,2023-09-24,COAST/SHORELINE
CLOUD 9,UNIVERSAL ROBINA CORPORATION,FOOD PACKAGING,LDPE,MULTI LAYER,2,DENPASAR,BALI,2023-09-24,COAST/SHORELINE
JETZ,INDOFOOD,FOOD PACKAGING,LDPE,MULTI LAYER,2,DENPASAR,BALI,2023-09-24,COAST/SHORELINE
MINYAKITA,PT. BINA KARYA PRIMA,FOOD PACKAGING,PS,MULTI LAYER,1,DENPASAR,BALI,2023-09-24,COAST/SHORELINE
SLAI OLAI,MAYORA INDAH,FOOD PACKAGING,LDPE,MULTI LAYER,1,DENPASAR,BALI,2023-09-24,COAST/SHORELINE
CHOCO CHIPS,SIMBA,FOOD PACKAGING,LDPE,MULTI LAYER,1,DENPASAR,BALI,2023-09-24,COAST/SHORELINE
PUSAN,PT. PUSAN MANIS MULIA,FOOD PACKAGING,LDPE,MULTI LAYER,1,DENPASAR,BALI,2023-09-24,COAST/SHORELINE
MIE SEDAP,WINGS,FOOD PACKAGING,LDPE,MULTI LAYER,1,DENPASAR,BALI,2023-09-24,COAST/SHORELINE
MINYAK GORENG FORTUNE,PT. SARI AGROTAMA PERSADA,FOOD PACKAGING,PS,MULTI LAYER,1,DENPASAR,BALI,2023-09-24,COAST/SHORELINE
SALT CHEESE,KHONG GUAN,FOOD PACKAGING,LDPE,MULTI LAYER,1,DENPASAR,BALI,2023-09-24,COAST/SHORELINE
M&M'S,"MARS, INCORPORATED",FOOD PACKAGING,LDPE,MULTI LAYER,1,DENPASAR,BALI,2023-09-24,COAST/SHORELINE
MIKAKO,RUBBER SNACK INDUSTRY,FOOD PACKAGING,LDPE,MULTI LAYER,1,DENPASAR,BALI,2023-09-24,COAST/SHORELINE
YALE YALE,SARI MURNI GROUP,FOOD PACKAGING,LDPE,MULTI LAYER,1,DENPASAR,BALI,2023-09-24,COAST/SHORELINE
GO POTATO,SIANTAR TOP,FOOD PACKAGING,LDPE,MULTI LAYER,1,DENPASAR,BALI,2023-09-24,COAST/SHORELINE
KHONG GUAN,KHONG GUAN,FOOD PACKAGING,LDPE,MULTI LAYER,1,DENPASAR,BALI,2023-09-24,COAST/SHORELINE
BIO AQUA,PT PERMATA INDO KAV,PERSONAL CARE,LDPE,MULTI LAYER,1,DENPASAR,BALI,2023-09-24,COAST/SHORELINE
KULKUL,INDOLAKTO,FOOD PACKAGING,LDPE,MULTI LAYER,1,DENPASAR,BALI,2023-09-24,COAST/SHORELINE
FITOZZ,UNKNOWN,FOOD PACKAGING,LDPE,MULTI LAYER,1,DENPASAR,BALI,2023-09-24,COAST/SHORELINE
SARIWANGI,UNILEVER,FOOD PACKAGING,LDPE,MULTI LAYER,1,DENPASAR,BALI,2023-09-24,COAST/SHORELINE
MAGNUM,UNILEVER,FOOD PACKAGING,LDPE,MULTI LAYER,1,DENPASAR,BALI,2023-09-24,COAST/SHORELINE
RINSO,UNILEVER,FOOD PACKAGING,LDPE,MULTI LAYER,1,DENPASAR,BALI,2023-09-24,COAST/SHORELINE
CUP CUP SNACK,PT. BRU,FOOD PACKAGING,LDPE,MULTI LAYER,2,DENPASAR,BALI,2023-09-24,COAST/SHORELINE
CLEAR,UNILEVER,PERSONAL CARE,LDPE,MULTI LAYER,1,DENPASAR,BALI,2023-09-24,COAST/SHORELINE
ROSARIA,PT. UBM,FOOD PACKAGING,LDPE,MULTI LAYER,1,DENPASAR,BALI,2023-09-24,COAST/SHORELINE
AQUA,DANONE,FOOD PACKAGING,LDPE,MULTI LAYER,1,DENPASAR,BALI,2023-09-24,COAST/SHORELINE
PRABHUDH BHARATH,UNKNOWN,SMOKING MATERIAL,OTHERS,MULTI LAYER,1,DENPASAR,BALI,2023-09-24,COAST/SHORELINE
ANTANGIN,DELTOMED LABORATORIES,FOOD PACKAGING,LDPE,MULTI LAYER,1,DENPASAR,BALI,2023-09-24,COAST/SHORELINE
PIE SUSU CHANDRA,PIE SUSU CHANDRA,FOOD PACKAGING,LDPE,MULTI LAYER,1,DENPASAR,BALI,2023-09-24,COAST/SHORELINE
SM BERAS,UNKNOWN,FOOD PACKAGING,OTHERS,MULTI LAYER,1,DENPASAR,BALI,2023-09-24,COAST/SHORELINE
CLOSE UP,COLGATE-PALMOLIVE,PERSONAL CARE,HDPE,MULTI LAYER,3,DENPASAR,BALI,2023-09-24,COAST/SHORELINE
SYSTEMA,LION CORPORATION,PERSONAL CARE,HDPE,MULTI LAYER,1,DENPASAR,BALI,2023-09-24,COAST/SHORELINE
KOMIX,BINTANG TOEDJOE,PERSONAL CARE,LDPE,MULTI LAYER,1,DENPASAR,BALI,2023-09-24,COAST/SHORELINE
MIE SEDAP,WINGS,FOOD PACKAGING,LDPE,MULTI LAYER,1,DENPASAR,BALI,2023-09-24,COAST/SHORELINE
GERY,GARUDA FOOD,FOOD PACKAGING,LDPE,MULTI LAYER,1,DENPASAR,BALI,2023-09-24,COAST/SHORELINE
WAFER ROLL,PT. MANOHARA ASRI,FOOD PACKAGING,LDPE,MULTI LAYER,4,DENPASAR,BALI,2023-09-24,COAST/SHORELINE
SMAX RING,PACIFIC FOOD INDONESIA,FOOD PACKAGING,LDPE,MULTI LAYER,2,DENPASAR,BALI,2023-09-24,COAST/SHORELINE
ROMA,MAYORA INDAH,FOOD PACKAGING,LDPE,MULTI LAYER,1,DENPASAR,BALI,2023-09-24,COAST/SHORELINE
INTERNATIONAL CHOCOLATE,UNKNOWN,FOOD PACKAGING,LDPE,MULTI LAYER,2,DENPASAR,BALI,2023-09-24,COAST/SHORELINE
KODOMO,PT. INDAH JAYA INDONESIA,PERSONAL CARE,HDPE,MULTI LAYER,1,DENPASAR,BALI,2023-09-24,COAST/SHORELINE
TWISTKO,"EUROPEAN SNACK FOOD CO.,LTD.",FOOD PACKAGING,LDPE,MULTI LAYER,1,DENPASAR,BALI,2023-09-24,COAST/SHORELINE
SUPERCO,KHONG GUAN,FOOD PACKAGING,LDPE,MULTI LAYER,3,DENPASAR,BALI,2023-09-24,COAST/SHORELINE
PANTENE,COLGATE-PALMOLIVE,PERSONAL CARE,LDPE,MULTI LAYER,2,DENPASAR,BALI,2023-09-24,COAST/SHORELINE
MINYAK KN,UNKNOWN,FOOD PACKAGING,PS,MULTI LAYER,1,DENPASAR,BALI,2023-09-24,COAST/SHORELINE
TEH KOTAK,ULTRAJAYA,FOOD PACKAGING,OTHERS,MULTI LAYER,1,DENPASAR,BALI,2023-09-24,COAST/SHORELINE
HP ROKOK,UNKNOWN,SMOKING MATERIAL,OTHERS,MULTI LAYER,1,DENPASAR,BALI,2023-09-24,COAST/SHORELINE
HOT HOT POP,BRONSON,FOOD PACKAGING,LDPE,MULTI LAYER,2,DENPASAR,BALI,2023-09-24,COAST/SHORELINE
CHOKI CHOKI,MAYORA INDAH,FOOD PACKAGING,LDPE,MULTI LAYER,2,DENPASAR,BALI,2023-09-24,COAST/SHORELINE
OISHI,LIWAYWAY HOLDINGS COMPANY LIMITED,FOOD PACKAGING,LDPE,MULTI LAYER,2,DENPASAR,BALI,2023-09-24,COAST/SHORELINE
DILAN,MAYORA INDAH,FOOD PACKAGING,LDPE,MULTI LAYER,2,DENPASAR,BALI,2023-09-24,COAST/SHORELINE
PROTEX,COLGATE-PALMOLIVE,PERSONAL CARE,LDPE,MULTI LAYER,1,DENPASAR,BALI,2023-09-24,COAST/SHORELINE
CHARM,UNBRANDED,PERSONAL CARE,LDPE,MULTI LAYER,1,DENPASAR,BALI,2023-09-24,COAST/SHORELINE
KUKIS KELAPA,KOKOLA,FOOD PACKAGING,LDPE,MULTI LAYER,2,DENPASAR,BALI,2023-09-24,COAST/SHORELINE
BON CABE,KOBE,FOOD PACKAGING,LDPE,MULTI LAYER,2,DENPASAR,BALI,2023-09-24,COAST/SHORELINE
MAXICORN,INDOFOOD FORTUNA MAKMUR,FOOD PACKAGING,LDPE,MULTI LAYER,1,DENPASAR,BALI,2023-09-24,COAST/SHORELINE
BISKUIT OREO,PT. MONDELEZ INDONESIA MANUFACTURING,FOOD PACKAGING,LDPE,MULTI LAYER,3,DENPASAR,BALI,2023-09-24,COAST/SHORELINE
PEPSODENT,UNILEVER,PERSONAL CARE,HDPE,MULTI LAYER,10,DENPASAR,BALI,2023-09-24,COAST/SHORELINE
GET GIT WAFER,UNKNOWN,FOOD PACKAGING,LDPE,MULTI LAYER,1,DENPASAR,BALI,2023-09-24,COAST/SHORELINE
GOOD TIME,ARNOTT'S,FOOD PACKAGING,LDPE,MULTI LAYER,1,DENPASAR,BALI,2023-09-24,COAST/SHORELINE
KAPAL API,SANTOS JAYA ABADI,FOOD PACKAGING,LDPE,MULTI LAYER,2,DENPASAR,BALI,2023-09-24,COAST/SHORELINE
INDOMIE,INDOFOOD,FOOD PACKAGING,LDPE,MULTI LAYER,4,DENPASAR,BALI,2023-09-24,COAST/SHORELINE
SUNLIGHT,UNILEVER,HOUSEHOLD PRODUCT,LDPE,MULTI LAYER,2,DENPASAR,BALI,2023-09-24,COAST/SHORELINE
SPIX,SIANTAR TOP,FOOD PACKAGING,LDPE,MULTI LAYER,15,DENPASAR,BALI,2023-09-24,COAST/SHORELINE
GARUDA,TUDUNG GROUP,FOOD PACKAGING,LDPE,MULTI LAYER,3,DENPASAR,BALI,2023-09-24,COAST/SHORELINE
KWACI,UNKNOWN,FOOD PACKAGING,LDPE,MULTI LAYER,1,DENPASAR,BALI,2023-09-24,COAST/SHORELINE
LUWAK KOPI MURNI,PT. SAKTISETIA SANTOSA,FOOD PACKAGING,LDPE,MULTI LAYER,1,DENPASAR,BALI,2023-09-24,COAST/SHORELINE
HYDRO COCO,KALBE FARMA TBK,FOOD PACKAGING,OTHERS,MULTI LAYER,3,DENPASAR,BALI,2023-09-24,COAST/SHORELINE
CIMORY,MOUNTAIN DAIRY,FOOD PACKAGING,OTHERS,MULTI LAYER,1,DENPASAR,BALI,2023-09-24,COAST/SHORELINE
SARI KACANG HIJAU,ULTRAJAYA,FOOD PACKAGING,OTHERS,MULTI LAYER,1,DENPASAR,BALI,2023-09-24,COAST/SHORELINE
TANGO,TANGO,FOOD PACKAGING,LDPE,MULTI LAYER,3,DENPASAR,BALI,2023-09-24,COAST/SHORELINE
LAZERY YOGURT,PT. UNION FOODS,FOOD PACKAGING,LDPE,MULTI LAYER,1,DENPASAR,BALI,2023-09-24,COAST/SHORELINE
CHOCOMANIA COOKIES,UNKNOWN,FOOD PACKAGING,LDPE,MULTI LAYER,1,DENPASAR,BALI,2023-09-24,COAST/SHORELINE
GERY SALUT,GARUDA FOOD,FOOD PACKAGING,LDPE,MULTI LAYER,1,DENPASAR,BALI,2023-09-24,COAST/SHORELINE
SO KLIN,WINGS,PERSONAL CARE,LDPE,MULTI LAYER,3,DENPASAR,BALI,2023-09-24,COAST/SHORELINE
UNKNOWN,UNBRANDED,PERSONAL CARE,HDPE,MULTI LAYER,7,DENPASAR,BALI,2023-09-24,COAST/SHORELINE
KHE KHE KUACI,PT. GUMINDO BOGA MANIS,FOOD PACKAGING,LDPE,MULTI LAYER,4,DENPASAR,BALI,2023-09-24,COAST/SHORELINE
CIMORY,MOUNTAIN DAIRY,FOOD PACKAGING,LDPE,MULTI LAYER,1,DENPASAR,BALI,2023-09-24,COAST/SHORELINE
PARAMEX,KONIMEX,HOUSEHOLD PRODUCT,PET,SINGLE LAYER,1,KUNINGAN,WEST JAVA,2023-09-23,MOUNTAIN
TANOMARA SILKY,PT JAYA UTAMA SANTIKAH,PERSONAL CARE,HDPE,SINGLE LAYER,1,KUNINGAN,WEST JAVA,2023-09-23,MOUNTAIN
CLEAR,UNILEVER,PERSONAL CARE,HDPE,SINGLE LAYER,1,KUNINGAN,WEST JAVA,2023-09-23,MOUNTAIN
KRATINGDAENG,ASIA HEALTH ENERGI BEVERAGES,FOOD PACKAGING,OTHERS,SINGLE LAYER,14,KUNINGAN,WEST JAVA,2023-09-23,MOUNTAIN
BEAR BRAND,NESTLE,FOOD PACKAGING,OTHERS,SINGLE LAYER,3,KUNINGAN,WEST JAVA,2023-09-23,MOUNTAIN
COCA COLA,THE COCA-COLA COMPANY,FOOD PACKAGING,OTHERS,SINGLE LAYER,2,KUNINGAN,WEST JAVA,2023-09-23,MOUNTAIN
LARUTAN CAP KAKI TIGA,KINO,FOOD PACKAGING,OTHERS,SINGLE LAYER,3,KUNINGAN,WEST JAVA,2023-09-23,MOUNTAIN
UC 1000,DJOJONEGORO,FOOD PACKAGING,OTHERS,SINGLE LAYER,3,KUNINGAN,WEST JAVA,2023-09-23,MOUNTAIN
PRONAS,PT. CANNING INDONESIAN PRODUCTS ,FOOD PACKAGING,OTHERS,SINGLE LAYER,2,KUNINGAN,WEST JAVA,2023-09-23,MOUNTAIN
ANGGUR PUTIH,PT. DEWATA KENCANA DISTRIBUSI,FOOD PACKAGING,OTHERS,SINGLE LAYER,1,KUNINGAN,WEST JAVA,2023-09-23,MOUNTAIN
HEMAVITON,TEMPO SCAN PACIFIC,FOOD PACKAGING,OTHERS,SINGLE LAYER,1,KUNINGAN,WEST JAVA,2023-09-23,MOUNTAIN
TUJUH KURMA,PT JAYA UTAMA SANTIKAH,FOOD PACKAGING,OTHERS,SINGLE LAYER,1,KUNINGAN,WEST JAVA,2023-09-23,MOUNTAIN
MIE SAKURA,INDOFOOD,FOOD PACKAGING,OTHERS,MULTI LAYER,15,KUNINGAN,WEST JAVA,2023-09-23,MOUNTAIN
MIE ABC,PT ABC PRESIDENT INDONESIA,FOOD PACKAGING,OTHERS,MULTI LAYER,15,KUNINGAN,WEST JAVA,2023-09-23,MOUNTAIN
MIE GAGA,JAKARANA TAMA,FOOD PACKAGING,OTHERS,MULTI LAYER,2,KUNINGAN,WEST JAVA,2023-09-23,MOUNTAIN
MIE GELAS,MAYORA INDAH,FOOD PACKAGING,OTHERS,MULTI LAYER,1,KUNINGAN,WEST JAVA,2023-09-23,MOUNTAIN
SHIN RAMYUN,NONGSHIM,FOOD PACKAGING,OTHERS,MULTI LAYER,2,KUNINGAN,WEST JAVA,2023-09-23,MOUNTAIN
MIE SUKSES,WINGS,FOOD PACKAGING,OTHERS,MULTI LAYER,4,KUNINGAN,WEST JAVA,2023-09-23,MOUNTAIN
MIE TIP TOP,PT RADJAWALI FOOD,FOOD PACKAGING,OTHERS,MULTI LAYER,3,KUNINGAN,WEST JAVA,2023-09-23,MOUNTAIN
MIE BONCABE,PT KOBE,FOOD PACKAGING,OTHERS,MULTI LAYER,1,KUNINGAN,WEST JAVA,2023-09-23,MOUNTAIN
MIE SEDAP,WINGS,FOOD PACKAGING,OTHERS,MULTI LAYER,20,KUNINGAN,WEST JAVA,2023-09-23,MOUNTAIN
INDOMIE,INDOFOOD,FOOD PACKAGING,OTHERS,MULTI LAYER,138,KUNINGAN,WEST JAVA,2023-09-23,MOUNTAIN
SARIMI,INDOFOOD,FOOD PACKAGING,OTHERS,MULTI LAYER,9,KUNINGAN,WEST JAVA,2023-09-23,MOUNTAIN
AQUA,DANONE,FOOD PACKAGING,PP,SINGLE LAYER,99,KUNINGAN,WEST JAVA,2023-09-23,MOUNTAIN
LE MINERALE,MAYORA INDAH,FOOD PACKAGING,PP,SINGLE LAYER,37,KUNINGAN,WEST JAVA,2023-09-23,MOUNTAIN
FLORIDINA,WINGS INDONESIA,FOOD PACKAGING,PP,SINGLE LAYER,4,KUNINGAN,WEST JAVA,2023-09-23,MOUNTAIN
CAIGUN,PT. SARANA SUMBER TIRTA,FOOD PACKAGING,PP,SINGLE LAYER,41,KUNINGAN,WEST JAVA,2023-09-23,MOUNTAIN
SHANIN,PT. SUMBER MINERAL INDAH,FOOD PACKAGING,PP,SINGLE LAYER,20,KUNINGAN,WEST JAVA,2023-09-23,MOUNTAIN
SHOPIA,PT. TRISAKTI MAKMUR ABADI,FOOD PACKAGING,PP,SINGLE LAYER,40,KUNINGAN,WEST JAVA,2023-09-23,MOUNTAIN
FRUIT TEA,SINAR SOSRO,FOOD PACKAGING,PP,SINGLE LAYER,7,KUNINGAN,WEST JAVA,2023-09-23,MOUNTAIN
JAVANA,WINGS,FOOD PACKAGING,PP,SINGLE LAYER,3,KUNINGAN,WEST JAVA,2023-09-23,MOUNTAIN
AQUA,DANONE,FOOD PACKAGING,PP,SINGLE LAYER,15,KUNINGAN,WEST JAVA,2023-09-23,MOUNTAIN
TIRTA,PERUMDA AIR MINUM TIRTA RAHARJA,FOOD PACKAGING,PP,SINGLE LAYER,15,KUNINGAN,WEST JAVA,2023-09-23,MOUNTAIN
AZIZA,CV TIRTA MEKAR KUNINGAN,FOOD PACKAGING,PP,SINGLE LAYER,51,KUNINGAN,WEST JAVA,2023-09-23,MOUNTAIN
AQUA,DANONE,FOOD PACKAGING,OTHERS,MULTI LAYER,1,KUNINGAN,WEST JAVA,2023-09-23,MOUNTAIN
UNKNOWN,UNBRANDED,FOOD PACKAGING,PS,SINGLE LAYER,35,KUNINGAN,WEST JAVA,2023-09-23,MOUNTAIN
UNKNOWN,UNBRANDED,FOOD PACKAGING,PS,MULTI LAYER,74,KUNINGAN,WEST JAVA,2023-09-23,MOUNTAIN
UNKNOWN,UNBRANDED,FOOD PACKAGING,PS,SINGLE LAYER,71,KUNINGAN,WEST JAVA,2023-09-23,MOUNTAIN
POP MIE,INDOFOOD,FOOD PACKAGING,PS,SINGLE LAYER,31,KUNINGAN,WEST JAVA,2023-09-23,MOUNTAIN
UNKNOWN,UNBRANDED,FOOD PACKAGING,PS,SINGLE LAYER,11,KUNINGAN,WEST JAVA,2023-09-23,MOUNTAIN
MIE SEDAP,WINGS,FOOD PACKAGING,PS,MULTI LAYER,16,KUNINGAN,WEST JAVA,2023-09-23,MOUNTAIN
MIE GAGA,JAKARANA TAMA,FOOD PACKAGING,PS,MULTI LAYER,1,KUNINGAN,WEST JAVA,2023-09-23,MOUNTAIN
UNKNOWN,UNBRANDED,FOOD PACKAGING,PS,SINGLE LAYER,1,KUNINGAN,WEST JAVA,2023-09-23,MOUNTAIN
UNKNOWN,UNBRANDED,FOOD PACKAGING,PS,MULTI LAYER,4,KUNINGAN,WEST JAVA,2023-09-23,MOUNTAIN
AQUA,DANONE,FOOD PACKAGING,PET,SINGLE LAYER,62,KUNINGAN,WEST JAVA,2023-09-23,MOUNTAIN
LE MINERALE,MAYORA INDAH,FOOD PACKAGING,PET,SINGLE LAYER,38,KUNINGAN,WEST JAVA,2023-09-23,MOUNTAIN
PRAJA,CV. PRAJA MANDIRI,FOOD PACKAGING,PET,SINGLE LAYER,23,KUNINGAN,WEST JAVA,2023-09-23,MOUNTAIN
AZIZA,CV TIRTA MEKAR KUNINGAN,FOOD PACKAGING,PP,SINGLE LAYER,77,KUNINGAN,WEST JAVA,2023-09-23,MOUNTAIN
TIRTA,PERUMDA AIR MINUM TIRTA RAHARJA,FOOD PACKAGING,PP,SINGLE LAYER,23,KUNINGAN,WEST JAVA,2023-09-23,MOUNTAIN
BATAVIA,INDOMULTIMAS PERKASA,FOOD PACKAGING,PP,SINGLE LAYER,18,KUNINGAN,WEST JAVA,2023-09-23,MOUNTAIN
FRUIT TEA,SINAR SOSRO,FOOD PACKAGING,PET,SINGLE LAYER,9,KUNINGAN,WEST JAVA,2023-09-23,MOUNTAIN
COCA COLA,THE COCA-COLA COMPANY,FOOD PACKAGING,PET,SINGLE LAYER,3,KUNINGAN,WEST JAVA,2023-09-23,MOUNTAIN
FLORIDINA,WINGS INDONESIA,FOOD PACKAGING,PET,SINGLE LAYER,4,KUNINGAN,WEST JAVA,2023-09-23,MOUNTAIN
CRYSTALLINE,ORANG TUA,FOOD PACKAGING,PET,SINGLE LAYER,4,KUNINGAN,WEST JAVA,2023-09-23,MOUNTAIN
PURE LIFE,NESTLE,FOOD PACKAGING,PET,SINGLE LAYER,4,KUNINGAN,WEST JAVA,2023-09-23,MOUNTAIN
TEH PUCUK,MAYORA INDAH,FOOD PACKAGING,PET,SINGLE LAYER,5,KUNINGAN,WEST JAVA,2023-09-23,MOUNTAIN
INDOMARET,INDOMARCO PRISMATAMA,HOUSEHOLD PRODUCT,LDPE,SINGLE LAYER,30,KUNINGAN,WEST JAVA,2023-09-23,MOUNTAIN
ALFAMART,ALFAMART,HOUSEHOLD PRODUCT,LDPE,SINGLE LAYER,23,KUNINGAN,WEST JAVA,2023-09-23,MOUNTAIN
UNKNOWN,UNBRANDED,HOUSEHOLD PRODUCT,LDPE,SINGLE LAYER,45,KUNINGAN,WEST JAVA,2023-09-23,MOUNTAIN
FAM FROZEN FOOD,UNBRANDED,HOUSEHOLD PRODUCT,LDPE,SINGLE LAYER,2,KUNINGAN,WEST JAVA,2023-09-23,MOUNTAIN
PLASTIK YOGYA,YOGYA,HOUSEHOLD PRODUCT,LDPE,SINGLE LAYER,2,KUNINGAN,WEST JAVA,2023-09-23,MOUNTAIN
UNKNOWN,UNBRANDED,FOOD PACKAGING,LDPE,SINGLE LAYER,7,KUNINGAN,WEST JAVA,2023-09-23,MOUNTAIN
UNKNOWN,UNBRANDED,HOUSEHOLD PRODUCT,LDPE,MULTI LAYER,1,KUNINGAN,WEST JAVA,2023-09-23,MOUNTAIN
UNKNOWN,UNBRANDED,HOUSEHOLD PRODUCT,LDPE,SINGLE LAYER,1,KUNINGAN,WEST JAVA,2023-09-23,MOUNTAIN
HOLLAND BAKERY,HOLLAND BAKERY INDONESIA,FOOD PACKAGING,LDPE,SINGLE LAYER,1,KUNINGAN,WEST JAVA,2023-09-23,MOUNTAIN
UNKNOWN,UNBRANDED,HOUSEHOLD PRODUCT,LDPE,SINGLE LAYER,31,KUNINGAN,WEST JAVA,2023-09-23,MOUNTAIN
PILUS GARUDA,TUDUNG GROUP,FOOD PACKAGING,LDPE,MULTI LAYER,8,KUNINGAN,WEST JAVA,2023-09-23,MOUNTAIN
OISHI PILLOW,PT. LIWAYWAY,FOOD PACKAGING,LDPE,MULTI LAYER,4,KUNINGAN,WEST JAVA,2023-09-23,MOUNTAIN
NEXTAR,NABATI,FOOD PACKAGING,LDPE,MULTI LAYER,1,KUNINGAN,WEST JAVA,2023-09-23,MOUNTAIN
SUKI,SIANTAR TOP,FOOD PACKAGING,LDPE,MULTI LAYER,3,KUNINGAN,WEST JAVA,2023-09-23,MOUNTAIN
CEDEA DUMPLING,PT CITRADIMENSI ARTHALI,FOOD PACKAGING,LDPE,SINGLE LAYER,2,KUNINGAN,WEST JAVA,2023-09-23,MOUNTAIN
GOOD TIME,ARNOTT'S,FOOD PACKAGING,LDPE,MULTI LAYER,1,KUNINGAN,WEST JAVA,2023-09-23,MOUNTAIN
SALAM SCALOP,CV PANGAN BERKAH SENTOSA,FOOD PACKAGING,LDPE,MULTI LAYER,2,KUNINGAN,WEST JAVA,2023-09-23,MOUNTAIN
BAMBOE ASIA,PT BAMBOE INDONESIA,FOOD PACKAGING,LDPE,MULTI LAYER,1,KUNINGAN,WEST JAVA,2023-09-23,MOUNTAIN
SUPER BUBUR,MAYORA INDAH,FOOD PACKAGING,LDPE,MULTI LAYER,7,KUNINGAN,WEST JAVA,2023-09-23,MOUNTAIN
KALPA,MAYORA INDAH,FOOD PACKAGING,LDPE,MULTI LAYER,1,KUNINGAN,WEST JAVA,2023-09-23,MOUNTAIN
SOSIS GEBOI,PT PETRA SEJAHTERA ABADI ,FOOD PACKAGING,LDPE,MULTI LAYER,1,KUNINGAN,WEST JAVA,2023-09-23,MOUNTAIN
AJISUKA PILUS,PT TRIO RASA MAS,FOOD PACKAGING,LDPE,MULTI LAYER,1,KUNINGAN,WEST JAVA,2023-09-23,MOUNTAIN
MAMA LEMON,LION WINGS,FOOD PACKAGING,LDPE,MULTI LAYER,1,KUNINGAN,WEST JAVA,2023-09-23,MOUNTAIN
UNKNOWN,UNBRANDED,FOOD PACKAGING,LDPE,MULTI LAYER,1,KUNINGAN,WEST JAVA,2023-09-23,MOUNTAIN
GERY SALUT,GARUDA FOOD,FOOD PACKAGING,LDPE,MULTI LAYER,3,KUNINGAN,WEST JAVA,2023-09-23,MOUNTAIN
GORIORIO,SIANTAR TOP,FOOD PACKAGING,LDPE,MULTI LAYER,2,KUNINGAN,WEST JAVA,2023-09-23,MOUNTAIN
ROMA MALKIST,MAYORA INDAH,FOOD PACKAGING,LDPE,MULTI LAYER,2,KUNINGAN,WEST JAVA,2023-09-23,MOUNTAIN
UNKNOWN,UNBRANDED,FOOD PACKAGING,OTHERS,SINGLE LAYER,4,KUNINGAN,WEST JAVA,2023-09-23,MOUNTAIN
SUPER STAR,MAYORA INDAH,FOOD PACKAGING,LDPE,MULTI LAYER,1,KUNINGAN,WEST JAVA,2023-09-23,MOUNTAIN
BISKUAT,MEGA GLOBAL FOOD,FOOD PACKAGING,LDPE,MULTI LAYER,2,KUNINGAN,WEST JAVA,2023-09-23,MOUNTAIN
TICTAC,DUA KELINCI,FOOD PACKAGING,LDPE,MULTI LAYER,3,KUNINGAN,WEST JAVA,2023-09-23,MOUNTAIN
UNKNOWN,UNBRANDED,FOOD PACKAGING,OTHERS,SINGLE LAYER,1,KUNINGAN,WEST JAVA,2023-09-23,MOUNTAIN
OISHI SPONGE,LIWAYWAY HOLDINGS COMPANY LIMITED,FOOD PACKAGING,LDPE,MULTI LAYER,1,KUNINGAN,WEST JAVA,2023-09-23,MOUNTAIN
OREO,DONGSUH FOODS,FOOD PACKAGING,LDPE,MULTI LAYER,6,KUNINGAN,WEST JAVA,2023-09-23,MOUNTAIN
BETTER,MAYORA INDAH,FOOD PACKAGING,LDPE,MULTI LAYER,1,KUNINGAN,WEST JAVA,2023-09-23,MOUNTAIN
SARI GANDUM,MAYORA INDAH,FOOD PACKAGING,LDPE,MULTI LAYER,1,KUNINGAN,WEST JAVA,2023-09-23,MOUNTAIN
SLAI OLAI,MAYORA INDAH,FOOD PACKAGING,LDPE,MULTI LAYER,4,KUNINGAN,WEST JAVA,2023-09-23,MOUNTAIN
UNKNOWN,UNBRANDED,FOOD PACKAGING,OTHERS,SINGLE LAYER,4,KUNINGAN,WEST JAVA,2023-09-23,MOUNTAIN
AOKA,INDONESIA BAKERY FAMILY,FOOD PACKAGING,LDPE,SINGLE LAYER,13,KUNINGAN,WEST JAVA,2023-09-23,MOUNTAIN
KACANG BELEDUG,PT. PANDOWO UTOMO FOOD,FOOD PACKAGING,LDPE,MULTI LAYER,5,KUNINGAN,WEST JAVA,2023-09-23,MOUNTAIN
MINI PAU,PT SUKANDA DJAYA,FOOD PACKAGING,LDPE,SINGLE LAYER,1,KUNINGAN,WEST JAVA,2023-09-23,MOUNTAIN
GARUDA ROSTA,GARUDA FOOD,FOOD PACKAGING,LDPE,MULTI LAYER,2,KUNINGAN,WEST JAVA,2023-09-23,MOUNTAIN
TANGO,TANGO,FOOD PACKAGING,LDPE,MULTI LAYER,4,KUNINGAN,WEST JAVA,2023-09-23,MOUNTAIN
BENG BENG,MAYORA INDA,FOOD PACKAGING,LDPE,MULTI LAYER,11,KUNINGAN,WEST JAVA,2023-09-23,MOUNTAIN
UNKNOWN,UNBRANDED,FOOD PACKAGING,OTHERS,SINGLE LAYER,1,KUNINGAN,WEST JAVA,2023-09-23,MOUNTAIN
MOMOTARO,PT INDONESIA BAKERY FAMILY,FOOD PACKAGING,LDPE,MULTI LAYER,1,KUNINGAN,WEST JAVA,2023-09-23,MOUNTAIN
SARI ROTI,NIPPON INDOSARI CORPINDO,FOOD PACKAGING,LDPE,MULTI LAYER,7,KUNINGAN,WEST JAVA,2023-09-23,MOUNTAIN
REBO,GUMINDO BOGAMANIS,FOOD PACKAGING,LDPE,MULTI LAYER,2,KUNINGAN,WEST JAVA,2023-09-23,MOUNTAIN
UNKNOWN,UNBRANDED,FOOD PACKAGING,OTHERS,SINGLE LAYER,4,KUNINGAN,WEST JAVA,2023-09-23,MOUNTAIN
NABATI,NABATI GROUP.,FOOD PACKAGING,LDPE,MULTI LAYER,8,KUNINGAN,WEST JAVA,2023-09-23,MOUNTAIN
NISSIN,MONDE M.Y. SAN CORPORATION,FOOD PACKAGING,LDPE,SINGLE LAYER,3,KUNINGAN,WEST JAVA,2023-09-23,MOUNTAIN
HELLO PANDA,"MEIJI HOLDINGS CO., LTD",FOOD PACKAGING,LDPE,MULTI LAYER,1,KUNINGAN,WEST JAVA,2023-09-23,MOUNTAIN
CHOCO PIE,LOTTE CONFECTIONARY CO,FOOD PACKAGING,LDPE,MULTI LAYER,1,KUNINGAN,WEST JAVA,2023-09-23,MOUNTAIN
CHITATO,INDOFOOD,FOOD PACKAGING,LDPE,MULTI LAYER,11,KUNINGAN,WEST JAVA,2023-09-23,MOUNTAIN
POTA BEE,WINGS,FOOD PACKAGING,LDPE,MULTI LAYER,3,KUNINGAN,WEST JAVA,2023-09-23,MOUNTAIN
KUSUKA,CV ARIRA PANGINDO,FOOD PACKAGING,LDPE,MULTI LAYER,2,KUNINGAN,WEST JAVA,2023-09-23,MOUNTAIN
FRENCH FRIES,SIANTAR TOP,FOOD PACKAGING,LDPE,MULTI LAYER,6,KUNINGAN,WEST JAVA,2023-09-23,MOUNTAIN
QTELA,INDOFOOD,FOOD PACKAGING,LDPE,MULTI LAYER,8,KUNINGAN,WEST JAVA,2023-09-23,MOUNTAIN
BON CABE,KOBE,FOOD PACKAGING,LDPE,MULTI LAYER,3,KUNINGAN,WEST JAVA,2023-09-23,MOUNTAIN
OISHI,LIWAYWAY HOLDINGS COMPANY LIMITED,FOOD PACKAGING,LDPE,MULTI LAYER,1,KUNINGAN,WEST JAVA,2023-09-23,MOUNTAIN
HAPPY TOS,SINAR KENCANA AGUNG,FOOD PACKAGING,LDPE,MULTI LAYER,4,KUNINGAN,WEST JAVA,2023-09-23,MOUNTAIN
SUKRO,DUA KELINCI,FOOD PACKAGING,LDPE,MULTI LAYER,1,KUNINGAN,WEST JAVA,2023-09-23,MOUNTAIN
CHIKI TWIST,PT INDOFOOD CBP SUKSES MAKMUR TBK,FOOD PACKAGING,LDPE,MULTI LAYER,2,KUNINGAN,WEST JAVA,2023-09-23,MOUNTAIN
MAXICORN,PT INDOFOOD CBP SUKSES MAKMUR TBK,FOOD PACKAGING,LDPE,MULTI LAYER,1,KUNINGAN,WEST JAVA,2023-09-23,MOUNTAIN
PIATTOS,UNIVERSAL ROBINA CORPORATION,FOOD PACKAGING,LDPE,MULTI LAYER,2,KUNINGAN,WEST JAVA,2023-09-23,MOUNTAIN
UNKNOWN,UNBRANDED,FOOD PACKAGING,OTHERS,SINGLE LAYER,1,KUNINGAN,WEST JAVA,2023-09-23,MOUNTAIN
KRIS BEE,CALBEE WINGS,FOOD PACKAGING,LDPE,MULTI LAYER,1,KUNINGAN,WEST JAVA,2023-09-23,MOUNTAIN
CHIKI JET Z,PT INDOFOOD CBP SUKSES MAKMUR TBK,FOOD PACKAGING,LDPE,MULTI LAYER,1,KUNINGAN,WEST JAVA,2023-09-23,MOUNTAIN
TARO,PREMIER MARKETING PUBLIC COMPANY LIMITED,FOOD PACKAGING,LDPE,MULTI LAYER,4,KUNINGAN,WEST JAVA,2023-09-23,MOUNTAIN
DUA KELINCI,DUA KELINCI,FOOD PACKAGING,LDPE,MULTI LAYER,7,KUNINGAN,WEST JAVA,2023-09-23,MOUNTAIN
HOT HOT POP,INDOFOOD,FOOD PACKAGING,OTHERS,SINGLE LAYER,4,KUNINGAN,WEST JAVA,2023-09-23,MOUNTAIN
CHIKI BALL,PT. INDOFOOD FRITOLAY MAKMUR,FOOD PACKAGING,HDPE,MULTI LAYER,2,KUNINGAN,WEST JAVA,2023-09-23,MOUNTAIN
ROMA,MAYORA INDAH,FOOD PACKAGING,LDPE,MULTI LAYER,6,KUNINGAN,WEST JAVA,2023-09-23,MOUNTAIN
KAPAL API,SANTOS JAYA ABADI,FOOD PACKAGING,LDPE,MULTI LAYER,39,KUNINGAN,WEST JAVA,2023-09-23,MOUNTAIN
TOP CAPPUCINO,PT. HARUM ALAM SEGAR GERSIK,FOOD PACKAGING,LDPE,MULTI LAYER,7,KUNINGAN,WEST JAVA,2023-09-23,MOUNTAIN
ENERGEN,MAYORA INDAH,FOOD PACKAGING,LDPE,MULTI LAYER,49,KUNINGAN,WEST JAVA,2023-09-23,MOUNTAIN
GOOD DAY,BRITANIA INDUSTRIES LTD.,FOOD PACKAGING,LDPE,MULTI LAYER,54,KUNINGAN,WEST JAVA,2023-09-23,MOUNTAIN
INDOCAFE,INDOFOOD,FOOD PACKAGING,LDPE,MULTI LAYER,21,KUNINGAN,WEST JAVA,2023-09-23,MOUNTAIN
FRISIAN FLAG,FRIESLANDCAMPINA,FOOD PACKAGING,LDPE,MULTI LAYER,32,KUNINGAN,WEST JAVA,2023-09-23,MOUNTAIN
INDOMILK,INDOFOOD,FOOD PACKAGING,LDPE,MULTI LAYER,2,KUNINGAN,WEST JAVA,2023-09-23,MOUNTAIN
NEO COFFEE,WINGSFOOD,FOOD PACKAGING,LDPE,MULTI LAYER,1,KUNINGAN,WEST JAVA,2023-09-23,MOUNTAIN
UNKNOWN,UNBRANDED,FOOD PACKAGING,OTHERS,SINGLE LAYER,2,KUNINGAN,WEST JAVA,2023-09-23,MOUNTAIN
CHOCOLATOS,GARUDA FOOD,FOOD PACKAGING,LDPE,MULTI LAYER,3,KUNINGAN,WEST JAVA,2023-09-23,MOUNTAIN
MILO,NESTLE,FOOD PACKAGING,LDPE,MULTI LAYER,3,KUNINGAN,WEST JAVA,2023-09-23,MOUNTAIN
KOPI ABC SUSU,SANTOS JAYA ABADI,FOOD PACKAGING,LDPE,MULTI LAYER,13,KUNINGAN,WEST JAVA,2023-09-23,MOUNTAIN
HILO,FAIRPACK INDONESIA,FOOD PACKAGING,LDPE,MULTI LAYER,1,KUNINGAN,WEST JAVA,2023-09-23,MOUNTAIN
CAFFINO,SUMBER KOPI PRIMA,FOOD PACKAGING,LDPE,MULTI LAYER,1,KUNINGAN,WEST JAVA,2023-09-23,MOUNTAIN
ANGET SARI,FORISA NUSA PERSADA,FOOD PACKAGING,LDPE,MULTI LAYER,17,KUNINGAN,WEST JAVA,2023-09-23,MOUNTAIN
NUTRISARI,NUTRIFOOD,FOOD PACKAGING,LDPE,MULTI LAYER,7,KUNINGAN,WEST JAVA,2023-09-23,MOUNTAIN
JAHE MERAH,PT ANUGRAH PERSADA ALAM,FOOD PACKAGING,LDPE,MULTI LAYER,1,KUNINGAN,WEST JAVA,2023-09-23,MOUNTAIN
BENG BENG,MAYORA INDA,FOOD PACKAGING,LDPE,MULTI LAYER,3,KUNINGAN,WEST JAVA,2023-09-23,MOUNTAIN
MAXTEA,PT. SARI INCOFOOD CORPORATION,FOOD PACKAGING,LDPE,MULTI LAYER,4,KUNINGAN,WEST JAVA,2023-09-23,MOUNTAIN
LUWAK,JAVA PRIMA ABADI,FOOD PACKAGING,LDPE,MULTI LAYER,2,KUNINGAN,WEST JAVA,2023-09-23,MOUNTAIN
SIDOMUNCUL,INDURSTRI JAMU DAN FARMASI SIDO MUNCUL,FOOD PACKAGING,LDPE,MULTI LAYER,2,KUNINGAN,WEST JAVA,2023-09-23,MOUNTAIN
KOPI 7 ELEMEN,HNI,FOOD PACKAGING,LDPE,MULTI LAYER,3,KUNINGAN,WEST JAVA,2023-09-23,MOUNTAIN
VIT,TIRTA INVESTAMA,FOOD PACKAGING,PET,SINGLE LAYER,2,KUNINGAN,WEST JAVA,2023-09-23,MOUNTAIN
POCARI SWEAT,OTSUKA,FOOD PACKAGING,PET,SINGLE LAYER,4,KUNINGAN,WEST JAVA,2023-09-23,MOUNTAIN
TRIESTE,UNKNOWN,FOOD PACKAGING,PET,SINGLE LAYER,3,KUNINGAN,WEST JAVA,2023-09-23,MOUNTAIN
UNKNOWN,UNBRANDED,FOOD PACKAGING,PET,SINGLE LAYER,17,KUNINGAN,WEST JAVA,2023-09-23,MOUNTAIN
OXY,PT.OXY INDOMED,FOOD PACKAGING,PET,SINGLE LAYER,1,KUNINGAN,WEST JAVA,2023-09-23,MOUNTAIN
TEH BOTOL,SINAR SOSRO,FOOD PACKAGING,PET,SINGLE LAYER,2,KUNINGAN,WEST JAVA,2023-09-23,MOUNTAIN
GOLDA,WINGS,FOOD PACKAGING,PET,SINGLE LAYER,1,KUNINGAN,WEST JAVA,2023-09-23,MOUNTAIN
GOOD DAY,BRITANIA INDUSTRIES LTD.,FOOD PACKAGING,PET,SINGLE LAYER,1,KUNINGAN,WEST JAVA,2023-09-23,MOUNTAIN
TORACAFE,PT TORABIKA EKA SEMESTA,FOOD PACKAGING,PET,SINGLE LAYER,1,KUNINGAN,WEST JAVA,2023-09-23,MOUNTAIN
AMIDIS,PT AMIDIS TIRTA MULIA,FOOD PACKAGING,PET,SINGLE LAYER,1,KUNINGAN,WEST JAVA,2023-09-23,MOUNTAIN
NUTRIBOOST,THE COCA-COLA COMPANY,FOOD PACKAGING,PET,SINGLE LAYER,1,KUNINGAN,WEST JAVA,2023-09-23,MOUNTAIN
CIMORY,MOUNTAIN DAIRY,FOOD PACKAGING,PET,SINGLE LAYER,1,KUNINGAN,WEST JAVA,2023-09-23,MOUNTAIN
LARUTAN CAP KAKI TIGA,KINO,FOOD PACKAGING,PET,SINGLE LAYER,1,KUNINGAN,WEST JAVA,2023-09-23,MOUNTAIN
MOGU MOGU,SAPPE,FOOD PACKAGING,PET,SINGLE LAYER,2,KUNINGAN,WEST JAVA,2023-09-23,MOUNTAIN
GOOD MOOD,SUNTORY BEVERAGE & FOOD,FOOD PACKAGING,PET,SINGLE LAYER,1,KUNINGAN,WEST JAVA,2023-09-23,MOUNTAIN
ADEM SARI,SARI ENESIS INDAH,FOOD PACKAGING,PET,SINGLE LAYER,1,KUNINGAN,WEST JAVA,2023-09-23,MOUNTAIN
ADES,THE COCA-COLA COMPANY,FOOD PACKAGING,PET,SINGLE LAYER,2,KUNINGAN,WEST JAVA,2023-09-23,MOUNTAIN
KOPI BAPER,INDOMARET GRUP,FOOD PACKAGING,PET,SINGLE LAYER,1,KUNINGAN,WEST JAVA,2023-09-23,MOUNTAIN
KOPI KENANGAN,PT BUMI BERKAH BOGA,FOOD PACKAGING,PET,SINGLE LAYER,1,KUNINGAN,WEST JAVA,2023-09-23,MOUNTAIN
MOUNTOYA,PT. TOYAMILINDO,FOOD PACKAGING,PET,SINGLE LAYER,3,KUNINGAN,WEST JAVA,2023-09-23,MOUNTAIN
SAMBAL INDOFOOD,INDOFOOD,FOOD PACKAGING,PET,SINGLE LAYER,1,KUNINGAN,WEST JAVA,2023-09-23,MOUNTAIN
CLEO,TANOBEL FOOD,FOOD PACKAGING,PET,SINGLE LAYER,2,KUNINGAN,WEST JAVA,2023-09-23,MOUNTAIN
ISOPLUS,WINGS,FOOD PACKAGING,PET,SINGLE LAYER,1,KUNINGAN,WEST JAVA,2023-09-23,MOUNTAIN
UNKNOWN,UNBRANDED,FOOD PACKAGING,PET,SINGLE LAYER,1,KUNINGAN,WEST JAVA,2023-09-23,MOUNTAIN
NEXTAR,NABATI,FOOD PACKAGING,OTHERS,SINGLE LAYER,1,KUNINGAN,WEST JAVA,2023-09-23,MOUNTAIN
KALPA,MAYORA INDAH,FOOD PACKAGING,OTHERS,SINGLE LAYER,1,KUNINGAN,WEST JAVA,2023-09-23,MOUNTAIN
MILKLIFE,PT. GLOBAL DAIRI ALAMI,FOOD PACKAGING,OTHERS,MULTI LAYER,1,KUNINGAN,WEST JAVA,2023-09-23,MOUNTAIN
TEH KOTAK,ULTRAJAYA,FOOD PACKAGING,OTHERS,MULTI LAYER,6,KUNINGAN,WEST JAVA,2023-09-23,MOUNTAIN
CHOKI CHOKI,MAYORA INDAH,FOOD PACKAGING,OTHERS,MULTI LAYER,1,KUNINGAN,WEST JAVA,2023-09-23,MOUNTAIN
TOLAK ANGIN,SIDOMUNCUL,FOOD PACKAGING,OTHERS,MULTI LAYER,1,KUNINGAN,WEST JAVA,2023-09-23,MOUNTAIN
PROMAG,KALBE FARMA,FOOD PACKAGING,OTHERS,MULTI LAYER,1,KUNINGAN,WEST JAVA,2023-09-23,MOUNTAIN
SARI GANDUM,MAYORA INDAH,FOOD PACKAGING,OTHERS,MULTI LAYER,1,KUNINGAN,WEST JAVA,2023-09-23,MOUNTAIN
POCKY,PT GLICO INDONESIA,FOOD PACKAGING,OTHERS,MULTI LAYER,4,KUNINGAN,WEST JAVA,2023-09-23,MOUNTAIN
SARI KACANG HIJAU,ULTRAJAYA,FOOD PACKAGING,OTHERS,MULTI LAYER,2,KUNINGAN,WEST JAVA,2023-09-23,MOUNTAIN
ULTRA MILK,ULTRAJAYA,FOOD PACKAGING,OTHERS,MULTI LAYER,5,KUNINGAN,WEST JAVA,2023-09-23,MOUNTAIN
MILO,NESTLE,FOOD PACKAGING,OTHERS,MULTI LAYER,1,KUNINGAN,WEST JAVA,2023-09-23,MOUNTAIN
CLEVO,GARUDA FOOD,FOOD PACKAGING,OTHERS,MULTI LAYER,1,KUNINGAN,WEST JAVA,2023-09-23,MOUNTAIN
INDOMILK,INDOFOOD,FOOD PACKAGING,OTHERS,MULTI LAYER,3,KUNINGAN,WEST JAVA,2023-09-23,MOUNTAIN
TEH SOSRO,INDOFOOD,FOOD PACKAGING,OTHERS,MULTI LAYER,1,KUNINGAN,WEST JAVA,2023-09-23,MOUNTAIN
ULTRAMILK,ULTRAJAYA,FOOD PACKAGING,OTHERS,MULTI LAYER,1,KUNINGAN,WEST JAVA,2023-09-23,MOUNTAIN
TANGIT,HENKEL AG & CO. KGAA,PACKAGING MATERIAL,OTHERS,MULTI LAYER,1,KUNINGAN,WEST JAVA,2023-09-23,MOUNTAIN
GUDANG GARAM,GUDANG GARAM TBK.,SMOKING MATERIAL,OTHERS,SINGLE LAYER,1,KUNINGAN,WEST JAVA,2023-09-23,MOUNTAIN
GERY SALUT,GARUDA FOOD,FOOD PACKAGING,OTHERS,MULTI LAYER,1,KUNINGAN,WEST JAVA,2023-09-23,MOUNTAIN
SARUNG TANGAN,PT. YUTAKA ASIA INDONESIA,PERSONAL CARE,OTHERS,MULTI LAYER,1,KUNINGAN,WEST JAVA,2023-09-23,MOUNTAIN
YUMMY CHOICE,PT. INDOMARCO PRISMATAMA,FOOD PACKAGING,OTHERS,MULTI LAYER,1,KUNINGAN,WEST JAVA,2023-09-23,MOUNTAIN
UNKNOWN,UNBRANDED,FOOD PACKAGING,PS,SINGLE LAYER,1,KUNINGAN,WEST JAVA,2023-09-23,MOUNTAIN
CHAMP,THAI VEGETABLE OIL PUBLIC COMPANY LIMITED,FOOD PACKAGING,LDPE,MULTI LAYER,3,KUNINGAN,WEST JAVA,2023-09-23,MOUNTAIN
SHIPUDO,UNBRANDED,FOOD PACKAGING,OTHERS,SINGLE LAYER,2,KUNINGAN,WEST JAVA,2023-09-23,MOUNTAIN
SO NICE,SO GOOD,FOOD PACKAGING,OTHERS,SINGLE LAYER,2,KUNINGAN,WEST JAVA,2023-09-23,MOUNTAIN
SALAM,UNBRANDED,FOOD PACKAGING,LDPE,MULTI LAYER,1,KUNINGAN,WEST JAVA,2023-09-23,MOUNTAIN
HISANA,PT. SELAHONJE JAYA MANDIRI,FOOD PACKAGING,OTHERS,UNSURE,1,KUNINGAN,WEST JAVA,2023-09-23,MOUNTAIN
BASO IKAN,UNBRANDED,FOOD PACKAGING,OTHERS,SINGLE LAYER,1,KUNINGAN,WEST JAVA,2023-09-23,MOUNTAIN
KECAP GUNA,PT MULTI SARI SEDAP,FOOD PACKAGING,PET,SINGLE LAYER,1,KUNINGAN,WEST JAVA,2023-09-23,MOUNTAIN
KECAP SEDAP,KARUNIA ALAM SEGAR,FOOD PACKAGING,PET,SINGLE LAYER,2,KUNINGAN,WEST JAVA,2023-09-23,MOUNTAIN
TOLAK ANGIN,SIDOMUNCUL,FOOD PACKAGING,LDPE,MULTI LAYER,4,KUNINGAN,WEST JAVA,2023-09-23,MOUNTAIN
UNKNOWN,UNBRANDED,FOOD PACKAGING,OTHERS,SINGLE LAYER,1,KUNINGAN,WEST JAVA,2023-09-23,MOUNTAIN
MILKITA,UNIFAM,FOOD PACKAGING,LDPE,MULTI LAYER,1,KUNINGAN,WEST JAVA,2023-09-23,MOUNTAIN
FILMA,SMART,FOOD PACKAGING,LDPE,SINGLE LAYER,1,KUNINGAN,WEST JAVA,2023-09-23,MOUNTAIN
INDOFOOD,INDOFOOD,FOOD PACKAGING,LDPE,SINGLE LAYER,1,KUNINGAN,WEST JAVA,2023-09-23,MOUNTAIN
PALMIA,PT SALIM IVOMAS PRATAMA TBK,FOOD PACKAGING,LDPE,MULTI LAYER,1,KUNINGAN,WEST JAVA,2023-09-23,MOUNTAIN
KOMIX,BINTANG TOEDJOE,FOOD PACKAGING,LDPE,MULTI LAYER,1,KUNINGAN,WEST JAVA,2023-09-23,MOUNTAIN
MUNDIVIKTOR,PT. TARU MARTANI ,FOOD PACKAGING,OTHERS,MULTI LAYER,1,KUNINGAN,WEST JAVA,2023-09-23,MOUNTAIN
BATAVIA,INDOMULTIMAS PERKASA,FOOD PACKAGING,PP,SINGLE LAYER,16,KUNINGAN,WEST JAVA,2023-09-23,MOUNTAIN
FRESH,UNBRANDED,FOOD PACKAGING,PP,SINGLE LAYER,24,KUNINGAN,WEST JAVA,2023-09-23,MOUNTAIN
ALE ALE,TIRTA ALAM,FOOD PACKAGING,PP,SINGLE LAYER,3,KUNINGAN,WEST JAVA,2023-09-23,MOUNTAIN
NALALA,PT MAYORA,FOOD PACKAGING,PP,SINGLE LAYER,2,KUNINGAN,WEST JAVA,2023-09-23,MOUNTAIN
CRISTALINE,GROUPE ALMA,FOOD PACKAGING,PP,SINGLE LAYER,1,KUNINGAN,WEST JAVA,2023-09-23,MOUNTAIN
AMILS,UNBRANDED,FOOD PACKAGING,PP,SINGLE LAYER,2,KUNINGAN,WEST JAVA,2023-09-23,MOUNTAIN
EVATA,UNBRANDED,FOOD PACKAGING,PP,SINGLE LAYER,1,KUNINGAN,WEST JAVA,2023-09-23,MOUNTAIN
AQUAKU,UNBRANDED,FOOD PACKAGING,PP,SINGLE LAYER,1,KUNINGAN,WEST JAVA,2023-09-23,MOUNTAIN
UNKNOWN,UNBRANDED,FOOD PACKAGING,PP,SINGLE LAYER,75,KUNINGAN,WEST JAVA,2023-09-23,MOUNTAIN
UNKNOWN,UNBRANDED,FOOD PACKAGING,PP,SINGLE LAYER,200,KUNINGAN,WEST JAVA,2023-09-23,MOUNTAIN
UNKNOWN,UNBRANDED,FOOD PACKAGING,PP,SINGLE LAYER,96,KUNINGAN,WEST JAVA,2023-09-23,MOUNTAIN
TEH PUCUK,MAYORA INDAH,FOOD PACKAGING,PP,SINGLE LAYER,5,KUNINGAN,WEST JAVA,2023-09-23,MOUNTAIN
UC 1000,DJOJONEGORO,FOOD PACKAGING,PP,SINGLE LAYER,2,KUNINGAN,WEST JAVA,2023-09-23,MOUNTAIN
COCA COLA,THE COCA-COLA COMPANY,FOOD PACKAGING,PP,SINGLE LAYER,1,KUNINGAN,WEST JAVA,2023-09-23,MOUNTAIN
UNKNOWN,UNBRANDED,FOOD PACKAGING,PP,SINGLE LAYER,44,KUNINGAN,WEST JAVA,2023-09-23,MOUNTAIN
VIT,TIRTA INVESTAMA,FOOD PACKAGING,PP,SINGLE LAYER,1,KUNINGAN,WEST JAVA,2023-09-23,MOUNTAIN
KRATING DAENG,ASIA HEALTH ENERGY BEVERAGES,FOOD PACKAGING,PP,SINGLE LAYER,3,KUNINGAN,WEST JAVA,2023-09-23,MOUNTAIN
LARUTAN CAP KAKI TIGA,KINO,FOOD PACKAGING,PP,SINGLE LAYER,1,KUNINGAN,WEST JAVA,2023-09-23,MOUNTAIN
POCARI SWEAT,OTSUKA,FOOD PACKAGING,PP,SINGLE LAYER,3,KUNINGAN,WEST JAVA,2023-09-23,MOUNTAIN
GOOD DAY,BRITANIA INDUSTRIES LTD.,FOOD PACKAGING,PP,SINGLE LAYER,1,KUNINGAN,WEST JAVA,2023-09-23,MOUNTAIN
UNKNOWN,UNBRANDED,FOOD PACKAGING,PP,SINGLE LAYER,1,KUNINGAN,WEST JAVA,2023-09-23,MOUNTAIN
CLEO,TANOBEL FOOD,FOOD PACKAGING,PET,SINGLE LAYER,4,KUNINGAN,WEST JAVA,2023-09-23,MOUNTAIN
SAMYANG,SAMYANG FOODS,FOOD PACKAGING,LDPE,MULTI LAYER,2,KUNINGAN,WEST JAVA,2023-09-23,MOUNTAIN
MIE OVEN,PT DELLIFOOD SENTOSA CORPINDO,FOOD PACKAGING,LDPE,MULTI LAYER,2,KUNINGAN,WEST JAVA,2023-09-23,MOUNTAIN
MIE SALAM,PT SENTRAFOOD INDONESIA,FOOD PACKAGING,LDPE,MULTI LAYER,1,KUNINGAN,WEST JAVA,2023-09-23,MOUNTAIN
PIPA,UNBRANDED,HOUSEHOLD PRODUCT,PVC,MULTI LAYER,1,KUNINGAN,WEST JAVA,2023-09-23,MOUNTAIN
PIPA SAMBUNG,UNBRANDED,HOUSEHOLD PRODUCT,PVC,MULTI LAYER,1,KUNINGAN,WEST JAVA,2023-09-23,MOUNTAIN
GUDANG GARAM,GUDANG GARAM TBK.,SMOKING MATERIAL,OTHERS,MULTI LAYER,11,KUNINGAN,WEST JAVA,2023-09-23,MOUNTAIN
GUDANG GARAM,GUDANG GARAM TBK.,SMOKING MATERIAL,OTHERS,MULTI LAYER,8,KUNINGAN,WEST JAVA,2023-09-23,MOUNTAIN
JUARA KRETEK,PT TRI SAKTI PURWOSARI MAKMUR,SMOKING MATERIAL,OTHERS,MULTI LAYER,7,KUNINGAN,WEST JAVA,2023-09-23,MOUNTAIN
CLASS MILD,NOJORONO TOBACCO INTERNATIONAL,SMOKING MATERIAL,OTHERS,MULTI LAYER,3,KUNINGAN,WEST JAVA,2023-09-23,MOUNTAIN
MALBORO,PHILIP MORRIS USA,SMOKING MATERIAL,OTHERS,MULTI LAYER,2,KUNINGAN,WEST JAVA,2023-09-23,MOUNTAIN
CAMEL,"REYNOLDS AMERICAN, INC.",SMOKING MATERIAL,OTHERS,MULTI LAYER,1,KUNINGAN,WEST JAVA,2023-09-23,MOUNTAIN
DJARUM SUPER,DJARUM,SMOKING MATERIAL,OTHERS,MULTI LAYER,2,KUNINGAN,WEST JAVA,2023-09-23,MOUNTAIN
ESSE,KOREA TOMORROW & GLOBAL CORPORATION,SMOKING MATERIAL,OTHERS,MULTI LAYER,1,KUNINGAN,WEST JAVA,2023-09-23,MOUNTAIN
NESLITE,PT MERAPI AGUNG LESTARI,SMOKING MATERIAL,OTHERS,MULTI LAYER,3,KUNINGAN,WEST JAVA,2023-09-23,MOUNTAIN
DJARUM SUPER,DJARUM,SMOKING MATERIAL,OTHERS,MULTI LAYER,3,KUNINGAN,WEST JAVA,2023-09-23,MOUNTAIN
DJI SAM SOE,"HM SHAMPOOERNA, TBK",SMOKING MATERIAL,OTHERS,MULTI LAYER,1,KUNINGAN,WEST JAVA,2023-09-23,MOUNTAIN
LA,BRITISH AMERICAN TOBACCO,SMOKING MATERIAL,OTHERS,MULTI LAYER,4,KUNINGAN,WEST JAVA,2023-09-23,MOUNTAIN
MAGNUM FILTER,PT HM SHAMPOOERNA TBK,SMOKING MATERIAL,OTHERS,MULTI LAYER,3,KUNINGAN,WEST JAVA,2023-09-23,MOUNTAIN
DUNHILL,BRITISH AMERICAN TOBACCO,SMOKING MATERIAL,OTHERS,MULTI LAYER,2,KUNINGAN,WEST JAVA,2023-09-23,MOUNTAIN
SHAMPOOERNA MILD,PHILIP MORRIS INTERNATIONAL,SMOKING MATERIAL,OTHERS,MULTI LAYER,3,KUNINGAN,WEST JAVA,2023-09-23,MOUNTAIN
SCORPIONS,DJARUM,SMOKING MATERIAL,OTHERS,MULTI LAYER,4,KUNINGAN,WEST JAVA,2023-09-23,MOUNTAIN
HURUMANIS,UNBRANDED,SMOKING MATERIAL,OTHERS,MULTI LAYER,1,KUNINGAN,WEST JAVA,2023-09-23,MOUNTAIN
KEMBANG TEBU,PT ARMANDO INTERTOBACCO INDUSTRY,SMOKING MATERIAL,OTHERS,MULTI LAYER,2,KUNINGAN,WEST JAVA,2023-09-23,MOUNTAIN
BOLD,DJARUM,SMOKING MATERIAL,OTHERS,MULTI LAYER,1,KUNINGAN,WEST JAVA,2023-09-23,MOUNTAIN
ON BOLD,CAKRA GUNA CIPTA,SMOKING MATERIAL,OTHERS,MULTI LAYER,2,KUNINGAN,WEST JAVA,2023-09-23,MOUNTAIN
FLASH,BRITISH AMERICAN TOBACCO,SMOKING MATERIAL,OTHERS,MULTI LAYER,1,KUNINGAN,WEST JAVA,2023-09-23,MOUNTAIN
AL QOMAR,PT SEJUK MALANG,SMOKING MATERIAL,OTHERS,MULTI LAYER,1,KUNINGAN,WEST JAVA,2023-09-23,MOUNTAIN
ISOPLUS,WINGS,FOOD PACKAGING,PET,SINGLE LAYER,2,KUNINGAN,WEST JAVA,2023-09-23,MOUNTAIN
MIGI MIGI,MOMOGI,FOOD PACKAGING,LDPE,MULTI LAYER,1,KUNINGAN,WEST JAVA,2023-09-23,MOUNTAIN
RELAXA,AGEL LANGGENG,FOOD PACKAGING,LDPE,MULTI LAYER,1,KUNINGAN,WEST JAVA,2023-09-23,MOUNTAIN
MOMOGI,SARI MURNI,FOOD PACKAGING,LDPE,MULTI LAYER,1,KUNINGAN,WEST JAVA,2023-09-23,MOUNTAIN
SIIP,NABATI SNACK,FOOD PACKAGING,LDPE,MULTI LAYER,1,KUNINGAN,WEST JAVA,2023-09-23,MOUNTAIN
UNKNOWN,UNBRANDED,OTHERS,OTHERS,SINGLE LAYER,1,KUNINGAN,WEST JAVA,2023-09-23,MOUNTAIN
ASTOR,MAYORA INDAH,FOOD PACKAGING,LDPE,MULTI LAYER,2,KUNINGAN,WEST JAVA,2023-09-23,MOUNTAIN
ROLLS RECHESS,NABATI,FOOD PACKAGING,LDPE,MULTI LAYER,1,KUNINGAN,WEST JAVA,2023-09-23,MOUNTAIN
YUPI,YUPINDO,FOOD PACKAGING,LDPE,MULTI LAYER,1,KUNINGAN,WEST JAVA,2023-09-23,MOUNTAIN
CHOCOLATOS,GARUDA FOOD,FOOD PACKAGING,LDPE,MULTI LAYER,1,KUNINGAN,WEST JAVA,2023-09-23,MOUNTAIN
COCO POP,PT. NIRWANA LESTARI,FOOD PACKAGING,LDPE,MULTI LAYER,1,KUNINGAN,WEST JAVA,2023-09-23,MOUNTAIN
CRACKERS SERENA,PT. SERENA CAFETARIA RASA,FOOD PACKAGING,LDPE,MULTI LAYER,1,KUNINGAN,WEST JAVA,2023-09-23,MOUNTAIN
FIESTA,RFM CORPORATION,FOOD PACKAGING,LDPE,SINGLE LAYER,3,KUNINGAN,WEST JAVA,2023-09-23,MOUNTAIN
SO GOOD,JAPFA,FOOD PACKAGING,LDPE,SINGLE LAYER,2,KUNINGAN,WEST JAVA,2023-09-23,MOUNTAIN
DALING,PT DUTAMASINDO LABORA JAYA,FOOD PACKAGING,LDPE,MULTI LAYER,2,KUNINGAN,WEST JAVA,2023-09-23,MOUNTAIN
MITRA KU,PT. SEKAR BUMI,FOOD PACKAGING,LDPE,MULTI LAYER,1,KUNINGAN,WEST JAVA,2023-09-23,MOUNTAIN
GEBOY 999,PT PETRA SEJAHTERA ABADI,FOOD PACKAGING,LDPE,MULTI LAYER,1,KUNINGAN,WEST JAVA,2023-09-23,MOUNTAIN
UENAAK,BELFOODS,FOOD PACKAGING,LDPE,MULTI LAYER,1,KUNINGAN,WEST JAVA,2023-09-23,MOUNTAIN
BARTOZ,PT.PORTO FOOD INDONESIA,FOOD PACKAGING,LDPE,MULTI LAYER,1,KUNINGAN,WEST JAVA,2023-09-23,MOUNTAIN
HEMATO,PT. DAGSAP ENDURA,FOOD PACKAGING,LDPE,MULTI LAYER,1,KUNINGAN,WEST JAVA,2023-09-23,MOUNTAIN
OKEY,CHEROEN POKPHAND INDONESIA TBK,FOOD PACKAGING,LDPE,MULTI LAYER,2,KUNINGAN,WEST JAVA,2023-09-23,MOUNTAIN
UNKNOWN,UNBRANDED,HOUSEHOLD PRODUCT,LDPE,SINGLE LAYER,294,KUNINGAN,WEST JAVA,2023-09-23,MOUNTAIN
UNKNOWN,UNBRANDED,HOUSEHOLD PRODUCT,LDPE,SINGLE LAYER,111,KUNINGAN,WEST JAVA,2023-09-23,MOUNTAIN
UNKNOWN,UNBRANDED,FOOD PACKAGING,LDPE,SINGLE LAYER,366,KUNINGAN,WEST JAVA,2023-09-23,MOUNTAIN
FRISIAN FLAG,FRIESLANDCAMPINA,FOOD PACKAGING,HDPE,MULTI LAYER,12,SABANG,ACEH,2023-09-30,COAST/SHORELINE
PEPSODENT,UNILEVER,PERSONAL CARE,HDPE,MULTI LAYER,2,SABANG,ACEH,2023-09-30,COAST/SHORELINE
SUNSILK,UNILEVER,PERSONAL CARE,HDPE,MULTI LAYER,1,SABANG,ACEH,2023-09-30,COAST/SHORELINE
NU GREENTEA,PT ABC,FOOD PACKAGING,PET,MULTI LAYER,1,SABANG,ACEH,2023-09-30,COAST/SHORELINE
DILAN,UNBRANDED,FOOD PACKAGING,HDPE,MULTI LAYER,1,SABANG,ACEH,2023-09-30,COAST/SHORELINE
OLALA CAKE,UNBRANDED,FOOD PACKAGING,HDPE,MULTI LAYER,1,SABANG,ACEH,2023-09-30,COAST/SHORELINE
QTELA,INDOFOOD PACKAGING ,FOOD PACKAGING,HDPE,MULTI LAYER,1,SABANG,ACEH,2023-09-30,COAST/SHORELINE
UNIBIS,PT UNIVERSAL INDOFOOD PACKAGING  PRODUCT,FOOD PACKAGING,HDPE,MULTI LAYER,6,SABANG,ACEH,2023-09-30,COAST/SHORELINE
NO BRAND,UNBRANDED,FOOD PACKAGING,HDPE,MULTI LAYER,2,SABANG,ACEH,2023-09-30,COAST/SHORELINE
OPAQ,UNBRANDED,FOOD PACKAGING,HDPE,MULTI LAYER,1,SABANG,ACEH,2023-09-30,COAST/SHORELINE
DANCING POP,PT. INTERNUSA FOOD PACKAGING ,FOOD PACKAGING,HDPE,MULTI LAYER,1,SABANG,ACEH,2023-09-30,COAST/SHORELINE
SANMIE,UNBRANDED,FOOD PACKAGING,HDPE,MULTI LAYER,1,SABANG,ACEH,2023-09-30,COAST/SHORELINE
KIKO ,PT. KIKO ENERGY INDONESIA,FOOD PACKAGING,LDPE,SINGLE LAYER,2,SABANG,ACEH,2023-09-30,COAST/SHORELINE
HANDSOCK,UNBRANDED,OTHERS,OTHERS,UNSURE,9,SABANG,ACEH,2023-09-30,COAST/SHORELINE
JELLY GUM ,PT. YUPI INDO JELLY GUM,FOOD PACKAGING,LDPE,MULTI LAYER,1,SABANG,ACEH,2023-09-30,COAST/SHORELINE
MASK,UNBRANDED,OTHERS,OTHERS,UNSURE,1,SABANG,ACEH,2023-09-30,COAST/SHORELINE
NO BRAND,UNBRANDED,OTHERS,OTHERS,UNSURE,1,SABANG,ACEH,2023-09-30,COAST/SHORELINE
CLEO,TANOBEL FOOD PACKAGING ,FOOD PACKAGING,PET,SINGLE LAYER,3,SABANG,ACEH,2023-09-30,COAST/SHORELINE
FANTA,THE COCA-COLA COMPANY,FOOD PACKAGING,LDPE,SINGLE LAYER,2,SABANG,ACEH,2023-09-30,COAST/SHORELINE
KISS,MAYORA INDAH,FOOD PACKAGING,LDPE,MULTI LAYER,1,SABANG,ACEH,2023-09-30,COAST/SHORELINE
AINIQUA,PT AINI SEJAHTERA,FOOD PACKAGING,LDPE,SINGLE LAYER,1,SABANG,ACEH,2023-09-30,COAST/SHORELINE
COFFEE MIX,INDOCAFE,FOOD PACKAGING,LDPE,MULTI LAYER,17,SABANG,ACEH,2023-09-30,COAST/SHORELINE
SANIA,BINA KARYA PRIMA,FOOD PACKAGING,LDPE,SINGLE LAYER,1,SABANG,ACEH,2023-09-30,COAST/SHORELINE
UNKNOWN,UNBRANDED,FOOD PACKAGING,LDPE,SINGLE LAYER,42,SABANG,ACEH,2023-09-30,COAST/SHORELINE
SUNLIGHT,UNILEVER,PERSONAL CARE,LDPE,MULTI LAYER,1,SABANG,ACEH,2023-09-30,COAST/SHORELINE
VIT,TIRTA INVESTAMA,FOOD PACKAGING,LDPE,SINGLE LAYER,1,SABANG,ACEH,2023-09-30,COAST/SHORELINE
CHITATO,INDOFOOD PACKAGING ,FOOD PACKAGING,LDPE,MULTI LAYER,6,SABANG,ACEH,2023-09-30,COAST/SHORELINE
SOYA,UNBRANDED,FOOD PACKAGING,LDPE,SINGLE LAYER,2,SABANG,ACEH,2023-09-30,COAST/SHORELINE
TEBS,SINAR SOSRO,FOOD PACKAGING,LDPE,SINGLE LAYER,2,SABANG,ACEH,2023-09-30,COAST/SHORELINE
TEH BOTOL,SINAR SOSRO,FOOD PACKAGING,LDPE,SINGLE LAYER,1,SABANG,ACEH,2023-09-30,COAST/SHORELINE
MIE SUKSES,WINGS,FOOD PACKAGING,LDPE,SINGLE LAYER,6,SABANG,ACEH,2023-09-30,COAST/SHORELINE
INDOCHES,UNBRANDED,FOOD PACKAGING,LDPE,SINGLE LAYER,1,SABANG,ACEH,2023-09-30,COAST/SHORELINE
QLIA,UNBRANDED,FOOD PACKAGING,LDPE,SINGLE LAYER,3,SABANG,ACEH,2023-09-30,COAST/SHORELINE
LEM FOX,AICA INDRIA,OTHERS,LDPE,SINGLE LAYER,1,SABANG,ACEH,2023-09-30,COAST/SHORELINE
EXTRA JOS,PT BINTANG TOEDJOE,FOOD PACKAGING,LDPE,MULTI LAYER,3,SABANG,ACEH,2023-09-30,COAST/SHORELINE
LADAKU,MOTASA INDONESIA,FOOD PACKAGING,LDPE,MULTI LAYER,2,SABANG,ACEH,2023-09-30,COAST/SHORELINE
SOFTEX,SOFTEX INDONESIA,OTHERS,OTHERS,MULTI LAYER,32,SABANG,ACEH,2023-09-30,COAST/SHORELINE
MILO,NESTLE,FOOD PACKAGING,LDPE,MULTI LAYER,1,SABANG,ACEH,2023-09-30,COAST/SHORELINE
TOP COFFE,WINGS,FOOD PACKAGING,LDPE,MULTI LAYER,4,SABANG,ACEH,2023-09-30,COAST/SHORELINE
OREO,DONGSUH FOOD PACKAGING S,FOOD PACKAGING,LDPE,MULTI LAYER,9,SABANG,ACEH,2023-09-30,COAST/SHORELINE
GONONO,UNBRANDED,FOOD PACKAGING,LDPE,MULTI LAYER,16,SABANG,ACEH,2023-09-30,COAST/SHORELINE
POP MIE,INDOFOOD PACKAGING ,FOOD PACKAGING,PS,SINGLE LAYER,1,SABANG,ACEH,2023-09-30,COAST/SHORELINE
GOPEK,GOPEK CIPTA UTAMA,FOOD PACKAGING,LDPE,MULTI LAYER,1,SABANG,ACEH,2023-09-30,COAST/SHORELINE
CAPPUCINO,UNBRANDED,FOOD PACKAGING,LDPE,MULTI LAYER,9,SABANG,ACEH,2023-09-30,COAST/SHORELINE
DELIMA,UNBRANDED,FOOD PACKAGING,LDPE,UNSURE,1,SABANG,ACEH,2023-09-30,COAST/SHORELINE
TANGO,TANGO,FOOD PACKAGING,LDPE,MULTI LAYER,2,SABANG,ACEH,2023-09-30,COAST/SHORELINE
TEH GELAS,ORANG TUA,FOOD PACKAGING,LDPE,SINGLE LAYER,3,SABANG,ACEH,2023-09-30,COAST/SHORELINE
OKKY JELLY DRINK ,PT SUNTORY GARUDA BOTTLE,FOOD PACKAGING,LDPE,SINGLE LAYER,21,SABANG,ACEH,2023-09-30,COAST/SHORELINE
MILK BAR,UNBRANDED,FOOD PACKAGING,LDPE,MULTI LAYER,1,SABANG,ACEH,2023-09-30,COAST/SHORELINE
MS MOCCA,UNBRANDED,FOOD PACKAGING,LDPE,MULTI LAYER,1,SABANG,ACEH,2023-09-30,COAST/SHORELINE
ROMA KELAPA,MAYORA INDAH,FOOD PACKAGING,LDPE,MULTI LAYER,2,SABANG,ACEH,2023-09-30,COAST/SHORELINE
SELAMAT,CERES,FOOD PACKAGING,LDPE,MULTI LAYER,1,SABANG,ACEH,2023-09-30,COAST/SHORELINE
BON CABE,KOBE,FOOD PACKAGING,LDPE,MULTI LAYER,1,SABANG,ACEH,2023-09-30,COAST/SHORELINE
HOTHOT,PT. BRONSON PRIMA INDUSTRI,FOOD PACKAGING,LDPE,MULTI LAYER,1,SABANG,ACEH,2023-09-30,COAST/SHORELINE
S TEA,PT SINAR SOSRO,FOOD PACKAGING,LDPE,SINGLE LAYER,1,SABANG,ACEH,2023-09-30,COAST/SHORELINE
MOUNTEA,TUDUNG GROUP,FOOD PACKAGING,LDPE,SINGLE LAYER,3,SABANG,ACEH,2023-09-30,COAST/SHORELINE
WHITE COFFEE,JAVA PRIMA ABADI,FOOD PACKAGING,LDPE,MULTI LAYER,12,SABANG,ACEH,2023-09-30,COAST/SHORELINE
SUPER STAR,MAYORA INDAH,FOOD PACKAGING,LDPE,MULTI LAYER,2,SABANG,ACEH,2023-09-30,COAST/SHORELINE
KOPI ULE KARENG,PT. ULEE KARENG COFFE,FOOD PACKAGING,LDPE,MULTI LAYER,128,SABANG,ACEH,2023-09-30,COAST/SHORELINE
ZEE,SANHIANG PERKASA,FOOD PACKAGING,LDPE,MULTI LAYER,1,SABANG,ACEH,2023-09-30,COAST/SHORELINE
ALE ALE,TIRTA ALAM,FOOD PACKAGING,LDPE,SINGLE LAYER,4,SABANG,ACEH,2023-09-30,COAST/SHORELINE
TEA JUS,WINGS,FOOD PACKAGING,LDPE,SINGLE LAYER,9,SABANG,ACEH,2023-09-30,COAST/SHORELINE
SASA,SASA INTI,FOOD PACKAGING,LDPE,SINGLE LAYER,1,SABANG,ACEH,2023-09-30,COAST/SHORELINE
SAUS DENA,UNBRANDED,FOOD PACKAGING,LDPE,SINGLE LAYER,1,SABANG,ACEH,2023-09-30,COAST/SHORELINE
KECAP ABC,ABC,FOOD PACKAGING,LDPE,SINGLE LAYER,3,SABANG,ACEH,2023-09-30,COAST/SHORELINE
TRUCK,UNBRANDED,FOOD PACKAGING,LDPE,MULTI LAYER,1,SABANG,ACEH,2023-09-30,COAST/SHORELINE
NABATI,NABATI GROUP.,FOOD PACKAGING,LDPE,MULTI LAYER,2,SABANG,ACEH,2023-09-30,COAST/SHORELINE
SALT CHEESE,KHONG GUAN,FOOD PACKAGING,LDPE,SINGLE LAYER,1,SABANG,ACEH,2023-09-30,COAST/SHORELINE
KECAP ASIN,UNBRANDED,FOOD PACKAGING,LDPE,SINGLE LAYER,1,SABANG,ACEH,2023-09-30,COAST/SHORELINE
TOPLOFE,UNBRANDED,FOOD PACKAGING,LDPE,SINGLE LAYER,2,SABANG,ACEH,2023-09-30,COAST/SHORELINE
CHOCOLATOS,GARUDA FOOD PACKAGING ,FOOD PACKAGING,LDPE,MULTI LAYER,5,SABANG,ACEH,2023-09-30,COAST/SHORELINE
MIE SEDAP,WINGS,FOOD PACKAGING,LDPE,SINGLE LAYER,7,SABANG,ACEH,2023-09-30,COAST/SHORELINE
MIIBU,UNBRANDED,FOOD PACKAGING,LDPE,SINGLE LAYER,4,SABANG,ACEH,2023-09-30,COAST/SHORELINE
KUKU BIMA,SIDO MUNCUL,FOOD PACKAGING,LDPE,MULTI LAYER,16,SABANG,ACEH,2023-09-30,COAST/SHORELINE
SUKRO,DUA KELINCI,FOOD PACKAGING,LDPE,MULTI LAYER,4,SABANG,ACEH,2023-09-30,COAST/SHORELINE
LEMON TEA,UNBRANDED,FOOD PACKAGING,LDPE,UNSURE,1,SABANG,ACEH,2023-09-30,COAST/SHORELINE
FLORIDINA,WINGS INDONESIA,FOOD PACKAGING,LDPE,MULTI LAYER,1,SABANG,ACEH,2023-09-30,COAST/SHORELINE
NO BRAND,UNBRANDED,FOOD PACKAGING,LDPE,SINGLE LAYER,31,SABANG,ACEH,2023-09-30,COAST/SHORELINE
NO BRAND,UNBRANDED,FOOD PACKAGING,LDPE,MULTI LAYER,1,SABANG,ACEH,2023-09-30,COAST/SHORELINE
NO BRAND,UNBRANDED,FOOD PACKAGING,LDPE,SINGLE LAYER,1,SABANG,ACEH,2023-09-30,COAST/SHORELINE
COCA COLA,THE COCA-COLA COMPANY,FOOD PACKAGING,LDPE,SINGLE LAYER,1,SABANG,ACEH,2023-09-30,COAST/SHORELINE
AIR MINUM KELUARGA,UNBRANDED,FOOD PACKAGING,LDPE,SINGLE LAYER,2,SABANG,ACEH,2023-09-30,COAST/SHORELINE
MILD,PT HANJAYA MANDALA SAMPOERNA TBK,SMOKING MATERIAL,OTHERS,UNSURE,2,SABANG,ACEH,2023-09-30,COAST/SHORELINE
ESSE,KOREA TOMORROW & GLOBAL CORPORATION,SMOKING MATERIAL,OTHERS,UNSURE,1,SABANG,ACEH,2023-09-30,COAST/SHORELINE
HD,UNBRANDED,SMOKING MATERIAL,OTHERS,UNSURE,1,SABANG,ACEH,2023-09-30,COAST/SHORELINE
NIPIS MADU,PT TIRTA FRESINDO JAYA,FOOD PACKAGING,LDPE,SINGLE LAYER,1,SABANG,ACEH,2023-09-30,COAST/SHORELINE
POCARI SWEAT,OTSUKA,FOOD PACKAGING,LDPE,SINGLE LAYER,2,SABANG,ACEH,2023-09-30,COAST/SHORELINE
SUN KACANG HIJAU,PT ULTRAJAYA MILK INDUSTRY & TRADING COMPANY TBK,FOOD PACKAGING,LDPE,MULTI LAYER,2,SABANG,ACEH,2023-09-30,COAST/SHORELINE
TARO,PREMIER MARKETING PUBLIC COMPANY LIMITED,FOOD PACKAGING,LDPE,MULTI LAYER,2,SABANG,ACEH,2023-09-30,COAST/SHORELINE
TICTAC,DUA KELINCI,FOOD PACKAGING,LDPE,MULTI LAYER,1,SABANG,ACEH,2023-09-30,COAST/SHORELINE
INTEMI,PT INDOFOOD PACKAGING  SUKSES MAKMUR,FOOD PACKAGING,LDPE,SINGLE LAYER,4,SABANG,ACEH,2023-09-30,COAST/SHORELINE
CHIKI,INDOFOOD PACKAGING ,FOOD PACKAGING,LDPE,MULTI LAYER,4,SABANG,ACEH,2023-09-30,COAST/SHORELINE
MEDAN JAYA,PT. MEDAN JAYA PANGAN MUTU,FOOD PACKAGING,LDPE,MULTI LAYER,16,SABANG,ACEH,2023-09-30,COAST/SHORELINE
JAS JUS,WINGS,FOOD PACKAGING,LDPE,MULTI LAYER,40,SABANG,ACEH,2023-09-30,COAST/SHORELINE
MOMOGI,SARI MURNI,FOOD PACKAGING,LDPE,MULTI LAYER,6,SABANG,ACEH,2023-09-30,COAST/SHORELINE
KOKO CRUNCH,NESTLE,FOOD PACKAGING,LDPE,MULTI LAYER,2,SABANG,ACEH,2023-09-30,COAST/SHORELINE
MIE GORENG SPICK,"PT. SIANTAR TOP, TBK",FOOD PACKAGING,LDPE,MULTI LAYER,6,SABANG,ACEH,2023-09-30,COAST/SHORELINE
LAURIER,KAO CORPORATION CHEMICALS COMPANY,PERSONAL CARE,OTHERS,MULTI LAYER,1,SABANG,ACEH,2023-09-30,COAST/SHORELINE
TEH PUCUK HARUM,MAYORA INDAH,FOOD PACKAGING,LDPE,SINGLE LAYER,23,SABANG,ACEH,2023-09-30,COAST/SHORELINE
LIFEBUOY,UNILEVER,PERSONAL CARE,LDPE,SINGLE LAYER,6,SABANG,ACEH,2023-09-30,COAST/SHORELINE
MAGNUM,UNILEVER,SMOKING MATERIAL,OTHERS,UNSURE,1,SABANG,ACEH,2023-09-30,COAST/SHORELINE
DJI SAM SOE,"HM SAMPOERNA, TBK",SMOKING MATERIAL,OTHERS,UNSURE,11,SABANG,ACEH,2023-09-30,COAST/SHORELINE
GUDANG GARAM,GUDANG GARAM TBK.,SMOKING MATERIAL,OTHERS,UNSURE,1,SABANG,ACEH,2023-09-30,COAST/SHORELINE
CHARM,UNBRANDED,OTHERS,OTHERS,MULTI LAYER,6,SABANG,ACEH,2023-09-30,COAST/SHORELINE
SPRITE,THE COCA-COLA COMPANY,FOOD PACKAGING,LDPE,SINGLE LAYER,1,SABANG,ACEH,2023-09-30,COAST/SHORELINE
KOPIKO,MAYORA INDAH,FOOD PACKAGING,LDPE,MULTI LAYER,6,SABANG,ACEH,2023-09-30,COAST/SHORELINE
FRUIT TEA,SINAR SOSRO,FOOD PACKAGING,LDPE,SINGLE LAYER,2,SABANG,ACEH,2023-09-30,COAST/SHORELINE
ULTRA,PT SINTONG ABADI,PERSONAL CARE,LDPE,SINGLE LAYER,2,SABANG,ACEH,2023-09-30,COAST/SHORELINE
REBO,GUMINDO BOGAMANIS,FOOD PACKAGING,LDPE,MULTI LAYER,23,SABANG,ACEH,2023-09-30,COAST/SHORELINE
ABC,SANTOS JAYA ABADI,FOOD PACKAGING,LDPE,MULTI LAYER,4,SABANG,ACEH,2023-09-30,COAST/SHORELINE
MASAKO,AJINOMOTO,FOOD PACKAGING,LDPE,MULTI LAYER,9,SABANG,ACEH,2023-09-30,COAST/SHORELINE
SO KLIN,WINGS,PERSONAL CARE,LDPE,MULTI LAYER,6,SABANG,ACEH,2023-09-30,COAST/SHORELINE
INDOMIE,INDOFOOD PACKAGING ,FOOD PACKAGING,LDPE,SINGLE LAYER,121,SABANG,ACEH,2023-09-30,COAST/SHORELINE
MIE GELAS,MAYORA INDAH,FOOD PACKAGING,LDPE,SINGLE LAYER,1,SABANG,ACEH,2023-09-30,COAST/SHORELINE
DAIA,WINGS,PERSONAL CARE,LDPE,SINGLE LAYER,8,SABANG,ACEH,2023-09-30,COAST/SHORELINE
LE MINERALE,MAYORA INDAH,FOOD PACKAGING,LDPE,SINGLE LAYER,1,SABANG,ACEH,2023-09-30,COAST/SHORELINE
MAZNA,UNBRANDED,OTHERS,LDPE,UNSURE,2,SABANG,ACEH,2023-09-30,COAST/SHORELINE
MADNA,UNBRANDED,OTHERS,LDPE,UNSURE,145,SABANG,ACEH,2023-09-30,COAST/SHORELINE
GOOD DAY,BRITANIA INDUSTRIES LTD.,FOOD PACKAGING,LDPE,MULTI LAYER,2,SABANG,ACEH,2023-09-30,COAST/SHORELINE
NESCAFE,NESTLE,FOOD PACKAGING,LDPE,MULTI LAYER,20,SABANG,ACEH,2023-09-30,COAST/SHORELINE
UNKNOWN,UNBRANDED,FOOD PACKAGING,LDPE,UNSURE,35,SABANG,ACEH,2023-09-30,COAST/SHORELINE
UNKNOWN,UNBRANDED,FOOD PACKAGING,PS,UNSURE,5,SABANG,ACEH,2023-09-30,COAST/SHORELINE
UNKNOWN,UNBRANDED,FOOD PACKAGING,HDPE,MULTI LAYER,9,SABANG,ACEH,2023-09-30,COAST/SHORELINE
LASEGAR,SINDE,FOOD PACKAGING,LDPE,SINGLE LAYER,1,SABANG,ACEH,2023-09-30,COAST/SHORELINE
MILK KURMA,PT JAYA UTAMA SANTIKAH,FOOD PACKAGING,OTHERS,UNSURE,1,SABANG,ACEH,2023-09-30,COAST/SHORELINE
SAJIKU,AJINOMOTO,FOOD PACKAGING,LDPE,MULTI LAYER,3,SABANG,ACEH,2023-09-30,COAST/SHORELINE
UNKNOWN,UNBRANDED,FOOD PACKAGING,LDPE,SINGLE LAYER,22,SABANG,ACEH,2023-09-30,COAST/SHORELINE
UNKNOWN,UNBRANDED,HOUSEHOLD PRODUCT,OTHERS,UNSURE,13,SABANG,ACEH,2023-09-30,COAST/SHORELINE
UNKNOWN,UNBRANDED,HOUSEHOLD PRODUCT,OTHERS,SINGLE LAYER,5,SABANG,ACEH,2023-09-30,COAST/SHORELINE
UNKNOWN,UNBRANDED,FISHING GEAR,OTHERS,UNSURE,14,SABANG,ACEH,2023-09-30,COAST/SHORELINE
UNKNOWN,UNBRANDED,OTHERS,OTHERS,UNSURE,12,SABANG,ACEH,2023-09-30,COAST/SHORELINE
UNKNOWN,UNBRANDED,PACKAGING MATERIAL,OTHERS,UNSURE,11,SABANG,ACEH,2023-09-30,COAST/SHORELINE
UNKNOWN,UNBRANDED,OTHERS,OTHERS,UNSURE,358,SABANG,ACEH,2023-09-30,COAST/SHORELINE
AQUA,DANONE,FOOD PACKAGING,LDPE,SINGLE LAYER,151,SABANG,ACEH,2023-09-30,COAST/SHORELINE
UNKNOWN,UNBRANDED,OTHERS,LDPE,SINGLE LAYER,2429,SABANG,ACEH,2023-09-30,COAST/SHORELINE
UNKNOWN,UNBRANDED,FOOD PACKAGING,LDPE,MULTI LAYER,2,SABANG,ACEH,2023-09-30,COAST/SHORELINE
FRENCH FRIES,SIANTAR TOP,FOOD PACKAGING,LDPE,MULTI LAYER,5,SABANG,ACEH,2023-09-30,COAST/SHORELINE
PONDS,UNILEVER,PERSONAL CARE,PET,MULTI LAYER,1,SABANG,ACEH,2023-09-30,COAST/SHORELINE
UNKNOWN,UNBRANDED,FOOD PACKAGING,PET,SINGLE LAYER,13,SABANG,ACEH,2023-09-30,COAST/SHORELINE
HATARI,ASW FOOD PACKAGING ,FOOD PACKAGING,LDPE,MULTI LAYER,1,SABANG,ACEH,2023-09-30,COAST/SHORELINE
BENG BENG,MAYORA INDA,FOOD PACKAGING,LDPE,MULTI LAYER,7,SABANG,ACEH,2023-09-30,COAST/SHORELINE
NATA DE COCO,NATIONAL COCONUT CORPORATION,FOOD PACKAGING,LDPE,MULTI LAYER,2,SABANG,ACEH,2023-09-30,COAST/SHORELINE
EKONOMI,WINGS,PACKAGING MATERIAL,LDPE,MULTI LAYER,4,SABANG,ACEH,2023-09-30,COAST/SHORELINE
PAMPERS,PROCTER & GAMBLE,PACKAGING MATERIAL,LDPE,UNSURE,3,SABANG,ACEH,2023-09-30,COAST/SHORELINE
GOOD TIME,ARNOTT'S,FOOD PACKAGING,LDPE,MULTI LAYER,3,SABANG,ACEH,2023-09-30,COAST/SHORELINE
GARUDA,TUDUNG GROUP,FOOD PACKAGING,LDPE,MULTI LAYER,14,SABANG,ACEH,2023-09-30,COAST/SHORELINE
TAMAGO,UNBRANDED,FOOD PACKAGING,LDPE,MULTI LAYER,3,SABANG,ACEH,2023-09-30,COAST/SHORELINE
DUA KELINCI,DUA KELINCI,FOOD PACKAGING,LDPE,MULTI LAYER,6,SABANG,ACEH,2023-09-30,COAST/SHORELINE
MY BABY,PT. BARCLAY PRODUCTS,PERSONAL CARE,PET,MULTI LAYER,1,SABANG,ACEH,2023-09-30,COAST/SHORELINE
SAMPOERNA,PHILIP MORRIS INTERNATIONAL,SMOKING MATERIAL,OTHERS,UNSURE,1,SABANG,ACEH,2023-09-30,COAST/SHORELINE
CIMORY,MOUNTAIN DAIRY,FOOD PACKAGING,LDPE,SINGLE LAYER,3,SABANG,ACEH,2023-09-30,COAST/SHORELINE
BON BON,UNBRANDED,FOOD PACKAGING,LDPE,SINGLE LAYER,2,SABANG,ACEH,2023-09-30,COAST/SHORELINE
SARI GANDUM,MAYORA INDAH,FOOD PACKAGING,LDPE,MULTI LAYER,2,SABANG,ACEH,2023-09-30,COAST/SHORELINE
POCKY,PT GLICO INDONESIA,FOOD PACKAGING,LDPE,MULTI LAYER,1,SABANG,ACEH,2023-09-30,COAST/SHORELINE
NUTRISARI,NUTRIFOOD PACKAGING ,FOOD PACKAGING,LDPE,MULTI LAYER,42,SABANG,ACEH,2023-09-30,COAST/SHORELINE
MARLBORO,PHILIP MORRIS INTERNATIONAL,SMOKING MATERIAL,OTHERS,UNSURE,2,SABANG,ACEH,2023-09-30,COAST/SHORELINE
LE MINERALE,MAYORA INDAH,FOOD PACKAGING,PET,SINGLE LAYER,10,BONTANG,EAST KALIMANTAN,2023-09-29,COAST/SHORELINE
POCARI SWEAT,OTSUKA,FOOD PACKAGING,PET,SINGLE LAYER,3,BONTANG,EAST KALIMANTAN,2023-09-29,COAST/SHORELINE
UNKNOWN,UNBRANDED,FOOD PACKAGING,PET,SINGLE LAYER,25,BONTANG,EAST KALIMANTAN,2023-09-29,COAST/SHORELINE
GOLDA,WINGS,FOOD PACKAGING,PET,SINGLE LAYER,10,BONTANG,EAST KALIMANTAN,2023-09-29,COAST/SHORELINE
CUSSONS BABY,CUSSONS,FOOD PACKAGING,PET,SINGLE LAYER,1,BONTANG,EAST KALIMANTAN,2023-09-29,COAST/SHORELINE
TEH RIO,WINGS,FOOD PACKAGING,PET,SINGLE LAYER,7,BONTANG,EAST KALIMANTAN,2023-09-29,COAST/SHORELINE
AQUA,DANONE,FOOD PACKAGING,PET,SINGLE LAYER,10,BONTANG,EAST KALIMANTAN,2023-09-29,COAST/SHORELINE
AQUA,DANONE,FOOD PACKAGING,PET,SINGLE LAYER,6,BONTANG,EAST KALIMANTAN,2023-09-29,COAST/SHORELINE
SPRITE,THE COCA-COLA COMPANY,FOOD PACKAGING,HDPE,SINGLE LAYER,3,BONTANG,EAST KALIMANTAN,2023-09-29,COAST/SHORELINE
TEH PUCUK HARUM,MAYORA INDAH,FOOD PACKAGING,HDPE,SINGLE LAYER,10,BONTANG,EAST KALIMANTAN,2023-09-29,COAST/SHORELINE
KOPIKO,MAYORA INDAH,FOOD PACKAGING,HDPE,SINGLE LAYER,2,BONTANG,EAST KALIMANTAN,2023-09-29,COAST/SHORELINE
FANTA,THE COCA-COLA COMPANY,FOOD PACKAGING,HDPE,SINGLE LAYER,2,BONTANG,EAST KALIMANTAN,2023-09-29,COAST/SHORELINE
PEPSODENT,UNILEVER,PERSONAL CARE,PP,MULTI LAYER,2,BONTANG,EAST KALIMANTAN,2023-09-29,COAST/SHORELINE
REXONA,UNILEVER,PERSONAL CARE,PP,MULTI LAYER,1,BONTANG,EAST KALIMANTAN,2023-09-29,COAST/SHORELINE
UNKNOWN,UNBRANDED,PERSONAL CARE,PP,UNSURE,3,BONTANG,EAST KALIMANTAN,2023-09-29,COAST/SHORELINE
FLORIDINA,WINGS INDONESIA,FOOD PACKAGING,PET,SINGLE LAYER,3,BONTANG,EAST KALIMANTAN,2023-09-29,COAST/SHORELINE
FLORIDINA,WINGS INDONESIA,FOOD PACKAGING,PP,SINGLE LAYER,1,BONTANG,EAST KALIMANTAN,2023-09-29,COAST/SHORELINE
FLORIDINA,WINGS INDONESIA,FOOD PACKAGING,PET,SINGLE LAYER,1,BONTANG,EAST KALIMANTAN,2023-09-29,COAST/SHORELINE
GOLDA,WINGS,FOOD PACKAGING,PET,SINGLE LAYER,6,BONTANG,EAST KALIMANTAN,2023-09-29,COAST/SHORELINE
HOLISTICARE ESTER C,PT INDOCARE CITRAPASIFIC,FOOD PACKAGING,PET,SINGLE LAYER,1,BONTANG,EAST KALIMANTAN,2023-09-29,COAST/SHORELINE
UNKNOWN,UNBRANDED,FOOD PACKAGING,PET,SINGLE LAYER,1,BONTANG,EAST KALIMANTAN,2023-09-29,COAST/SHORELINE
POWER F,WINGS,FOOD PACKAGING,PET,SINGLE LAYER,20,BONTANG,EAST KALIMANTAN,2023-09-29,COAST/SHORELINE
TEH CUP,ORANG TUA,FOOD PACKAGING,PET,SINGLE LAYER,3,BONTANG,EAST KALIMANTAN,2023-09-29,COAST/SHORELINE
ALE-ALE,WINGS,FOOD PACKAGING,PET,SINGLE LAYER,6,BONTANG,EAST KALIMANTAN,2023-09-29,COAST/SHORELINE
CLUB,INDOFOOD,FOOD PACKAGING,PET,SINGLE LAYER,10,BONTANG,EAST KALIMANTAN,2023-09-29,COAST/SHORELINE
KOPIKO,MAYORA INDAH,FOOD PACKAGING,PET,SINGLE LAYER,1,BONTANG,EAST KALIMANTAN,2023-09-29,COAST/SHORELINE
CLEO,TANOBEL FOOD,FOOD PACKAGING,PET,SINGLE LAYER,3,BONTANG,EAST KALIMANTAN,2023-09-29,COAST/SHORELINE
TEH RIO,WINGS,FOOD PACKAGING,PET,SINGLE LAYER,5,BONTANG,EAST KALIMANTAN,2023-09-29,COAST/SHORELINE
SPRITE,THE COCA-COLA COMPANY,FOOD PACKAGING,PET,SINGLE LAYER,1,BONTANG,EAST KALIMANTAN,2023-09-29,COAST/SHORELINE
PRIM-A,PT SINAR SOSRO,FOOD PACKAGING,PET,SINGLE LAYER,1,BONTANG,EAST KALIMANTAN,2023-09-29,COAST/SHORELINE
COCA COLA,THE COCA-COLA COMPANY,FOOD PACKAGING,PET,SINGLE LAYER,2,BONTANG,EAST KALIMANTAN,2023-09-29,COAST/SHORELINE
ABC,SANTOS JAYA ABADI,FOOD PACKAGING,PET,SINGLE LAYER,1,BONTANG,EAST KALIMANTAN,2023-09-29,COAST/SHORELINE
SIJIRO,CV TIRTA MITRA SEJATI,FOOD PACKAGING,PET,SINGLE LAYER,14,BONTANG,EAST KALIMANTAN,2023-09-29,COAST/SHORELINE
NU MILK TEA,PT ABC PRESIDENT INDONESIA,FOOD PACKAGING,PET,SINGLE LAYER,1,BONTANG,EAST KALIMANTAN,2023-09-29,COAST/SHORELINE
UNKNOWN,UNBRANDED,PACKAGING MATERIAL,PET,SINGLE LAYER,20,BONTANG,EAST KALIMANTAN,2023-09-29,COAST/SHORELINE
UNKNOWN,UNBRANDED,FOOD PACKAGING,PET,SINGLE LAYER,19,BONTANG,EAST KALIMANTAN,2023-09-29,COAST/SHORELINE
OLALA,WINGS,FOOD PACKAGING,PET,SINGLE LAYER,1,BONTANG,EAST KALIMANTAN,2023-09-29,COAST/SHORELINE
UNKNOWN,UNBRANDED,FOOD PACKAGING,PET,SINGLE LAYER,1,BONTANG,EAST KALIMANTAN,2023-09-29,COAST/SHORELINE
OREO,DONGSUH FOODS,FOOD PACKAGING,PET,SINGLE LAYER,1,BONTANG,EAST KALIMANTAN,2023-09-29,COAST/SHORELINE
UNKNOWN,UNBRANDED,HOUSEHOLD PRODUCT,PET,SINGLE LAYER,11,BONTANG,EAST KALIMANTAN,2023-09-29,COAST/SHORELINE
UNKNOWN,UNBRANDED,HOUSEHOLD PRODUCT,PET,SINGLE LAYER,30,BONTANG,EAST KALIMANTAN,2023-09-29,COAST/SHORELINE
UNKNOWN,UNBRANDED,OTHERS,PET,SINGLE LAYER,40,BONTANG,EAST KALIMANTAN,2023-09-29,COAST/SHORELINE
UNKNOWN,UNBRANDED,FOOD PACKAGING,PET,SINGLE LAYER,15,BONTANG,EAST KALIMANTAN,2023-09-29,COAST/SHORELINE
POWER F,WINGS,FOOD PACKAGING,PET,SINGLE LAYER,12,BONTANG,EAST KALIMANTAN,2023-09-29,COAST/SHORELINE
LE MINERALE,MAYORA INDAH,FOOD PACKAGING,PET,SINGLE LAYER,1,BONTANG,EAST KALIMANTAN,2023-09-29,COAST/SHORELINE
SIIP,NABATI SNACK,FOOD PACKAGING,PET,SINGLE LAYER,1,BONTANG,EAST KALIMANTAN,2023-09-29,COAST/SHORELINE
CLEO,TANOBEL FOOD,FOOD PACKAGING,PET,SINGLE LAYER,1,BONTANG,EAST KALIMANTAN,2023-09-29,COAST/SHORELINE
INDOMIE,INDOFOOD,FOOD PACKAGING,PET,SINGLE LAYER,1,BONTANG,EAST KALIMANTAN,2023-09-29,COAST/SHORELINE
MAMY POKO,UNICHARM,PERSONAL CARE,OTHERS,UNSURE,1,BONTANG,EAST KALIMANTAN,2023-09-29,COAST/SHORELINE
DAIA,WINGS,HOUSEHOLD PRODUCT,PET,SINGLE LAYER,1,BONTANG,EAST KALIMANTAN,2023-09-29,COAST/SHORELINE
JANJI JIWA,PT LUNA BOGA NARAYAN,FOOD PACKAGING,PET,SINGLE LAYER,1,BONTANG,EAST KALIMANTAN,2023-09-29,COAST/SHORELINE
CLUB,INDOFOOD,FOOD PACKAGING,PET,SINGLE LAYER,6,BONTANG,EAST KALIMANTAN,2023-09-29,COAST/SHORELINE
MOUNTEA,TUDUNG GROUP,FOOD PACKAGING,PET,SINGLE LAYER,1,BONTANG,EAST KALIMANTAN,2023-09-29,COAST/SHORELINE
AQUA,DANONE,FOOD PACKAGING,PET,SINGLE LAYER,3,BONTANG,EAST KALIMANTAN,2023-09-29,COAST/SHORELINE
ALE-ALE,WINGS,FOOD PACKAGING,PET,SINGLE LAYER,1,BONTANG,EAST KALIMANTAN,2023-09-29,COAST/SHORELINE
Q-BIC,PT DIFUSI GOLDEN UTAMA,FOOD PACKAGING,PET,SINGLE LAYER,3,BONTANG,EAST KALIMANTAN,2023-09-29,COAST/SHORELINE
TEH CUP,ORANG TUA,FOOD PACKAGING,PET,SINGLE LAYER,1,BONTANG,EAST KALIMANTAN,2023-09-29,COAST/SHORELINE
KOEPOE KOEPOE,PT GUNACIPTA MULTIRASA,FOOD PACKAGING,PET,SINGLE LAYER,1,BONTANG,EAST KALIMANTAN,2023-09-29,COAST/SHORELINE
YAKULT,YAKULT,FOOD PACKAGING,PET,SINGLE LAYER,10,BONTANG,EAST KALIMANTAN,2023-09-29,COAST/SHORELINE
PUCELLE,MANDOM,PERSONAL CARE,PET,SINGLE LAYER,1,BONTANG,EAST KALIMANTAN,2023-09-29,COAST/SHORELINE
ROSTA,WINGS,FOOD PACKAGING,PET,SINGLE LAYER,1,BONTANG,EAST KALIMANTAN,2023-09-29,COAST/SHORELINE
ABC,SANTOS JAYA ABADI,FOOD PACKAGING,PET,SINGLE LAYER,5,BONTANG,EAST KALIMANTAN,2023-09-29,COAST/SHORELINE
MY BABY,TEMPO SCAN PACIFIC,PERSONAL CARE,PET,SINGLE LAYER,1,BONTANG,EAST KALIMANTAN,2023-09-29,COAST/SHORELINE
KUKUBIMA,SIDOMUNCUL,FOOD PACKAGING,PET,SINGLE LAYER,3,BONTANG,EAST KALIMANTAN,2023-09-29,COAST/SHORELINE
MAXTEA,PT SARI INCOFOOD CORPORATION,FOOD PACKAGING,PET,SINGLE LAYER,1,BONTANG,EAST KALIMANTAN,2023-09-29,COAST/SHORELINE
REXONA,UNILEVER,PERSONAL CARE,PET,SINGLE LAYER,1,BONTANG,EAST KALIMANTAN,2023-09-29,COAST/SHORELINE
POP ICE,FORISA,FOOD PACKAGING,PET,SINGLE LAYER,1,BONTANG,EAST KALIMANTAN,2023-09-29,COAST/SHORELINE
NABATI,NABATI GROUP.,FOOD PACKAGING,PET,SINGLE LAYER,1,BONTANG,EAST KALIMANTAN,2023-09-29,COAST/SHORELINE
ULTRA MILK,ULTRAJAYA,FOOD PACKAGING,LDPE,MULTI LAYER,3,BONTANG,EAST KALIMANTAN,2023-09-29,COAST/SHORELINE
LE MINERALE,MAYORA INDAH,FOOD PACKAGING,PET,SINGLE LAYER,13,BONTANG,EAST KALIMANTAN,2023-09-29,COAST/SHORELINE
AQUA,DANONE,FOOD PACKAGING,PET,SINGLE LAYER,15,BONTANG,EAST KALIMANTAN,2023-09-29,COAST/SHORELINE
TEH CUP,ORANG TUA,FOOD PACKAGING,PET,SINGLE LAYER,6,BONTANG,EAST KALIMANTAN,2023-09-29,COAST/SHORELINE
TEH PUCUK HARUM,MAYORA INDAH,FOOD PACKAGING,PET,SINGLE LAYER,7,BONTANG,EAST KALIMANTAN,2023-09-29,COAST/SHORELINE
FANTA,THE COCA-COLA COMPANY,FOOD PACKAGING,PET,SINGLE LAYER,4,BONTANG,EAST KALIMANTAN,2023-09-29,COAST/SHORELINE
DAIA,WINGS,HOUSEHOLD PRODUCT,PET,SINGLE LAYER,3,BONTANG,EAST KALIMANTAN,2023-09-29,COAST/SHORELINE
MILKU,WINGS,FOOD PACKAGING,PET,SINGLE LAYER,5,BONTANG,EAST KALIMANTAN,2023-09-29,COAST/SHORELINE
POP MIE,INDOFOOD,FOOD PACKAGING,PS,SINGLE LAYER,3,BONTANG,EAST KALIMANTAN,2023-09-29,COAST/SHORELINE
ISOPLUS,WINGS,FOOD PACKAGING,PET,SINGLE LAYER,1,BONTANG,EAST KALIMANTAN,2023-09-29,COAST/SHORELINE
COCA COLA,THE COCA-COLA COMPANY,FOOD PACKAGING,PET,SINGLE LAYER,4,BONTANG,EAST KALIMANTAN,2023-09-29,COAST/SHORELINE
AQUA,DANONE,FOOD PACKAGING,PET,SINGLE LAYER,40,BONTANG,EAST KALIMANTAN,2023-09-29,COAST/SHORELINE
AQUA,DANONE,FOOD PACKAGING,PP,SINGLE LAYER,46,BONTANG,EAST KALIMANTAN,2023-09-29,COAST/SHORELINE
AQUA,DANONE,FOOD PACKAGING,PET,SINGLE LAYER,19,BONTANG,EAST KALIMANTAN,2023-09-29,COAST/SHORELINE
LE MINERALE,MAYORA INDAH,FOOD PACKAGING,PET,SINGLE LAYER,64,BONTANG,EAST KALIMANTAN,2023-09-29,COAST/SHORELINE
LE MINERALE,MAYORA INDAH,FOOD PACKAGING,PP,SINGLE LAYER,45,BONTANG,EAST KALIMANTAN,2023-09-29,COAST/SHORELINE
LE MINERALE,MAYORA INDAH,FOOD PACKAGING,PET,SINGLE LAYER,37,BONTANG,EAST KALIMANTAN,2023-09-29,COAST/SHORELINE
UNKNOWN,UNBRANDED,FOOD PACKAGING,PP,SINGLE LAYER,25,BONTANG,EAST KALIMANTAN,2023-09-29,COAST/SHORELINE
SO NICE,SO GOOD,FOOD PACKAGING,PP,SINGLE LAYER,1,BONTANG,EAST KALIMANTAN,2023-09-29,COAST/SHORELINE
SUNSILK,UNILEVER,FOOD PACKAGING,PP,SINGLE LAYER,1,BONTANG,EAST KALIMANTAN,2023-09-29,COAST/SHORELINE
FANTA,THE COCA-COLA COMPANY,FOOD PACKAGING,PP,SINGLE LAYER,5,BONTANG,EAST KALIMANTAN,2023-09-29,COAST/SHORELINE
MY BABY,TEMPO SCAN PACIFIC,FOOD PACKAGING,PP,SINGLE LAYER,1,BONTANG,EAST KALIMANTAN,2023-09-29,COAST/SHORELINE
TEH PUCUK HARUM,MAYORA INDAH,FOOD PACKAGING,PET,SINGLE LAYER,20,BONTANG,EAST KALIMANTAN,2023-09-29,COAST/SHORELINE
UNKNOWN,UNBRANDED,FOOD PACKAGING,HDPE,SINGLE LAYER,35,BONTANG,EAST KALIMANTAN,2023-09-29,COAST/SHORELINE
POP ICE,FORISA,FOOD PACKAGING,OTHERS,MULTI LAYER,15,BONTANG,EAST KALIMANTAN,2023-09-29,COAST/SHORELINE
UNKNOWN,UNBRANDED,OTHERS,OTHERS,UNSURE,68,BONTANG,EAST KALIMANTAN,2023-09-29,COAST/SHORELINE
POP MIE,INDOFOOD,FOOD PACKAGING,LDPE,SINGLE LAYER,11,BONTANG,EAST KALIMANTAN,2023-09-29,COAST/SHORELINE
MARLBORO,PHILIP MORRIS INTERNATIONAL,SMOKING MATERIAL,OTHERS,UNSURE,1,BONTANG,EAST KALIMANTAN,2023-09-29,COAST/SHORELINE
MAMY POKO,UNICHARM,PERSONAL CARE,OTHERS,UNSURE,13,BONTANG,EAST KALIMANTAN,2023-09-29,COAST/SHORELINE
KOMIX,BINTANG TOEDJOE,PERSONAL CARE,OTHERS,MULTI LAYER,2,BONTANG,EAST KALIMANTAN,2023-09-29,COAST/SHORELINE
ULTRA MILK,ULTRAJAYA,FOOD PACKAGING,OTHERS,MULTI LAYER,5,BONTANG,EAST KALIMANTAN,2023-09-29,COAST/SHORELINE
AQUA,DANONE,FOOD PACKAGING,PET,SINGLE LAYER,1,TERNATE,NORTH MALUKU,2023-09-30,COAST/SHORELINE
UNKNOWN,UNBRANDED,HOUSEHOLD PRODUCT,LDPE,SINGLE LAYER,1,TERNATE,NORTH MALUKU,2023-09-30,COAST/SHORELINE
TEH GELAS,ORANG TUA,FOOD PACKAGING,PET,SINGLE LAYER,1,TERNATE,NORTH MALUKU,2023-09-30,COAST/SHORELINE
TEH GELAS,ORANG TUA,FOOD PACKAGING,LDPE,MULTI LAYER,1,TERNATE,NORTH MALUKU,2023-09-30,COAST/SHORELINE
SPRITE,THE COCA-COLA COMPANY,FOOD PACKAGING,PET,SINGLE LAYER,1,TERNATE,NORTH MALUKU,2023-09-30,COAST/SHORELINE
SPRITE,THE COCA-COLA COMPANY,FOOD PACKAGING,HDPE,SINGLE LAYER,1,TERNATE,NORTH MALUKU,2023-09-30,COAST/SHORELINE
TEH ECO,TRI SUMBER MAKMUR,FOOD PACKAGING,PET,SINGLE LAYER,1,TERNATE,NORTH MALUKU,2023-09-30,COAST/SHORELINE
TEH ECO,TRI SUMBER MAKMUR,FOOD PACKAGING,LDPE,MULTI LAYER,1,TERNATE,NORTH MALUKU,2023-09-30,COAST/SHORELINE
LE MINERALE,MAYORA INDAH,FOOD PACKAGING,PET,SINGLE LAYER,3,TERNATE,NORTH MALUKU,2023-09-30,COAST/SHORELINE
LE MINERALE,MAYORA INDAH,FOOD PACKAGING,PP,SINGLE LAYER,1,TERNATE,NORTH MALUKU,2023-09-30,COAST/SHORELINE
LE MINERALE,MAYORA INDAH,FOOD PACKAGING,LDPE,MULTI LAYER,2,TERNATE,NORTH MALUKU,2023-09-30,COAST/SHORELINE
DAG,UNKNOWN,FOOD PACKAGING,PET,SINGLE LAYER,5,TERNATE,NORTH MALUKU,2023-09-30,COAST/SHORELINE
DAG,UNKNOWN,FOOD PACKAGING,LDPE,MULTI LAYER,5,TERNATE,NORTH MALUKU,2023-09-30,COAST/SHORELINE
DAG,UNKNOWN,FOOD PACKAGING,LDPE,SINGLE LAYER,5,TERNATE,NORTH MALUKU,2023-09-30,COAST/SHORELINE
KENMASTER,UNKNOWN,FOOD PACKAGING,LDPE,MULTI LAYER,1,TERNATE,NORTH MALUKU,2023-09-30,COAST/SHORELINE
MESRAN,UNKNOWN,HOUSEHOLD PRODUCT,HDPE,SINGLE LAYER,1,TERNATE,NORTH MALUKU,2023-09-30,COAST/SHORELINE
FLORIDINA,WINGS INDONESIA,FOOD PACKAGING,PET,SINGLE LAYER,1,TERNATE,NORTH MALUKU,2023-09-30,COAST/SHORELINE
FLORIDINA,WINGS INDONESIA,FOOD PACKAGING,LDPE,MULTI LAYER,1,TERNATE,NORTH MALUKU,2023-09-30,COAST/SHORELINE
SUPERSTAR,MAYORA INDAH,FOOD PACKAGING,LDPE,MULTI LAYER,1,TERNATE,NORTH MALUKU,2023-09-30,COAST/SHORELINE
PEPSODENT,UNILEVER,PERSONAL CARE,OTHERS,MULTI LAYER,1,TERNATE,NORTH MALUKU,2023-09-30,COAST/SHORELINE
PEPSODENT,UNILEVER,FOOD PACKAGING,PP,SINGLE LAYER,1,TERNATE,NORTH MALUKU,2023-09-30,COAST/SHORELINE
KUSUKA,CV ARIRA PANGINDO,FOOD PACKAGING,LDPE,MULTI LAYER,1,TERNATE,NORTH MALUKU,2023-09-30,COAST/SHORELINE
MEDICINE BOTTLE,UNBRANDED,FOOD PACKAGING,PET,SINGLE LAYER,1,TERNATE,NORTH MALUKU,2023-09-30,COAST/SHORELINE
MEDICINE BOTTLE,UNBRANDED,FOOD PACKAGING,PP,SINGLE LAYER,1,TERNATE,NORTH MALUKU,2023-09-30,COAST/SHORELINE
PRESSOL,"PRESSOL SCHMIERGERÄTE, GMBH",HOUSEHOLD PRODUCT,HDPE,SINGLE LAYER,1,TERNATE,NORTH MALUKU,2023-09-30,COAST/SHORELINE
GRIGEN,UNKNOWN,HOUSEHOLD PRODUCT,LDPE,SINGLE LAYER,1,TERNATE,NORTH MALUKU,2023-09-30,COAST/SHORELINE
LUNCH BOX,UNKNOWN,FOOD PACKAGING,PS,SINGLE LAYER,4,TERNATE,NORTH MALUKU,2023-09-30,COAST/SHORELINE
AICE,AICE,FOOD PACKAGING,LDPE,MULTI LAYER,1,TERNATE,NORTH MALUKU,2023-09-30,COAST/SHORELINE
JASJUS,WINGS,FOOD PACKAGING,LDPE,MULTI LAYER,1,TERNATE,NORTH MALUKU,2023-09-30,COAST/SHORELINE
MILKU,WINGS,FOOD PACKAGING,LDPE,MULTI LAYER,1,TERNATE,NORTH MALUKU,2023-09-30,COAST/SHORELINE
PLASTIC,UNBRANDED,FOOD PACKAGING,LDPE,MULTI LAYER,17,TERNATE,NORTH MALUKU,2023-09-30,COAST/SHORELINE
FRENCH FRIES,SIANTAR TOP,FOOD PACKAGING,LDPE,MULTI LAYER,1,TERNATE,NORTH MALUKU,2023-09-30,COAST/SHORELINE
ROMA MALKIST,MAYORA INDAH,FOOD PACKAGING,LDPE,MULTI LAYER,1,TERNATE,NORTH MALUKU,2023-09-30,COAST/SHORELINE
HAIR CLIP,UNBRANDED,HOUSEHOLD PRODUCT,PVC,SINGLE LAYER,1,TERNATE,NORTH MALUKU,2023-09-30,COAST/SHORELINE
FRUITAMIN,INDOFOOD,FOOD PACKAGING,PET,SINGLE LAYER,1,TERNATE,NORTH MALUKU,2023-09-30,COAST/SHORELINE
FRUITAMIN,INDOFOOD,FOOD PACKAGING,PET,SINGLE LAYER,1,TERNATE,NORTH MALUKU,2023-09-30,COAST/SHORELINE
FRUITAMIN,INDOFOOD,FOOD PACKAGING,PS,MULTI LAYER,1,TERNATE,NORTH MALUKU,2023-09-30,COAST/SHORELINE
DAG,UNKNOWN,FOOD PACKAGING,PET,SINGLE LAYER,3,TERNATE,NORTH MALUKU,2023-09-30,COAST/SHORELINE
DAG,UNKNOWN,FOOD PACKAGING,PET,SINGLE LAYER,3,TERNATE,NORTH MALUKU,2023-09-30,COAST/SHORELINE
DAG,UNKNOWN,FOOD PACKAGING,PS,SINGLE LAYER,3,TERNATE,NORTH MALUKU,2023-09-30,COAST/SHORELINE
ICE TEA,LIPTON ICE TEA,FOOD PACKAGING,PET,SINGLE LAYER,1,TERNATE,NORTH MALUKU,2023-09-30,COAST/SHORELINE
ICE TEA,LIPTON ICE TEA,FOOD PACKAGING,PS,SINGLE LAYER,1,TERNATE,NORTH MALUKU,2023-09-30,COAST/SHORELINE
AICE,AICE,FOOD PACKAGING,PS,MULTI LAYER,1,TERNATE,NORTH MALUKU,2023-09-30,COAST/SHORELINE
OKKY JELLY DRINK,TUDUNG GROUP,FOOD PACKAGING,PET,SINGLE LAYER,1,TERNATE,NORTH MALUKU,2023-09-30,COAST/SHORELINE
OKKY JELLY DRINK,TUDUNG GROUP,FOOD PACKAGING,PS,SINGLE LAYER,1,TERNATE,NORTH MALUKU,2023-09-30,COAST/SHORELINE
PEPSODENT,UNILEVER,PERSONAL CARE,LDPE,MULTI LAYER,1,TERNATE,NORTH MALUKU,2023-09-30,COAST/SHORELINE
MOMOGI,SARI MURNI,FOOD PACKAGING,PS,MULTI LAYER,1,TERNATE,NORTH MALUKU,2023-09-30,COAST/SHORELINE
POP MIE,INDOFOOD,FOOD PACKAGING,OTHERS,UNSURE,1,TERNATE,NORTH MALUKU,2023-09-30,COAST/SHORELINE
POP MIE,INDOFOOD,FOOD PACKAGING,PS,MULTI LAYER,1,TERNATE,NORTH MALUKU,2023-09-30,COAST/SHORELINE
LE MINERALE,MAYORA INDAH,FOOD PACKAGING,PET,SINGLE LAYER,1,TERNATE,NORTH MALUKU,2023-09-30,COAST/SHORELINE
LE MINERALE,MAYORA INDAH,FOOD PACKAGING,PS,SINGLE LAYER,1,TERNATE,NORTH MALUKU,2023-09-30,COAST/SHORELINE
LE MINERALE,MAYORA INDAH,FOOD PACKAGING,PP,SINGLE LAYER,1,TERNATE,NORTH MALUKU,2023-09-30,COAST/SHORELINE
GOOD DAY COFFEE,PT SANTOS JAYA ABADI,FOOD PACKAGING,PET,SINGLE LAYER,1,TERNATE,NORTH MALUKU,2023-09-30,COAST/SHORELINE
GOOD DAY COFFEE,PT SANTOS JAYA ABADI,FOOD PACKAGING,PS,SINGLE LAYER,1,TERNATE,NORTH MALUKU,2023-09-30,COAST/SHORELINE
GOOD DAY COFFEE,PT SANTOS JAYA ABADI,FOOD PACKAGING,PP,SINGLE LAYER,1,TERNATE,NORTH MALUKU,2023-09-30,COAST/SHORELINE
SUKY SUKY,PT LIWAYWAY,FOOD PACKAGING,PS,MULTI LAYER,1,TERNATE,NORTH MALUKU,2023-09-30,COAST/SHORELINE
HAPPY DAY CUP,UNKNOWN,FOOD PACKAGING,PS,SINGLE LAYER,1,TERNATE,NORTH MALUKU,2023-09-30,COAST/SHORELINE
GORIORIO,SIANTAR TOP,FOOD PACKAGING,PS,MULTI LAYER,1,TERNATE,NORTH MALUKU,2023-09-30,COAST/SHORELINE
KUKU BIMA,SIDO MUNCUL,FOOD PACKAGING,LDPE,MULTI LAYER,1,TERNATE,NORTH MALUKU,2023-09-30,COAST/SHORELINE
SAMPOERNA,PHILIP MORRIS INTERNATIONAL,SMOKING MATERIAL,PET,MULTI LAYER,1,TERNATE,NORTH MALUKU,2023-09-30,COAST/SHORELINE
SAMPOERNA,PHILIP MORRIS INTERNATIONAL,SMOKING MATERIAL,PET,SINGLE LAYER,1,TERNATE,NORTH MALUKU,2023-09-30,COAST/SHORELINE
PLASTIC PLATE,UNBRANDED,FOOD PACKAGING,OTHERS,SINGLE LAYER,1,TERNATE,NORTH MALUKU,2023-09-30,COAST/SHORELINE
CHEW CHEW BALL,PT KINO INDONESIA TBK,FOOD PACKAGING,OTHERS,MULTI LAYER,1,TERNATE,NORTH MALUKU,2023-09-30,COAST/SHORELINE
SURYA,GUDANG GARAM TBK.,SMOKING MATERIAL,PET,MULTI LAYER,1,TERNATE,NORTH MALUKU,2023-09-30,COAST/SHORELINE
SURYA,GUDANG GARAM TBK.,SMOKING MATERIAL,PET,SINGLE LAYER,1,TERNATE,NORTH MALUKU,2023-09-30,COAST/SHORELINE
ROMA KELAPA,MAYORA INDAH,FOOD PACKAGING,PS,SINGLE LAYER,1,TERNATE,NORTH MALUKU,2023-09-30,COAST/SHORELINE
POP MIE,INDOFOOD,FOOD PACKAGING,OTHERS,SINGLE LAYER,2,TERNATE,NORTH MALUKU,2023-09-30,COAST/SHORELINE
POP MIE,INDOFOOD,FOOD PACKAGING,PS,MULTI LAYER,2,TERNATE,NORTH MALUKU,2023-09-30,COAST/SHORELINE
CIMORY,MOUNTAIN DAIRY,FOOD PACKAGING,HDPE,MULTI LAYER,1,TERNATE,NORTH MALUKU,2023-09-30,COAST/SHORELINE
CIMORY,MOUNTAIN DAIRY,FOOD PACKAGING,PET,SINGLE LAYER,1,TERNATE,NORTH MALUKU,2023-09-30,COAST/SHORELINE
DANCOW,NESTLE,FOOD PACKAGING,OTHERS,MULTI LAYER,1,TERNATE,NORTH MALUKU,2023-09-30,COAST/SHORELINE
SUPERSTAR,MAYORA INDAH,FOOD PACKAGING,LDPE,MULTI LAYER,1,TERNATE,NORTH MALUKU,2023-09-30,COAST/SHORELINE
JERIGEN MINYAK,UNKNOWN,HOUSEHOLD PRODUCT,HDPE,SINGLE LAYER,1,TERNATE,NORTH MALUKU,2023-09-30,COAST/SHORELINE
PRESSOL,"PRESSOL SCHMIERGERÄTE, GMBH",HOUSEHOLD PRODUCT,HDPE,SINGLE LAYER,1,TERNATE,NORTH MALUKU,2023-09-30,COAST/SHORELINE
KIMIA FARMA,KIMIA FARMA,PERSONAL CARE,PET,SINGLE LAYER,2,TERNATE,NORTH MALUKU,2023-09-30,COAST/SHORELINE
KIMIA FARMA,KIMIA FARMA,PERSONAL CARE,PP,SINGLE LAYER,2,TERNATE,NORTH MALUKU,2023-09-30,COAST/SHORELINE
SKINCARE,UNKNOWN,PERSONAL CARE,LDPE,MULTI LAYER,1,TERNATE,NORTH MALUKU,2023-09-30,COAST/SHORELINE
SKINCARE,UNKNOWN,PERSONAL CARE,LDPE,MULTI LAYER,1,TERNATE,NORTH MALUKU,2023-09-30,COAST/SHORELINE
MILKU,WINGS,PERSONAL CARE,PET,SINGLE LAYER,1,TERNATE,NORTH MALUKU,2023-09-30,COAST/SHORELINE
MILKU,WINGS,PERSONAL CARE,PP,SINGLE LAYER,1,TERNATE,NORTH MALUKU,2023-09-30,COAST/SHORELINE
MILKU,WINGS,FOOD PACKAGING,LDPE,SINGLE LAYER,1,TERNATE,NORTH MALUKU,2023-09-30,COAST/SHORELINE
TEH PUCUK,MAYORA INDAH,FOOD PACKAGING,PET,UNSURE,1,TERNATE,NORTH MALUKU,2023-09-30,COAST/SHORELINE
TEH PUCUK,MAYORA INDAH,FOOD PACKAGING,PET,UNSURE,1,TERNATE,NORTH MALUKU,2023-09-30,COAST/SHORELINE
TEH PUCUK,MAYORA INDAH,FOOD PACKAGING,HDPE,UNSURE,1,TERNATE,NORTH MALUKU,2023-09-30,COAST/SHORELINE
COCA COLA,THE COCA-COLA COMPANY,FOOD PACKAGING,PET,SINGLE LAYER,1,TERNATE,NORTH MALUKU,2023-09-30,COAST/SHORELINE
COCA COLA,THE COCA-COLA COMPANY,FOOD PACKAGING,PP,SINGLE LAYER,1,TERNATE,NORTH MALUKU,2023-09-30,COAST/SHORELINE
FLORIDINA,WINGS INDONESIA,FOOD PACKAGING,PET,SINGLE LAYER,1,TERNATE,NORTH MALUKU,2023-09-30,COAST/SHORELINE
FLORIDINA,WINGS INDONESIA,FOOD PACKAGING,PP,SINGLE LAYER,1,TERNATE,NORTH MALUKU,2023-09-30,COAST/SHORELINE
OKKY JELLY DRINK,TUDUNG GROUP,FOOD PACKAGING,PET,SINGLE LAYER,1,TERNATE,NORTH MALUKU,2023-09-30,COAST/SHORELINE
FRISIAN FLAG,FRIESLANDCAMPINA,FOOD PACKAGING,LDPE,MULTI LAYER,1,TERNATE,NORTH MALUKU,2023-09-30,COAST/SHORELINE
JELLY GUM,YUPI INDO JELLY GUM,FOOD PACKAGING,LDPE,MULTI LAYER,1,TERNATE,NORTH MALUKU,2023-09-30,COAST/SHORELINE
BETTER,MAYORA INDAH,FOOD PACKAGING,LDPE,MULTI LAYER,1,TERNATE,NORTH MALUKU,2023-09-30,COAST/SHORELINE
EXTRA JOSS,BINTANG TOEDJOE,FOOD PACKAGING,LDPE,MULTI LAYER,1,TERNATE,NORTH MALUKU,2023-09-30,COAST/SHORELINE
ESSE,KOREA TOMORROW & GLOBAL CORPORATION,SMOKING MATERIAL,PS,MULTI LAYER,1,TERNATE,NORTH MALUKU,2023-09-30,COAST/SHORELINE
ESSE,KOREA TOMORROW & GLOBAL CORPORATION,SMOKING MATERIAL,HDPE,MULTI LAYER,1,TERNATE,NORTH MALUKU,2023-09-30,COAST/SHORELINE
INDOMIE,INDOFOOD,FOOD PACKAGING,LDPE,MULTI LAYER,1,TERNATE,NORTH MALUKU,2023-09-30,COAST/SHORELINE
PILUS GARUDA,TUDUNG GROUP,FOOD PACKAGING,LDPE,MULTI LAYER,1,TERNATE,NORTH MALUKU,2023-09-30,COAST/SHORELINE
OVALTINE,ABF,FOOD PACKAGING,LDPE,MULTI LAYER,1,TERNATE,NORTH MALUKU,2023-09-30,COAST/SHORELINE
PARAGON,PT TRIO MAHA JAYA,FOOD PACKAGING,LDPE,MULTI LAYER,1,TERNATE,NORTH MALUKU,2023-09-30,COAST/SHORELINE
MI GELAS,MAYORA INDAH,FOOD PACKAGING,LDPE,MULTI LAYER,1,TERNATE,NORTH MALUKU,2023-09-30,COAST/SHORELINE
EASY TOUCH,PT HIDUP BAHAGIA MEDIKA,FOOD PACKAGING,PET,SINGLE LAYER,1,TERNATE,NORTH MALUKU,2023-09-30,COAST/SHORELINE
EASY TOUCH,PT HIDUP BAHAGIA MEDIKA,FOOD PACKAGING,PP,SINGLE LAYER,1,TERNATE,NORTH MALUKU,2023-09-30,COAST/SHORELINE
CIMORY,MOUNTAIN DAIRY,FOOD PACKAGING,HDPE,MULTI LAYER,1,TERNATE,NORTH MALUKU,2023-09-30,COAST/SHORELINE
DANCOW,NESTLE,FOOD PACKAGING,OTHERS,MULTI LAYER,1,TERNATE,NORTH MALUKU,2023-09-30,COAST/SHORELINE
SUPERSTAR,MAYORA INDAH,FOOD PACKAGING,PP,MULTI LAYER,1,TERNATE,NORTH MALUKU,2023-09-30,COAST/SHORELINE
JERIGEN MINYAK,UNKNOWN,HOUSEHOLD PRODUCT,HDPE,SINGLE LAYER,1,TERNATE,NORTH MALUKU,2023-09-30,COAST/SHORELINE
PRESSOL,"PRESSOL SCHMIERGERÄTE, GMBH",HOUSEHOLD PRODUCT,HDPE,SINGLE LAYER,1,TERNATE,NORTH MALUKU,2023-09-30,COAST/SHORELINE
DAG,UNKNOWN,FOOD PACKAGING,PP,SINGLE LAYER,6,TERNATE,NORTH MALUKU,2023-09-30,COAST/SHORELINE
OBAT SIRUP,UNKNOWN,PERSONAL CARE,PET,SINGLE LAYER,2,TERNATE,NORTH MALUKU,2023-09-30,COAST/SHORELINE
SKINCARE,UNKNOWN,PERSONAL CARE,OTHERS,MULTI LAYER,1,TERNATE,NORTH MALUKU,2023-09-30,COAST/SHORELINE
MINUMAN,UNKNOWN,FOOD PACKAGING,PP,SINGLE LAYER,1,TERNATE,NORTH MALUKU,2023-09-30,COAST/SHORELINE
MILKU,WINGS,FOOD PACKAGING,PET,MULTI LAYER,1,TERNATE,NORTH MALUKU,2023-09-30,COAST/SHORELINE
MINERAL A,PT MEDION ARDHIKA BHAKTI,FOOD PACKAGING,PP,SINGLE LAYER,5,TERNATE,NORTH MALUKU,2023-09-30,COAST/SHORELINE
FLORIDINA,WINGS INDONESIA,FOOD PACKAGING,PET,MULTI LAYER,1,TERNATE,NORTH MALUKU,2023-09-30,COAST/SHORELINE
TEH PUCUK,MAYORA INDAH,FOOD PACKAGING,PET,SINGLE LAYER,1,TERNATE,NORTH MALUKU,2023-09-30,COAST/SHORELINE
TEH PUCUK,MAYORA INDAH,FOOD PACKAGING,PET,SINGLE LAYER,1,TERNATE,NORTH MALUKU,2023-09-30,COAST/SHORELINE
TEH PUCUK,MAYORA INDAH,FOOD PACKAGING,HDPE,SINGLE LAYER,1,TERNATE,NORTH MALUKU,2023-09-30,COAST/SHORELINE
COCA COLA,THE COCA-COLA COMPANY,FOOD PACKAGING,PET,SINGLE LAYER,1,TERNATE,NORTH MALUKU,2023-09-30,COAST/SHORELINE
LE MINERALE,MAYORA INDAH,FOOD PACKAGING,HDPE,SINGLE LAYER,11,TERNATE,NORTH MALUKU,2023-09-30,COAST/SHORELINE
LE MINERALE,MAYORA INDAH,FOOD PACKAGING,PET,SINGLE LAYER,13,TERNATE,NORTH MALUKU,2023-09-30,COAST/SHORELINE
LE MINERALE,MAYORA INDAH,FOOD PACKAGING,LDPE,SINGLE LAYER,7,TERNATE,NORTH MALUKU,2023-09-30,COAST/SHORELINE
DAG,UNKNOWN,FOOD PACKAGING,PP,SINGLE LAYER,20,TERNATE,NORTH MALUKU,2023-09-30,COAST/SHORELINE
DAG,UNKNOWN,FOOD PACKAGING,LDPE,SINGLE LAYER,20,TERNATE,NORTH MALUKU,2023-09-30,COAST/SHORELINE
ASEGAR,ASEGAR MURNI JAYA,FOOD PACKAGING,HDPE,SINGLE LAYER,1,TERNATE,NORTH MALUKU,2023-09-30,COAST/SHORELINE
ASEGAR,ASEGAR MURNI JAYA,FOOD PACKAGING,PET,SINGLE LAYER,1,TERNATE,NORTH MALUKU,2023-09-30,COAST/SHORELINE
ASEGAR,ASEGAR MURNI JAYA,FOOD PACKAGING,LDPE,SINGLE LAYER,1,TERNATE,NORTH MALUKU,2023-09-30,COAST/SHORELINE
DAG,UNKNOWN,FOOD PACKAGING,LDPE,SINGLE LAYER,18,TERNATE,NORTH MALUKU,2023-09-30,COAST/SHORELINE
DAG,UNKNOWN,FOOD PACKAGING,LDPE,SINGLE LAYER,17,TERNATE,NORTH MALUKU,2023-09-30,COAST/SHORELINE
LE MINERALE,MAYORA INDAH,FOOD PACKAGING,HDPE,SINGLE LAYER,1,TERNATE,NORTH MALUKU,2023-09-30,COAST/SHORELINE
LE MINERALE,MAYORA INDAH,FOOD PACKAGING,PET,SINGLE LAYER,13,TERNATE,NORTH MALUKU,2023-09-30,COAST/SHORELINE
LE MINERALE,MAYORA INDAH,FOOD PACKAGING,LDPE,SINGLE LAYER,0,TERNATE,NORTH MALUKU,2023-09-30,COAST/SHORELINE
CUP KECIL,UNKNOWN,FOOD PACKAGING,PET,SINGLE LAYER,1,TERNATE,NORTH MALUKU,2023-09-30,COAST/SHORELINE
SUNTORY,SUNTORY,FOOD PACKAGING,HDPE,SINGLE LAYER,1,TERNATE,NORTH MALUKU,2023-09-30,COAST/SHORELINE
KECAP,UNKNOWN,FOOD PACKAGING,PET,SINGLE LAYER,1,TERNATE,NORTH MALUKU,2023-09-30,COAST/SHORELINE
LE MINERALE,MAYORA INDAH,FOOD PACKAGING,HDPE,SINGLE LAYER,19,TERNATE,NORTH MALUKU,2023-09-30,COAST/SHORELINE
LE MINERALE,MAYORA INDAH,FOOD PACKAGING,PET,SINGLE LAYER,22,TERNATE,NORTH MALUKU,2023-09-30,COAST/SHORELINE
LE MINERALE,MAYORA INDAH,FOOD PACKAGING,LDPE,SINGLE LAYER,7,TERNATE,NORTH MALUKU,2023-09-30,COAST/SHORELINE
DAG,UNKNOWN,FOOD PACKAGING,PP,SINGLE LAYER,20,TERNATE,NORTH MALUKU,2023-09-30,COAST/SHORELINE
DAG,UNKNOWN,FOOD PACKAGING,LDPE,SINGLE LAYER,20,TERNATE,NORTH MALUKU,2023-09-30,COAST/SHORELINE
CHO CHO,PT DOLPHIN FOOD & BEVERAGES INDUSTRY,FOOD PACKAGING,PP,MULTI LAYER,1,TERNATE,NORTH MALUKU,2023-09-30,COAST/SHORELINE
TEH PUCUK,MAYORA INDAH,FOOD PACKAGING,PET,SINGLE LAYER,5,TERNATE,NORTH MALUKU,2023-09-30,COAST/SHORELINE
TEH PUCUK,MAYORA INDAH,FOOD PACKAGING,LDPE,SINGLE LAYER,5,TERNATE,NORTH MALUKU,2023-09-30,COAST/SHORELINE
MAULKHAIRAT,UNKNOWN,FOOD PACKAGING,PET,SINGLE LAYER,4,TERNATE,NORTH MALUKU,2023-09-30,COAST/SHORELINE
MAULKHAIRAT,UNKNOWN,FOOD PACKAGING,LDPE,SINGLE LAYER,4,TERNATE,NORTH MALUKU,2023-09-30,COAST/SHORELINE
AQUA,DANONE,FOOD PACKAGING,HDPE,SINGLE LAYER,13,TERNATE,NORTH MALUKU,2023-09-30,COAST/SHORELINE
AQUA,DANONE,FOOD PACKAGING,PET,SINGLE LAYER,21,TERNATE,NORTH MALUKU,2023-09-30,COAST/SHORELINE
GOOD DAY COFFEE,PT SANTOS JAYA ABADI,FOOD PACKAGING,PET,SINGLE LAYER,1,TERNATE,NORTH MALUKU,2023-09-30,COAST/SHORELINE
INDOMATER,UNKNOWN,FOOD PACKAGING,PET,SINGLE LAYER,1,TERNATE,NORTH MALUKU,2023-09-30,COAST/SHORELINE
GOLDA,WINGS,FOOD PACKAGING,PET,SINGLE LAYER,3,TERNATE,NORTH MALUKU,2023-09-30,COAST/SHORELINE
GOLDA,WINGS,FOOD PACKAGING,LDPE,SINGLE LAYER,3,TERNATE,NORTH MALUKU,2023-09-30,COAST/SHORELINE
FLOW,PT SUMBER BENING LESTARI,FOOD PACKAGING,PP,SINGLE LAYER,20,TERNATE,NORTH MALUKU,2023-09-30,COAST/SHORELINE
FLOW,PT SUMBER BENING LESTARI,FOOD PACKAGING,LDPE,SINGLE LAYER,19,TERNATE,NORTH MALUKU,2023-09-30,COAST/SHORELINE
FLOW,PT SUMBER BENING LESTARI,FOOD PACKAGING,LDPE,SINGLE LAYER,5,TERNATE,NORTH MALUKU,2023-09-30,COAST/SHORELINE
AQUA,DANONE,FOOD PACKAGING,PP,SINGLE LAYER,4,TERNATE,NORTH MALUKU,2023-09-30,COAST/SHORELINE
AQUA,DANONE,FOOD PACKAGING,LDPE,SINGLE LAYER,4,TERNATE,NORTH MALUKU,2023-09-30,COAST/SHORELINE
ASEGAR,ASEGAR MURNI JAYA,FOOD PACKAGING,PP,UNSURE,5,TERNATE,NORTH MALUKU,2023-09-30,COAST/SHORELINE
ASEGAR,ASEGAR MURNI JAYA,FOOD PACKAGING,LDPE,SINGLE LAYER,5,TERNATE,NORTH MALUKU,2023-09-30,COAST/SHORELINE
UNKNOWN,UNBRANDED,FOOD PACKAGING,PP,SINGLE LAYER,1,TERNATE,NORTH MALUKU,2023-09-30,COAST/SHORELINE
GOOD DAY COFFEE,PT SANTOS JAYA ABADI,FOOD PACKAGING,HDPE,UNSURE,2,TERNATE,NORTH MALUKU,2023-09-30,COAST/SHORELINE
GOOD DAY COFFEE,PT SANTOS JAYA ABADI,FOOD PACKAGING,PET,UNSURE,3,TERNATE,NORTH MALUKU,2023-09-30,COAST/SHORELINE
GOOD DAY COFFEE,PT SANTOS JAYA ABADI,FOOD PACKAGING,LDPE,UNSURE,2,TERNATE,NORTH MALUKU,2023-09-30,COAST/SHORELINE
BKP,PT BINA KARYA PRIMA,FOOD PACKAGING,PET,UNSURE,1,TERNATE,NORTH MALUKU,2023-09-30,COAST/SHORELINE
BKP,PT BINA KARYA PRIMA,FOOD PACKAGING,HDPE,UNSURE,1,TERNATE,NORTH MALUKU,2023-09-30,COAST/SHORELINE
FLORIDINA,WINGS INDONESIA,FOOD PACKAGING,HDPE,SINGLE LAYER,1,TERNATE,NORTH MALUKU,2023-09-30,COAST/SHORELINE
FLORIDINA,WINGS INDONESIA,FOOD PACKAGING,PET,SINGLE LAYER,2,TERNATE,NORTH MALUKU,2023-09-30,COAST/SHORELINE
FLORIDINA,WINGS INDONESIA,FOOD PACKAGING,LDPE,SINGLE LAYER,1,TERNATE,NORTH MALUKU,2023-09-30,COAST/SHORELINE
TEH GELAS,ORANG TUA,FOOD PACKAGING,PP,SINGLE LAYER,0,TERNATE,NORTH MALUKU,2023-09-30,COAST/SHORELINE
TEBS,SINAR SOSRO,FOOD PACKAGING,HDPE,SINGLE LAYER,0,TERNATE,NORTH MALUKU,2023-09-30,COAST/SHORELINE
TEBS,SINAR SOSRO,FOOD PACKAGING,PET,SINGLE LAYER,1,TERNATE,NORTH MALUKU,2023-09-30,COAST/SHORELINE
TEBS,SINAR SOSRO,FOOD PACKAGING,HDPE,SINGLE LAYER,1,TERNATE,NORTH MALUKU,2023-09-30,COAST/SHORELINE
ROYAL,THE COCA-COLA COMPANY,FOOD PACKAGING,PET,SINGLE LAYER,1,TERNATE,NORTH MALUKU,2023-09-30,COAST/SHORELINE
ROYAL,THE COCA-COLA COMPANY,FOOD PACKAGING,OTHERS,SINGLE LAYER,1,TERNATE,NORTH MALUKU,2023-09-30,COAST/SHORELINE
CLEO,TANOBEL FOOD,FOOD PACKAGING,PET,SINGLE LAYER,2,TERNATE,NORTH MALUKU,2023-09-30,COAST/SHORELINE
CLEO,TANOBEL FOOD,FOOD PACKAGING,OTHERS,SINGLE LAYER,2,TERNATE,NORTH MALUKU,2023-09-30,COAST/SHORELINE
UNKNOWN,UNBRANDED,PERSONAL CARE,PET,SINGLE LAYER,1,TERNATE,NORTH MALUKU,2023-09-30,COAST/SHORELINE
UNKNOWN,UNBRANDED,PERSONAL CARE,OTHERS,SINGLE LAYER,1,TERNATE,NORTH MALUKU,2023-09-30,COAST/SHORELINE
SPRITE,THE COCA-COLA COMPANY,FOOD PACKAGING,OTHERS,SINGLE LAYER,1,TERNATE,NORTH MALUKU,2023-09-30,COAST/SHORELINE
SPRITE,THE COCA-COLA COMPANY,FOOD PACKAGING,OTHERS,SINGLE LAYER,1,TERNATE,NORTH MALUKU,2023-09-30,COAST/SHORELINE
KISS,MAYORA INDAH,FOOD PACKAGING,LDPE,MULTI LAYER,1,TERNATE,NORTH MALUKU,2023-09-30,COAST/SHORELINE
ASEGAR,ASEGAR MURNI JAYA,FOOD PACKAGING,PET,SINGLE LAYER,1,TERNATE,NORTH MALUKU,2023-09-30,COAST/SHORELINE
ASEGAR,ASEGAR MURNI JAYA,FOOD PACKAGING,LDPE,SINGLE LAYER,1,TERNATE,NORTH MALUKU,2023-09-30,COAST/SHORELINE
GOLCO,CV PERMATA KUNING,HOUSEHOLD PRODUCT,PET,SINGLE LAYER,1,TERNATE,NORTH MALUKU,2023-09-30,COAST/SHORELINE
GOLCO,CV PERMATA KUNING,HOUSEHOLD PRODUCT,PET,SINGLE LAYER,1,TERNATE,NORTH MALUKU,2023-09-30,COAST/SHORELINE
GOLCO,CV PERMATA KUNING,HOUSEHOLD PRODUCT,LDPE,SINGLE LAYER,1,TERNATE,NORTH MALUKU,2023-09-30,COAST/SHORELINE
AQUA,DANONE,FOOD PACKAGING,PP,SINGLE LAYER,1,TERNATE,NORTH MALUKU,2023-09-30,COAST/SHORELINE
AQUA,DANONE,FOOD PACKAGING,LDPE,MULTI LAYER,1,TERNATE,NORTH MALUKU,2023-09-30,COAST/SHORELINE
WALLS,UNILEVER,FOOD PACKAGING,PS,SINGLE LAYER,1,TERNATE,NORTH MALUKU,2023-09-30,COAST/SHORELINE
PAISU,UNKNOWN,FOOD PACKAGING,PET,SINGLE LAYER,1,TERNATE,NORTH MALUKU,2023-09-30,COAST/SHORELINE
PAISU,UNKNOWN,FOOD PACKAGING,LDPE,MULTI LAYER,1,TERNATE,NORTH MALUKU,2023-09-30,COAST/SHORELINE
INDOMILK,INDOFOOD,FOOD PACKAGING,HDPE,SINGLE LAYER,1,TERNATE,NORTH MALUKU,2023-09-30,COAST/SHORELINE
AJM,UNKNOWN,FOOD PACKAGING,PS,SINGLE LAYER,3,TERNATE,NORTH MALUKU,2023-09-30,COAST/SHORELINE
AJM,UNKNOWN,FOOD PACKAGING,LDPE,MULTI LAYER,3,TERNATE,NORTH MALUKU,2023-09-30,COAST/SHORELINE
AJM,UNKNOWN,FOOD PACKAGING,PS,SINGLE LAYER,3,TERNATE,NORTH MALUKU,2023-09-30,COAST/SHORELINE
AJM,UNKNOWN,FOOD PACKAGING,LDPE,MULTI LAYER,3,TERNATE,NORTH MALUKU,2023-09-30,COAST/SHORELINE
ES TEH INDONESIA,PT ESTEH INDONESIA MAKMUR,FOOD PACKAGING,PP,SINGLE LAYER,1,TERNATE,NORTH MALUKU,2023-09-30,COAST/SHORELINE
GO VIT,PT INDOFOOD CBP SUKSES MAKMUR TBK,FOOD PACKAGING,PS,SINGLE LAYER,1,TERNATE,NORTH MALUKU,2023-09-30,COAST/SHORELINE
GO VIT,PT INDOFOOD CBP SUKSES MAKMUR TBK,FOOD PACKAGING,LDPE,SINGLE LAYER,1,TERNATE,NORTH MALUKU,2023-09-30,COAST/SHORELINE
AKE,CV.AKE ABADI,FOOD PACKAGING,PS,SINGLE LAYER,1,TERNATE,NORTH MALUKU,2023-09-30,COAST/SHORELINE
AKE,CV.AKE ABADI,FOOD PACKAGING,LDPE,MULTI LAYER,1,TERNATE,NORTH MALUKU,2023-09-30,COAST/SHORELINE
ALE ALE,TIRTA ALAM,FOOD PACKAGING,PET,SINGLE LAYER,14,TERNATE,NORTH MALUKU,2023-09-30,COAST/SHORELINE
ALE ALE,TIRTA ALAM,FOOD PACKAGING,HDPE,SINGLE LAYER,6,TERNATE,NORTH MALUKU,2023-09-30,COAST/SHORELINE
TEH GELAS,ORANG TUA,FOOD PACKAGING,PET,SINGLE LAYER,12,TERNATE,NORTH MALUKU,2023-09-30,COAST/SHORELINE
TEH GELAS,ORANG TUA,FOOD PACKAGING,HDPE,SINGLE LAYER,6,TERNATE,NORTH MALUKU,2023-09-30,COAST/SHORELINE
FRUIT TEA,SINAR SOSRO,FOOD PACKAGING,PET,SINGLE LAYER,1,TERNATE,NORTH MALUKU,2023-09-30,COAST/SHORELINE
FRUIT TEA,SINAR SOSRO,FOOD PACKAGING,PP,SINGLE LAYER,3,TERNATE,NORTH MALUKU,2023-09-30,COAST/SHORELINE
FRUIT TEA,SINAR SOSRO,FOOD PACKAGING,LDPE,SINGLE LAYER,1,TERNATE,NORTH MALUKU,2023-09-30,COAST/SHORELINE
OKKY JELLY DRINK,TUDUNG GROUP,FOOD PACKAGING,PET,SINGLE LAYER,6,TERNATE,NORTH MALUKU,2023-09-30,COAST/SHORELINE
OKKY JELLY DRINK,TUDUNG GROUP,FOOD PACKAGING,HDPE,SINGLE LAYER,1,TERNATE,NORTH MALUKU,2023-09-30,COAST/SHORELINE
HAPPY DAY CUP,UNKNOWN,FOOD PACKAGING,PP,SINGLE LAYER,13,TERNATE,NORTH MALUKU,2023-09-30,COAST/SHORELINE
UNKNOWN,UNBRANDED,FOOD PACKAGING,PET,SINGLE LAYER,30,TERNATE,NORTH MALUKU,2023-09-30,COAST/SHORELINE
UNKNOWN,UNBRANDED,FOOD PACKAGING,PET,SINGLE LAYER,7,TERNATE,NORTH MALUKU,2023-09-30,COAST/SHORELINE
OKKY KOKO DRINK,SUNTORY GARUDA BEVERAGE,FOOD PACKAGING,PET,SINGLE LAYER,1,TERNATE,NORTH MALUKU,2023-09-30,COAST/SHORELINE
OKKY KOKO DRINK,SUNTORY GARUDA BEVERAGE,FOOD PACKAGING,HDPE,SINGLE LAYER,1,TERNATE,NORTH MALUKU,2023-09-30,COAST/SHORELINE
CIMORY,MOUNTAIN DAIRY,FOOD PACKAGING,PET,SINGLE LAYER,1,TERNATE,NORTH MALUKU,2023-09-30,COAST/SHORELINE
CIMORY,MOUNTAIN DAIRY,FOOD PACKAGING,OTHERS,SINGLE LAYER,1,TERNATE,NORTH MALUKU,2023-09-30,COAST/SHORELINE
CIMORY,MOUNTAIN DAIRY,FOOD PACKAGING,HDPE,SINGLE LAYER,1,TERNATE,NORTH MALUKU,2023-09-30,COAST/SHORELINE
ICE TEA,LIPTON ICE TEA,FOOD PACKAGING,PP,SINGLE LAYER,2,TERNATE,NORTH MALUKU,2023-09-30,COAST/SHORELINE
ROMA SARI GANDUM,MAYORA INDAH,FOOD PACKAGING,OTHERS,SINGLE LAYER,2,TERNATE,NORTH MALUKU,2023-09-30,COAST/SHORELINE
CLUB,INDOFOOD,FOOD PACKAGING,PP,SINGLE LAYER,1,TERNATE,NORTH MALUKU,2023-09-30,COAST/SHORELINE
CLUB,INDOFOOD,FOOD PACKAGING,HDPE,SINGLE LAYER,1,TERNATE,NORTH MALUKU,2023-09-30,COAST/SHORELINE
KOPI NONGKRONG,PT SAYAP MAS UTAMA,FOOD PACKAGING,PP,SINGLE LAYER,2,TERNATE,NORTH MALUKU,2023-09-30,COAST/SHORELINE
KOPI NONGKRONG,PT SAYAP MAS UTAMA,FOOD PACKAGING,HDPE,SINGLE LAYER,2,TERNATE,NORTH MALUKU,2023-09-30,COAST/SHORELINE
MIZONE,DANONE,FOOD PACKAGING,PP,SINGLE LAYER,1,TERNATE,NORTH MALUKU,2023-09-30,COAST/SHORELINE
MIZONE,DANONE,FOOD PACKAGING,PP,SINGLE LAYER,1,TERNATE,NORTH MALUKU,2023-09-30,COAST/SHORELINE
KIKO,PANDARIA MAKMUR (KIKO FACT),FOOD PACKAGING,PET,SINGLE LAYER,2,TERNATE,NORTH MALUKU,2023-09-30,COAST/SHORELINE
AKE,CV.AKE ABADI,FOOD PACKAGING,PET,SINGLE LAYER,2,TERNATE,NORTH MALUKU,2023-09-30,COAST/SHORELINE
AKE,CV.AKE ABADI,FOOD PACKAGING,PP,SINGLE LAYER,2,TERNATE,NORTH MALUKU,2023-09-30,COAST/SHORELINE
AKE,CV.AKE ABADI,FOOD PACKAGING,PET,SINGLE LAYER,2,TERNATE,NORTH MALUKU,2023-09-30,COAST/SHORELINE
AKE,CV.AKE ABADI,FOOD PACKAGING,PP,SINGLE LAYER,1,TERNATE,NORTH MALUKU,2023-09-30,COAST/SHORELINE
UNKNOWN,UNBRANDED,FOOD PACKAGING,PET,SINGLE LAYER,2,TERNATE,NORTH MALUKU,2023-09-30,COAST/SHORELINE
UNKNOWN,UNBRANDED,FOOD PACKAGING,PET,SINGLE LAYER,1,TERNATE,NORTH MALUKU,2023-09-30,COAST/SHORELINE
YUPI,YUPINDO,FOOD PACKAGING,PP,SINGLE LAYER,1,TERNATE,NORTH MALUKU,2023-09-30,COAST/SHORELINE
POCARI SWEAT,OTSUKA,FOOD PACKAGING,PP,SINGLE LAYER,2,TERNATE,NORTH MALUKU,2023-09-30,COAST/SHORELINE
UNKNOWN,UNBRANDED,FOOD PACKAGING,PET,SINGLE LAYER,4,TERNATE,NORTH MALUKU,2023-09-30,COAST/SHORELINE
BIG BABOL,PERFETTI VAN MELLE,FOOD PACKAGING,PET,SINGLE LAYER,1,TERNATE,NORTH MALUKU,2023-09-30,COAST/SHORELINE
UNKNOWN,UNBRANDED,PERSONAL CARE,HDPE,SINGLE LAYER,1,TERNATE,NORTH MALUKU,2023-09-30,COAST/SHORELINE
UNKNOWN,UNBRANDED,HOUSEHOLD PRODUCT,HDPE,SINGLE LAYER,1,TERNATE,NORTH MALUKU,2023-09-30,COAST/SHORELINE
SARI GANDUM,MAYORA INDAH,FOOD PACKAGING,OTHERS,SINGLE LAYER,1,TERNATE,NORTH MALUKU,2023-09-30,COAST/SHORELINE
UNKNOWN,UNBRANDED,FOOD PACKAGING,HDPE,SINGLE LAYER,1,TERNATE,NORTH MALUKU,2023-09-30,COAST/SHORELINE
PLASTIK INDOMARET,PT INDOMARCO PRISMATAMA,PACKAGING MATERIAL,HDPE,SINGLE LAYER,3,TERNATE,NORTH MALUKU,2023-09-30,COAST/SHORELINE
POP MIE,INDOFOOD,PACKAGING MATERIAL,OTHERS,SINGLE LAYER,9,TERNATE,NORTH MALUKU,2023-09-30,COAST/SHORELINE
POP MIE,INDOFOOD,FOOD PACKAGING,OTHERS,MULTI LAYER,2,TERNATE,NORTH MALUKU,2023-09-30,COAST/SHORELINE
POP MIE,INDOFOOD,FOOD PACKAGING,PP,SINGLE LAYER,9,TERNATE,NORTH MALUKU,2023-09-30,COAST/SHORELINE
HATARI,ASW FOOD,FOOD PACKAGING,OTHERS,SINGLE LAYER,2,TERNATE,NORTH MALUKU,2023-09-30,COAST/SHORELINE
TWISTER,UNILEVER,FOOD PACKAGING,OTHERS,SINGLE LAYER,2,TERNATE,NORTH MALUKU,2023-09-30,COAST/SHORELINE
KIKO,PANDARIA MAKMUR (KIKO FACT),FOOD PACKAGING,PP,SINGLE LAYER,13,TERNATE,NORTH MALUKU,2023-09-30,COAST/SHORELINE
ALE ALE,TIRTA ALAM,FOOD PACKAGING,PP,SINGLE LAYER,1,TERNATE,NORTH MALUKU,2023-09-30,COAST/SHORELINE
UNKNOWN,UNBRANDED,PACKAGING MATERIAL,PET,SINGLE LAYER,15,TERNATE,NORTH MALUKU,2023-09-30,COAST/SHORELINE
UNKNOWN,UNBRANDED,FOOD PACKAGING,PS,SINGLE LAYER,1,TERNATE,NORTH MALUKU,2023-09-30,COAST/SHORELINE
MAX TEA,PT SARI INCOFOOD CORPORATION,FOOD PACKAGING,HDPE,MULTI LAYER,4,TERNATE,NORTH MALUKU,2023-09-30,COAST/SHORELINE
VINOLA,SINAR SURYA FOOD,FOOD PACKAGING,OTHERS,MULTI LAYER,2,TERNATE,NORTH MALUKU,2023-09-30,COAST/SHORELINE
ROMA WAFELLO,MAYORA INDAH,FOOD PACKAGING,OTHERS,MULTI LAYER,1,TERNATE,NORTH MALUKU,2023-09-30,COAST/SHORELINE
UNKNOWN,UNBRANDED,FOOD PACKAGING,PVC,SINGLE LAYER,1,TERNATE,NORTH MALUKU,2023-09-30,COAST/SHORELINE
MIE SEDAP,WINGS,FOOD PACKAGING,OTHERS,SINGLE LAYER,10,TERNATE,NORTH MALUKU,2023-09-30,COAST/SHORELINE
INDOMIE,INDOFOOD,FOOD PACKAGING,OTHERS,SINGLE LAYER,9,TERNATE,NORTH MALUKU,2023-09-30,COAST/SHORELINE
POP ICE,FORISA,FOOD PACKAGING,OTHERS,MULTI LAYER,4,TERNATE,NORTH MALUKU,2023-09-30,COAST/SHORELINE
MIKAKO,RUBBER SNACK INDUSTRY,FOOD PACKAGING,OTHERS,MULTI LAYER,2,TERNATE,NORTH MALUKU,2023-09-30,COAST/SHORELINE
TEH KOTAK,ULTRAJAYA,FOOD PACKAGING,OTHERS,MULTI LAYER,4,TERNATE,NORTH MALUKU,2023-09-30,COAST/SHORELINE
TEH KOTAK,ULTRAJAYA,FOOD PACKAGING,OTHERS,SINGLE LAYER,4,TERNATE,NORTH MALUKU,2023-09-30,COAST/SHORELINE
ROMA KELAPA,MAYORA INDAH,FOOD PACKAGING,OTHERS,SINGLE LAYER,2,TERNATE,NORTH MALUKU,2023-09-30,COAST/SHORELINE
ULTRAMILK,ULTRAJAYA,FOOD PACKAGING,OTHERS,MULTI LAYER,6,TERNATE,NORTH MALUKU,2023-09-30,COAST/SHORELINE
ULTRAMILK,ULTRAJAYA,FOOD PACKAGING,OTHERS,SINGLE LAYER,1,TERNATE,NORTH MALUKU,2023-09-30,COAST/SHORELINE
GOOD DAY COFFEE,PT SANTOS JAYA ABADI,FOOD PACKAGING,OTHERS,MULTI LAYER,3,TERNATE,NORTH MALUKU,2023-09-30,COAST/SHORELINE
LE MINERALE,MAYORA INDAH,FOOD PACKAGING,OTHERS,SINGLE LAYER,8,TERNATE,NORTH MALUKU,2023-09-30,COAST/SHORELINE
LE MINERALE,MAYORA INDAH,FOOD PACKAGING,PET,SINGLE LAYER,1,TERNATE,NORTH MALUKU,2023-09-30,COAST/SHORELINE
REBO,GUMINDO BOGAMANIS,FOOD PACKAGING,OTHERS,MULTI LAYER,2,TERNATE,NORTH MALUKU,2023-09-30,COAST/SHORELINE
GO MALKIST,PT JAYA UTAMA SANTIKAH,FOOD PACKAGING,OTHERS,MULTI LAYER,3,TERNATE,NORTH MALUKU,2023-09-30,COAST/SHORELINE
UNKNOWN,UNBRANDED,PACKAGING MATERIAL,HDPE,SINGLE LAYER,25,TERNATE,NORTH MALUKU,2023-09-30,COAST/SHORELINE
MIE SEDAP,WINGS,FOOD PACKAGING,OTHERS,MULTI LAYER,4,TERNATE,NORTH MALUKU,2023-09-30,COAST/SHORELINE
CHOCHO ROYAL,PT BAGUSFOOD,FOOD PACKAGING,OTHERS,MULTI LAYER,1,TERNATE,NORTH MALUKU,2023-09-30,COAST/SHORELINE
SUPERMI,INDOFOOD,FOOD PACKAGING,OTHERS,SINGLE LAYER,1,TERNATE,NORTH MALUKU,2023-09-30,COAST/SHORELINE
MIE GELAS,MAYORA INDAH,FOOD PACKAGING,OTHERS,SINGLE LAYER,3,TERNATE,NORTH MALUKU,2023-09-30,COAST/SHORELINE
JASJUS,WINGS,FOOD PACKAGING,OTHERS,MULTI LAYER,3,TERNATE,NORTH MALUKU,2023-09-30,COAST/SHORELINE
UNKNOWN,UNBRANDED,HOUSEHOLD PRODUCT,HDPE,SINGLE LAYER,2,TERNATE,NORTH MALUKU,2023-09-30,COAST/SHORELINE
KUKU BIMA,SIDO MUNCUL,FOOD PACKAGING,OTHERS,MULTI LAYER,1,TERNATE,NORTH MALUKU,2023-09-30,COAST/SHORELINE
BLUE BAND,UNILEVER,FOOD PACKAGING,PP,SINGLE LAYER,1,TERNATE,NORTH MALUKU,2023-09-30,COAST/SHORELINE
FRISIAN FLAG,FRIESLANDCAMPINA,FOOD PACKAGING,OTHERS,MULTI LAYER,2,TERNATE,NORTH MALUKU,2023-09-30,COAST/SHORELINE
MINYAKITA,APICAL GROUP,FOOD PACKAGING,LDPE,SINGLE LAYER,1,TERNATE,NORTH MALUKU,2023-09-30,COAST/SHORELINE
MILO,NESTLE,FOOD PACKAGING,OTHERS,MULTI LAYER,2,TERNATE,NORTH MALUKU,2023-09-30,COAST/SHORELINE
TEH GELAS,ORANG TUA,FOOD PACKAGING,OTHERS,SINGLE LAYER,1,TERNATE,NORTH MALUKU,2023-09-30,COAST/SHORELINE
YORITOS,PT MANOHARA ASRI,FOOD PACKAGING,OTHERS,MULTI LAYER,1,TERNATE,NORTH MALUKU,2023-09-30,COAST/SHORELINE
LE MINERALE,MAYORA INDAH,FOOD PACKAGING,PP,SINGLE LAYER,1,TERNATE,NORTH MALUKU,2023-09-30,COAST/SHORELINE
MIZONE,DANONE,FOOD PACKAGING,PP,SINGLE LAYER,1,TERNATE,NORTH MALUKU,2023-09-30,COAST/SHORELINE
NIVEA,BEIERSDORF GLOBAL AG,PERSONAL CARE,PP,SINGLE LAYER,1,TERNATE,NORTH MALUKU,2023-09-30,COAST/SHORELINE
TOKAI,TOKAI DHARMA INDONESIA,SMOKING MATERIAL,PVC,SINGLE LAYER,1,TERNATE,NORTH MALUKU,2023-09-30,COAST/SHORELINE
BLUEBERRY DARK CHOCO INDOMARET,PT INDOMARCO PRISMATAMA,FOOD PACKAGING,OTHERS,MULTI LAYER,1,TERNATE,NORTH MALUKU,2023-09-30,COAST/SHORELINE
UNKNOWN,UNBRANDED,FOOD PACKAGING,OTHERS,SINGLE LAYER,30,TERNATE,NORTH MALUKU,2023-09-30,COAST/SHORELINE
QTELA,INDOFOOD,FOOD PACKAGING,LDPE,MULTI LAYER,1,TERNATE,NORTH MALUKU,2023-09-30,COAST/SHORELINE
SPONGE,PT LIWAYWAY,FOOD PACKAGING,LDPE,MULTI LAYER,1,TERNATE,NORTH MALUKU,2023-09-30,COAST/SHORELINE
KOPIKO,MAYORA INDAH,FOOD PACKAGING,LDPE,MULTI LAYER,2,TERNATE,NORTH MALUKU,2023-09-30,COAST/SHORELINE
UNKNOWN,UNBRANDED,PACKAGING MATERIAL,HDPE,SINGLE LAYER,22,TERNATE,NORTH MALUKU,2023-09-30,COAST/SHORELINE
ROMA MALKIST,MAYORA INDAH,FOOD PACKAGING,PET,SINGLE LAYER,3,TERNATE,NORTH MALUKU,2023-09-30,COAST/SHORELINE
MARLBORO,PHILIP MORRIS INTERNATIONAL,SMOKING MATERIAL,OTHERS,MULTI LAYER,1,TERNATE,NORTH MALUKU,2023-09-30,COAST/SHORELINE
MIRANDA,UNBRANDED,PERSONAL CARE,OTHERS,MULTI LAYER,1,TERNATE,NORTH MALUKU,2023-09-30,COAST/SHORELINE
UNKNOWN,UNBRANDED,HOUSEHOLD PRODUCT,PS,SINGLE LAYER,5,TERNATE,NORTH MALUKU,2023-09-30,COAST/SHORELINE
GERY SALUT,GARUDA FOOD,FOOD PACKAGING,OTHERS,MULTI LAYER,9,TERNATE,NORTH MALUKU,2023-09-30,COAST/SHORELINE
BIG BABOL,PERFETTI VAN MELLE,PACKAGING MATERIAL,OTHERS,MULTI LAYER,7,TERNATE,NORTH MALUKU,2023-09-30,COAST/SHORELINE
INDOMIE,INDOFOOD,FOOD PACKAGING,LDPE,MULTI LAYER,3,TERNATE,NORTH MALUKU,2023-09-30,COAST/SHORELINE
SURYA,GUDANG GARAM TBK.,SMOKING MATERIAL,OTHERS,MULTI LAYER,8,TERNATE,NORTH MALUKU,2023-09-30,COAST/SHORELINE
UNKNOWN,UNBRANDED,FOOD PACKAGING,OTHERS,SINGLE LAYER,1,TERNATE,NORTH MALUKU,2023-09-30,COAST/SHORELINE
UNKNOWN,UNBRANDED,FOOD PACKAGING,PP,SINGLE LAYER,1,TERNATE,NORTH MALUKU,2023-09-30,COAST/SHORELINE
AICE,AICE,FOOD PACKAGING,PP,MULTI LAYER,3,TERNATE,NORTH MALUKU,2023-09-30,COAST/SHORELINE
CHA CHA CHOCOLATE,PT PERUSAHAAN INDUSTRI CERES,FOOD PACKAGING,PET,MULTI LAYER,2,TERNATE,NORTH MALUKU,2023-09-30,COAST/SHORELINE
UNKNOWN,UNBRANDED,FOOD PACKAGING,PP,SINGLE LAYER,1,TERNATE,NORTH MALUKU,2023-09-30,COAST/SHORELINE
SAMPOERNA,PHILIP MORRIS INTERNATIONAL,SMOKING MATERIAL,OTHERS,MULTI LAYER,1,TERNATE,NORTH MALUKU,2023-09-30,COAST/SHORELINE
SAMPOERNA,PHILIP MORRIS INTERNATIONAL,PACKAGING MATERIAL,OTHERS,MULTI LAYER,1,TERNATE,NORTH MALUKU,2023-09-30,COAST/SHORELINE
DJARUM,DJARUM INDONESIA,SMOKING MATERIAL,OTHERS,MULTI LAYER,1,TERNATE,NORTH MALUKU,2023-09-30,COAST/SHORELINE
UNKNOWN,UNBRANDED,FOOD PACKAGING,PP,SINGLE LAYER,25,TERNATE,NORTH MALUKU,2023-09-30,COAST/SHORELINE
SILVERQUEEN,PT PERUSAHAAN INDUSTRI CERES,FOOD PACKAGING,OTHERS,MULTI LAYER,1,TERNATE,NORTH MALUKU,2023-09-30,COAST/SHORELINE
SIIP,NABATI SNACK,FOOD PACKAGING,PS,MULTI LAYER,3,TERNATE,NORTH MALUKU,2023-09-30,COAST/SHORELINE
RELAXA,AGEL LANGGENG,FOOD PACKAGING,PS,MULTI LAYER,5,TERNATE,NORTH MALUKU,2023-09-30,COAST/SHORELINE
HOT HOT,BRONSON PRIMA INDUSTRI,FOOD PACKAGING,OTHERS,MULTI LAYER,6,TERNATE,NORTH MALUKU,2023-09-30,COAST/SHORELINE
FRENTA,KINO,FOOD PACKAGING,OTHERS,MULTI LAYER,2,TERNATE,NORTH MALUKU,2023-09-30,COAST/SHORELINE
KISS,MAYORA INDAH,FOOD PACKAGING,OTHERS,MULTI LAYER,1,TERNATE,NORTH MALUKU,2023-09-30,COAST/SHORELINE
GULAKU,SUGAR GROUP,FOOD PACKAGING,OTHERS,SINGLE LAYER,1,TERNATE,NORTH MALUKU,2023-09-30,COAST/SHORELINE
ENERGEN,MAYORA INDAH,FOOD PACKAGING,OTHERS,MULTI LAYER,2,TERNATE,NORTH MALUKU,2023-09-30,COAST/SHORELINE
KOPI DAN KACANG,PT BRONSON PRIMA INDUSTRI,FOOD PACKAGING,OTHERS,MULTI LAYER,1,TERNATE,NORTH MALUKU,2023-09-30,COAST/SHORELINE
SQUARE PUFF,PT ANEKA INDOMAKMUR,FOOD PACKAGING,OTHERS,SINGLE LAYER,1,TERNATE,NORTH MALUKU,2023-09-30,COAST/SHORELINE
DJARUM,DJARUM INDONESIA,SMOKING MATERIAL,OTHERS,MULTI LAYER,1,TERNATE,NORTH MALUKU,2023-09-30,COAST/SHORELINE
TOS TOS,PT DUA KELINCI,FOOD PACKAGING,OTHERS,MULTI LAYER,1,TERNATE,NORTH MALUKU,2023-09-30,COAST/SHORELINE
HATARI,ASW FOOD,FOOD PACKAGING,OTHERS,MULTI LAYER,1,TERNATE,NORTH MALUKU,2023-09-30,COAST/SHORELINE
STARBUCKS,STARBUCKS,FOOD PACKAGING,OTHERS,SINGLE LAYER,1,TERNATE,NORTH MALUKU,2023-09-30,COAST/SHORELINE
GORIORIO,SIANTAR TOP,FOOD PACKAGING,OTHERS,MULTI LAYER,1,TERNATE,NORTH MALUKU,2023-09-30,COAST/SHORELINE
ROYCO,CAMPBELL SOUP COMPANY,FOOD PACKAGING,OTHERS,MULTI LAYER,2,TERNATE,NORTH MALUKU,2023-09-30,COAST/SHORELINE
NUTRISARI,NUTRIFOOD,FOOD PACKAGING,OTHERS,MULTI LAYER,8,TERNATE,NORTH MALUKU,2023-09-30,COAST/SHORELINE
DILAN CHOCOLATE CRUNCHY,PT MAYORA INDAH,FOOD PACKAGING,OTHERS,MULTI LAYER,1,TERNATE,NORTH MALUKU,2023-09-30,COAST/SHORELINE
SAMPOERNA,PHILIP MORRIS INTERNATIONAL,SMOKING MATERIAL,OTHERS,MULTI LAYER,1,TERNATE,NORTH MALUKU,2023-09-30,COAST/SHORELINE
SOYJOY,PT AMERTA INDAH OTSUKA,FOOD PACKAGING,OTHERS,MULTI LAYER,1,TERNATE,NORTH MALUKU,2023-09-30,COAST/SHORELINE
DANCOW,NESTLE,FOOD PACKAGING,OTHERS,MULTI LAYER,1,TERNATE,NORTH MALUKU,2023-09-30,COAST/SHORELINE
UNKNOWN,UNBRANDED,HOUSEHOLD PRODUCT,OTHERS,SINGLE LAYER,2,TERNATE,NORTH MALUKU,2023-09-30,COAST/SHORELINE
SWEETY DIAPERS,PT SOFTEX INDONESIA,OTHERS,OTHERS,SINGLE LAYER,3,TERNATE,NORTH MALUKU,2023-09-30,COAST/SHORELINE
REXONA,UNILEVER,OTHERS,OTHERS,SINGLE LAYER,1,TERNATE,NORTH MALUKU,2023-09-30,COAST/SHORELINE
GORIORIO,SIANTAR TOP,FOOD PACKAGING,OTHERS,MULTI LAYER,1,TERNATE,NORTH MALUKU,2023-09-30,COAST/SHORELINE
DAG,UNKNOWN,FOOD PACKAGING,OTHERS,SINGLE LAYER,1,TERNATE,NORTH MALUKU,2023-09-30,COAST/SHORELINE
TIME BREAK,NABATI,FOOD PACKAGING,OTHERS,MULTI LAYER,1,TERNATE,NORTH MALUKU,2023-09-30,COAST/SHORELINE
GABIN,UNKNOWN,FOOD PACKAGING,OTHERS,MULTI LAYER,1,TERNATE,NORTH MALUKU,2023-09-30,COAST/SHORELINE
BEARBRAND,NESTLE,FOOD PACKAGING,PET,SINGLE LAYER,1,TERNATE,NORTH MALUKU,2023-09-30,COAST/SHORELINE
PONDS,UNILEVER,PERSONAL CARE,OTHERS,SINGLE LAYER,1,TERNATE,NORTH MALUKU,2023-09-30,COAST/SHORELINE
SAY BREAD,INDOMARET GROUP,FOOD PACKAGING,OTHERS,SINGLE LAYER,1,TERNATE,NORTH MALUKU,2023-09-30,COAST/SHORELINE
ALPENLIEBE,PERFETTI VAN MELLE,FOOD PACKAGING,OTHERS,MULTI LAYER,1,TERNATE,NORTH MALUKU,2023-09-30,COAST/SHORELINE
KISS,MAYORA INDAH,FOOD PACKAGING,OTHERS,MULTI LAYER,1,TERNATE,NORTH MALUKU,2023-09-30,COAST/SHORELINE
SARI GANDUM,MAYORA INDAH,FOOD PACKAGING,LDPE,MULTI LAYER,1,TERNATE,NORTH MALUKU,2023-09-30,COAST/SHORELINE
UNKNOWN,UNBRANDED,FOOD PACKAGING,LDPE,MULTI LAYER,1,TERNATE,NORTH MALUKU,2023-09-30,COAST/SHORELINE
KECAP ABC,ABC,FOOD PACKAGING,LDPE,MULTI LAYER,2,TERNATE,NORTH MALUKU,2023-09-30,COAST/SHORELINE
BISKUIT BALITA,PT VADCO PROSPER MEGA,FOOD PACKAGING,LDPE,MULTI LAYER,1,TERNATE,NORTH MALUKU,2023-09-30,COAST/SHORELINE
KUSUKA,CV ARIRA PANGINDO,FOOD PACKAGING,PP,MULTI LAYER,4,TERNATE,NORTH MALUKU,2023-09-30,COAST/SHORELINE
SANDAL,UNBRANDED,OTHERS,OTHERS,SINGLE LAYER,3,TERNATE,NORTH MALUKU,2023-09-30,COAST/SHORELINE
DANCOW,NESTLE,FOOD PACKAGING,OTHERS,MULTI LAYER,1,TERNATE,NORTH MALUKU,2023-09-30,COAST/SHORELINE
TORABIKA,MAYORA INDAH,FOOD PACKAGING,LDPE,MULTI LAYER,1,TERNATE,NORTH MALUKU,2023-09-30,COAST/SHORELINE
MINYAK TELON,UNKNOWN,HOUSEHOLD PRODUCT,PET,SINGLE LAYER,1,TERNATE,NORTH MALUKU,2023-09-30,COAST/SHORELINE
MINYAK TELON,UNKNOWN,HOUSEHOLD PRODUCT,PP,SINGLE LAYER,1,TERNATE,NORTH MALUKU,2023-09-30,COAST/SHORELINE
UNKNOWN,UNBRANDED,HOUSEHOLD PRODUCT,OTHERS,SINGLE LAYER,40,TERNATE,NORTH MALUKU,2023-09-30,COAST/SHORELINE
KELLY,PT KELLY INTERNATIONAL COSMETICS,PERSONAL CARE,PVC,SINGLE LAYER,1,TERNATE,NORTH MALUKU,2023-09-30,COAST/SHORELINE
CHA CHA CHOCOLATE,PT PERUSAHAAN INDUSTRI CERES,FOOD PACKAGING,LDPE,MULTI LAYER,1,TERNATE,NORTH MALUKU,2023-09-30,COAST/SHORELINE
MENTOS,PERFETTI VAN MELLE,FOOD PACKAGING,LDPE,MULTI LAYER,1,TERNATE,NORTH MALUKU,2023-09-30,COAST/SHORELINE
CAMELO,SUMBER TIRTA PAMENANG,FOOD PACKAGING,LDPE,MULTI LAYER,1,TERNATE,NORTH MALUKU,2023-09-30,COAST/SHORELINE
RELAXA,AGEL LANGGENG,FOOD PACKAGING,LDPE,MULTI LAYER,1,TERNATE,NORTH MALUKU,2023-09-30,COAST/SHORELINE
UNKNOWN,UNBRANDED,HOUSEHOLD PRODUCT,OTHERS,SINGLE LAYER,34,TERNATE,NORTH MALUKU,2023-09-30,COAST/SHORELINE
GOOD DAY COFFEE,PT SANTOS JAYA ABADI,FOOD PACKAGING,LDPE,MULTI LAYER,2,TERNATE,NORTH MALUKU,2023-09-30,COAST/SHORELINE
JASJUS,WINGS,FOOD PACKAGING,LDPE,MULTI LAYER,4,TERNATE,NORTH MALUKU,2023-09-30,COAST/SHORELINE
UNKNOWN,UNBRANDED,HOUSEHOLD PRODUCT,PP,SINGLE LAYER,10,TERNATE,NORTH MALUKU,2023-09-30,COAST/SHORELINE
SUPERMI,INDOFOOD,FOOD PACKAGING,PP,MULTI LAYER,3,TERNATE,NORTH MALUKU,2023-09-30,COAST/SHORELINE
SUPERSTAR,MAYORA INDAH,FOOD PACKAGING,PP,MULTI LAYER,1,TERNATE,NORTH MALUKU,2023-09-30,COAST/SHORELINE
DEKA,PT DUA KELINCI,FOOD PACKAGING,PP,MULTI LAYER,1,TERNATE,NORTH MALUKU,2023-09-30,COAST/SHORELINE
KOPI ABC,SANTOS JAYA ABADI,FOOD PACKAGING,PP,MULTI LAYER,1,TERNATE,NORTH MALUKU,2023-09-30,COAST/SHORELINE
FLOW,PT SUMBER BENING LESTARI,FOOD PACKAGING,LDPE,SINGLE LAYER,2,TERNATE,NORTH MALUKU,2023-09-30,COAST/SHORELINE
FLOW,PT SUMBER BENING LESTARI,FOOD PACKAGING,LDPE,SINGLE LAYER,1,TERNATE,NORTH MALUKU,2023-09-30,COAST/SHORELINE
ROYCO,CAMPBELL SOUP COMPANY,FOOD PACKAGING,OTHERS,MULTI LAYER,2,TERNATE,NORTH MALUKU,2023-09-30,COAST/SHORELINE
TOP ICE,FORISA NUSA PERSADA,FOOD PACKAGING,OTHERS,MULTI LAYER,1,TERNATE,NORTH MALUKU,2023-09-30,COAST/SHORELINE
UNKNOWN,UNBRANDED,FOOD PACKAGING,LDPE,SINGLE LAYER,1,TERNATE,NORTH MALUKU,2023-09-30,COAST/SHORELINE
KUKU BIMA,SIDO MUNCUL,FOOD PACKAGING,OTHERS,MULTI LAYER,10,TERNATE,NORTH MALUKU,2023-09-30,COAST/SHORELINE
UNKNOWN,UNBRANDED,FOOD PACKAGING,LDPE,SINGLE LAYER,3,TERNATE,NORTH MALUKU,2023-09-30,COAST/SHORELINE
UNKNOWN,UNBRANDED,OTHERS,OTHERS,SINGLE LAYER,25,TERNATE,NORTH MALUKU,2023-09-30,COAST/SHORELINE
DAIA,WINGS,HOUSEHOLD PRODUCT,LDPE,MULTI LAYER,4,TERNATE,NORTH MALUKU,2023-09-30,COAST/SHORELINE
KISS,MAYORA INDAH,FOOD PACKAGING,LDPE,MULTI LAYER,1,TERNATE,NORTH MALUKU,2023-09-30,COAST/SHORELINE
UNKNOWN,UNBRANDED,HOUSEHOLD PRODUCT,PP,SINGLE LAYER,4,TERNATE,NORTH MALUKU,2023-09-30,COAST/SHORELINE
UNKNOWN,UNBRANDED,FOOD PACKAGING,PP,SINGLE LAYER,2,TERNATE,NORTH MALUKU,2023-09-30,COAST/SHORELINE
UNKNOWN,UNBRANDED,HOUSEHOLD PRODUCT,PP,SINGLE LAYER,2,TERNATE,NORTH MALUKU,2023-09-30,COAST/SHORELINE
SUPERMI,INDOFOOD,FOOD PACKAGING,PP,MULTI LAYER,3,TERNATE,NORTH MALUKU,2023-09-30,COAST/SHORELINE
UNKNOWN,UNBRANDED,HOUSEHOLD PRODUCT,OTHERS,SINGLE LAYER,50,TERNATE,NORTH MALUKU,2023-09-30,COAST/SHORELINE
CLEO,TANOBEL FOOD,FOOD PACKAGING,PET,SINGLE LAYER,13,TERNATE,NORTH MALUKU,2023-09-30,COAST/SHORELINE
CLEO,TANOBEL FOOD,FOOD PACKAGING,LDPE,SINGLE LAYER,2,TERNATE,NORTH MALUKU,2023-09-30,COAST/SHORELINE
CLEO,TANOBEL FOOD,FOOD PACKAGING,PET,SINGLE LAYER,2,TERNATE,NORTH MALUKU,2023-09-30,COAST/SHORELINE
PLASTIK INDOMARET,PT INDOMARCO PRISMATAMA,PERSONAL CARE,LDPE,SINGLE LAYER,1,TERNATE,NORTH MALUKU,2023-09-30,COAST/SHORELINE
UNKNOWN,UNBRANDED,PACKAGING MATERIAL,OTHERS,SINGLE LAYER,1,TERNATE,NORTH MALUKU,2023-09-30,COAST/SHORELINE
PEWARNA MAKANAN,UNKNOWN,FOOD PACKAGING,PET,SINGLE LAYER,2,TERNATE,NORTH MALUKU,2023-09-30,COAST/SHORELINE
PEWARNA MAKANAN,UNKNOWN,FOOD PACKAGING,PP,SINGLE LAYER,2,TERNATE,NORTH MALUKU,2023-09-30,COAST/SHORELINE
CIMORY,MOUNTAIN DAIRY,FOOD PACKAGING,PP,MULTI LAYER,1,TERNATE,NORTH MALUKU,2023-09-30,COAST/SHORELINE
UNKNOWN,UNBRANDED,FOOD PACKAGING,PS,SINGLE LAYER,3,TERNATE,NORTH MALUKU,2023-09-30,COAST/SHORELINE
ROKOK WARUNG KOPI,PT VICTORY SUPRA SIGARET,SMOKING MATERIAL,OTHERS,MULTI LAYER,1,TERNATE,NORTH MALUKU,2023-09-30,COAST/SHORELINE
UNKNOWN,UNBRANDED,FOOD PACKAGING,PET,SINGLE LAYER,3,TERNATE,NORTH MALUKU,2023-09-30,COAST/SHORELINE
OVALTINE,ABF,FOOD PACKAGING,LDPE,MULTI LAYER,1,TERNATE,NORTH MALUKU,2023-09-30,COAST/SHORELINE
ROMA MALKIST,MAYORA INDAH,FOOD PACKAGING,HDPE,MULTI LAYER,1,TERNATE,NORTH MALUKU,2023-09-30,COAST/SHORELINE
ROYCO,CAMPBELL SOUP COMPANY,FOOD PACKAGING,HDPE,MULTI LAYER,3,TERNATE,NORTH MALUKU,2023-09-30,COAST/SHORELINE
ULTRAMILK,ULTRAJAYA,FOOD PACKAGING,OTHERS,MULTI LAYER,1,TERNATE,NORTH MALUKU,2023-09-30,COAST/SHORELINE
ULTRAMILK,ULTRAJAYA,FOOD PACKAGING,LDPE,SINGLE LAYER,1,TERNATE,NORTH MALUKU,2023-09-30,COAST/SHORELINE
GO POTATO,SIANTAR TOP,FOOD PACKAGING,HDPE,MULTI LAYER,1,TERNATE,NORTH MALUKU,2023-09-30,COAST/SHORELINE
DAG,UNKNOWN,FOOD PACKAGING,PET,SINGLE LAYER,5,TERNATE,NORTH MALUKU,2023-09-30,COAST/SHORELINE
CHOCO CHIPS,SIMBA,FOOD PACKAGING,HDPE,MULTI LAYER,1,TERNATE,NORTH MALUKU,2023-09-30,COAST/SHORELINE
TEH GELAS,ORANG TUA,FOOD PACKAGING,PET,SINGLE LAYER,1,TERNATE,NORTH MALUKU,2023-09-30,COAST/SHORELINE
TEH GELAS,ORANG TUA,FOOD PACKAGING,LDPE,SINGLE LAYER,1,TERNATE,NORTH MALUKU,2023-09-30,COAST/SHORELINE
UNKNOWN,UNBRANDED,FOOD PACKAGING,PET,SINGLE LAYER,47,TERNATE,NORTH MALUKU,2023-09-30,COAST/SHORELINE
GORIORIO,SIANTAR TOP,FOOD PACKAGING,HDPE,MULTI LAYER,1,TERNATE,NORTH MALUKU,2023-09-30,COAST/SHORELINE
ENERGEN,MAYORA INDAH,FOOD PACKAGING,HDPE,MULTI LAYER,3,TERNATE,NORTH MALUKU,2023-09-30,COAST/SHORELINE
KIKO,PANDARIA MAKMUR (KIKO FACT),FOOD PACKAGING,PET,MULTI LAYER,19,TERNATE,NORTH MALUKU,2023-09-30,COAST/SHORELINE
DAG,UNKNOWN,FOOD PACKAGING,PET,SINGLE LAYER,9,TERNATE,NORTH MALUKU,2023-09-30,COAST/SHORELINE
LE MINERALE,MAYORA INDAH,FOOD PACKAGING,PET,SINGLE LAYER,4,TERNATE,NORTH MALUKU,2023-09-30,COAST/SHORELINE
BENG BENG,MAYORA INDA,FOOD PACKAGING,LDPE,MULTI LAYER,2,TERNATE,NORTH MALUKU,2023-09-30,COAST/SHORELINE
UNKNOWN,UNBRANDED,HOUSEHOLD PRODUCT,PVC,MULTI LAYER,1,TERNATE,NORTH MALUKU,2023-09-30,COAST/SHORELINE
UNKNOWN,UNBRANDED,FOOD PACKAGING,PS,MULTI LAYER,7,TERNATE,NORTH MALUKU,2023-09-30,COAST/SHORELINE
NUTRISARI,NUTRIFOOD,FOOD PACKAGING,LDPE,MULTI LAYER,2,TERNATE,NORTH MALUKU,2023-09-30,COAST/SHORELINE
WAFELO,MAYORA INDAH,FOOD PACKAGING,LDPE,MULTI LAYER,1,TERNATE,NORTH MALUKU,2023-09-30,COAST/SHORELINE
UNKNOWN,UNBRANDED,SMOKING MATERIAL,OTHERS,SINGLE LAYER,4,TERNATE,NORTH MALUKU,2023-09-30,COAST/SHORELINE
EXTRA JOSS,BINTANG TOEDJOE,FOOD PACKAGING,LDPE,MULTI LAYER,4,TERNATE,NORTH MALUKU,2023-09-30,COAST/SHORELINE
UNKNOWN,UNBRANDED,PACKAGING MATERIAL,PVC,SINGLE LAYER,1,TERNATE,NORTH MALUKU,2023-09-30,COAST/SHORELINE
UNKNOWN,UNBRANDED,FOOD PACKAGING,PET,SINGLE LAYER,17,TERNATE,NORTH MALUKU,2023-09-30,COAST/SHORELINE
UNKNOWN,UNBRANDED,HOUSEHOLD PRODUCT,PVC,SINGLE LAYER,2,TERNATE,NORTH MALUKU,2023-09-30,COAST/SHORELINE
CHOCOLATOS,GARUDA FOOD,FOOD PACKAGING,LDPE,MULTI LAYER,3,TERNATE,NORTH MALUKU,2023-09-30,COAST/SHORELINE
OREO,DONGSUH FOODS,FOOD PACKAGING,LDPE,MULTI LAYER,1,TERNATE,NORTH MALUKU,2023-09-30,COAST/SHORELINE
UNKNOWN,UNBRANDED,FOOD PACKAGING,PET,SINGLE LAYER,1,TERNATE,NORTH MALUKU,2023-09-30,COAST/SHORELINE
AIR MINERAL WAISERI,UNKNOWN,FOOD PACKAGING,HDPE,SINGLE LAYER,1,TERNATE,NORTH MALUKU,2023-09-30,COAST/SHORELINE
SUPERCO,KHONG GUAN,FOOD PACKAGING,LDPE,MULTI LAYER,1,TERNATE,NORTH MALUKU,2023-09-30,COAST/SHORELINE
NABATI,NABATI GROUP.,FOOD PACKAGING,LDPE,MULTI LAYER,2,TERNATE,NORTH MALUKU,2023-09-30,COAST/SHORELINE
POPOK,UNKNOWN,PERSONAL CARE,OTHERS,MULTI LAYER,59,TERNATE,NORTH MALUKU,2023-09-30,COAST/SHORELINE
HNI ZAITUN,PT HALAL NETWORK INTERNATIONAL HERBA PENAWAR ALWAHIDA INDONESIA,HOUSEHOLD PRODUCT,PVC,SINGLE LAYER,1,TERNATE,NORTH MALUKU,2023-09-30,COAST/SHORELINE
SURYA,GUDANG GARAM TBK.,SMOKING MATERIAL,OTHERS,MULTI LAYER,2,TERNATE,NORTH MALUKU,2023-09-30,COAST/SHORELINE
HOT HOT,BRONSON PRIMA INDUSTRI,FOOD PACKAGING,LDPE,MULTI LAYER,4,TERNATE,NORTH MALUKU,2023-09-30,COAST/SHORELINE
ROKOK WARUNG KOPI,PT VICTORY SUPRA SIGARET,SMOKING MATERIAL,OTHERS,MULTI LAYER,1,TERNATE,NORTH MALUKU,2023-09-30,COAST/SHORELINE
TEH PUCUK,MAYORA INDAH,FOOD PACKAGING,PET,SINGLE LAYER,23,TERNATE,NORTH MALUKU,2023-09-30,COAST/SHORELINE
TEH PUCUK,MAYORA INDAH,FOOD PACKAGING,PP,SINGLE LAYER,15,TERNATE,NORTH MALUKU,2023-09-30,COAST/SHORELINE
TEH PUCUK,MAYORA INDAH,FOOD PACKAGING,PP,SINGLE LAYER,19,TERNATE,NORTH MALUKU,2023-09-30,COAST/SHORELINE
CLEO,TANOBEL FOOD,FOOD PACKAGING,PET,SINGLE LAYER,9,TERNATE,NORTH MALUKU,2023-09-30,COAST/SHORELINE
CLEO,TANOBEL FOOD,FOOD PACKAGING,PP,SINGLE LAYER,7,TERNATE,NORTH MALUKU,2023-09-30,COAST/SHORELINE
CLEO,TANOBEL FOOD,FOOD PACKAGING,LDPE,SINGLE LAYER,7,TERNATE,NORTH MALUKU,2023-09-30,COAST/SHORELINE
MILKU,WINGS,FOOD PACKAGING,PET,SINGLE LAYER,4,TERNATE,NORTH MALUKU,2023-09-30,COAST/SHORELINE
MILKU,WINGS,FOOD PACKAGING,PP,SINGLE LAYER,4,TERNATE,NORTH MALUKU,2023-09-30,COAST/SHORELINE
MILKU,WINGS,FOOD PACKAGING,LDPE,SINGLE LAYER,4,TERNATE,NORTH MALUKU,2023-09-30,COAST/SHORELINE
AKE,CV.AKE ABADI,FOOD PACKAGING,PP,SINGLE LAYER,5,TERNATE,NORTH MALUKU,2023-09-30,COAST/SHORELINE
ULTRAMILK,ULTRAJAYA,FOOD PACKAGING,OTHERS,MULTI LAYER,1,TERNATE,NORTH MALUKU,2023-09-30,COAST/SHORELINE
DAG,UNKNOWN,FOOD PACKAGING,PP,SINGLE LAYER,24,TERNATE,NORTH MALUKU,2023-09-30,COAST/SHORELINE
DAG,UNKNOWN,FOOD PACKAGING,LDPE,SINGLE LAYER,24,TERNATE,NORTH MALUKU,2023-09-30,COAST/SHORELINE
FANTA,THE COCA-COLA COMPANY,FOOD PACKAGING,PET,SINGLE LAYER,2,TERNATE,NORTH MALUKU,2023-09-30,COAST/SHORELINE
COCA COLA,THE COCA-COLA COMPANY,FOOD PACKAGING,PET,SINGLE LAYER,3,TERNATE,NORTH MALUKU,2023-09-30,COAST/SHORELINE
COCA COLA,THE COCA-COLA COMPANY,FOOD PACKAGING,PP,SINGLE LAYER,4,TERNATE,NORTH MALUKU,2023-09-30,COAST/SHORELINE
NATUR E,PT DARYA VARIA LABORATORIA TBK,PERSONAL CARE,PP,SINGLE LAYER,1,TERNATE,NORTH MALUKU,2023-09-30,COAST/SHORELINE
NATUR E,PT DARYA VARIA LABORATORIA TBK,PERSONAL CARE,PET,SINGLE LAYER,1,TERNATE,NORTH MALUKU,2023-09-30,COAST/SHORELINE
NATUR E,PT DARYA VARIA LABORATORIA TBK,PERSONAL CARE,LDPE,SINGLE LAYER,1,TERNATE,NORTH MALUKU,2023-09-30,COAST/SHORELINE
UNKNOWN,UNBRANDED,HOUSEHOLD PRODUCT,HDPE,SINGLE LAYER,1,TERNATE,NORTH MALUKU,2023-09-30,COAST/SHORELINE
ADEM SARI,SARI ENESIS INDAH,FOOD PACKAGING,PET,SINGLE LAYER,1,TERNATE,NORTH MALUKU,2023-09-30,COAST/SHORELINE
ADEM SARI,SARI ENESIS INDAH,FOOD PACKAGING,LDPE,SINGLE LAYER,1,TERNATE,NORTH MALUKU,2023-09-30,COAST/SHORELINE
ADEM SARI,SARI ENESIS INDAH,FOOD PACKAGING,PP,SINGLE LAYER,1,TERNATE,NORTH MALUKU,2023-09-30,COAST/SHORELINE
ZWITSAL,UNILEVER,HOUSEHOLD PRODUCT,HDPE,SINGLE LAYER,1,TERNATE,NORTH MALUKU,2023-09-30,COAST/SHORELINE
ZWITSAL,UNILEVER,HOUSEHOLD PRODUCT,LDPE,SINGLE LAYER,2,TERNATE,NORTH MALUKU,2023-09-30,COAST/SHORELINE
TEH GELAS,ORANG TUA,FOOD PACKAGING,PET,SINGLE LAYER,5,TERNATE,NORTH MALUKU,2023-09-30,COAST/SHORELINE
TEH GELAS,ORANG TUA,PACKAGING MATERIAL,LDPE,SINGLE LAYER,4,TERNATE,NORTH MALUKU,2023-09-30,COAST/SHORELINE
POCARI SWEAT,OTSUKA,FOOD PACKAGING,PET,SINGLE LAYER,6,TERNATE,NORTH MALUKU,2023-09-30,COAST/SHORELINE
POCARI SWEAT,OTSUKA,FOOD PACKAGING,PP,SINGLE LAYER,7,TERNATE,NORTH MALUKU,2023-09-30,COAST/SHORELINE
POCARI SWEAT,OTSUKA,PACKAGING MATERIAL,LDPE,SINGLE LAYER,3,TERNATE,NORTH MALUKU,2023-09-30,COAST/SHORELINE
LE MINERALE,MAYORA INDAH,FOOD PACKAGING,PET,SINGLE LAYER,61,TERNATE,NORTH MALUKU,2023-09-30,COAST/SHORELINE
LE MINERALE,MAYORA INDAH,FOOD PACKAGING,LDPE,SINGLE LAYER,32,TERNATE,NORTH MALUKU,2023-09-30,COAST/SHORELINE
LE MINERALE,MAYORA INDAH,FOOD PACKAGING,PP,SINGLE LAYER,38,TERNATE,NORTH MALUKU,2023-09-30,COAST/SHORELINE
AQUA,DANONE,FOOD PACKAGING,PET,SINGLE LAYER,19,TERNATE,NORTH MALUKU,2023-09-30,COAST/SHORELINE
AQUA,DANONE,PACKAGING MATERIAL,LDPE,SINGLE LAYER,6,TERNATE,NORTH MALUKU,2023-09-30,COAST/SHORELINE
AQUA,DANONE,FOOD PACKAGING,PP,SINGLE LAYER,20,TERNATE,NORTH MALUKU,2023-09-30,COAST/SHORELINE
PRIMA MINERAL,PT SINAR SOSRO,FOOD PACKAGING,PET,SINGLE LAYER,1,TERNATE,NORTH MALUKU,2023-09-30,COAST/SHORELINE
PRIMA MINERAL,PT SINAR SOSRO,FOOD PACKAGING,PP,SINGLE LAYER,1,TERNATE,NORTH MALUKU,2023-09-30,COAST/SHORELINE
PRIMA MINERAL,PT SINAR SOSRO,PACKAGING MATERIAL,LDPE,SINGLE LAYER,1,TERNATE,NORTH MALUKU,2023-09-30,COAST/SHORELINE
DAG,UNKNOWN,FOOD PACKAGING,PP,SINGLE LAYER,62,TERNATE,NORTH MALUKU,2023-09-30,COAST/SHORELINE
DAG,UNKNOWN,PACKAGING MATERIAL,LDPE,SINGLE LAYER,57,TERNATE,NORTH MALUKU,2023-09-30,COAST/SHORELINE
DAG,UNKNOWN,FOOD PACKAGING,OTHERS,SINGLE LAYER,24,TERNATE,NORTH MALUKU,2023-09-30,COAST/SHORELINE
ALE ALE,TIRTA ALAM,FOOD PACKAGING,PP,SINGLE LAYER,2,TERNATE,NORTH MALUKU,2023-09-30,COAST/SHORELINE
ALE ALE,TIRTA ALAM,PACKAGING MATERIAL,LDPE,SINGLE LAYER,2,TERNATE,NORTH MALUKU,2023-09-30,COAST/SHORELINE
FLORIDINA,WINGS INDONESIA,FOOD PACKAGING,PP,SINGLE LAYER,3,TERNATE,NORTH MALUKU,2023-09-30,COAST/SHORELINE
FLORIDINA,WINGS INDONESIA,PACKAGING MATERIAL,LDPE,SINGLE LAYER,3,TERNATE,NORTH MALUKU,2023-09-30,COAST/SHORELINE
UNKNOWN,UNBRANDED,FOOD PACKAGING,PET,SINGLE LAYER,51,TERNATE,NORTH MALUKU,2023-09-30,COAST/SHORELINE
UNKNOWN,UNBRANDED,PACKAGING MATERIAL,LDPE,SINGLE LAYER,5,TERNATE,NORTH MALUKU,2023-09-30,COAST/SHORELINE
DAG,UNKNOWN,FOOD PACKAGING,PET,SINGLE LAYER,37,TERNATE,NORTH MALUKU,2023-09-30,COAST/SHORELINE
DAG,UNKNOWN,PACKAGING MATERIAL,LDPE,SINGLE LAYER,38,TERNATE,NORTH MALUKU,2023-09-30,COAST/SHORELINE
AYUDES,CV. ABADI 3 MANDIRI,FOOD PACKAGING,PP,SINGLE LAYER,1,TERNATE,NORTH MALUKU,2023-09-30,COAST/SHORELINE
AYUDES,CV. ABADI 3 MANDIRI,PACKAGING MATERIAL,LDPE,SINGLE LAYER,1,TERNATE,NORTH MALUKU,2023-09-30,COAST/SHORELINE
CIMORY,MOUNTAIN DAIRY,FOOD PACKAGING,PET,SINGLE LAYER,1,TERNATE,NORTH MALUKU,2023-09-30,COAST/SHORELINE
CIMORY,MOUNTAIN DAIRY,PACKAGING MATERIAL,LDPE,SINGLE LAYER,1,TERNATE,NORTH MALUKU,2023-09-30,COAST/SHORELINE
UNKNOWN,UNBRANDED,FOOD PACKAGING,PET,SINGLE LAYER,42,TERNATE,NORTH MALUKU,2023-09-30,COAST/SHORELINE
ASEGAR,ASEGAR MURNI JAYA,FOOD PACKAGING,PP,SINGLE LAYER,1,TERNATE,NORTH MALUKU,2023-09-30,COAST/SHORELINE
AWESOME,UNKNOWN,FOOD PACKAGING,PP,SINGLE LAYER,1,TERNATE,NORTH MALUKU,2023-09-30,COAST/SHORELINE
ICHITAN,ICHITAN GROUP,FOOD PACKAGING,PP,SINGLE LAYER,1,TERNATE,NORTH MALUKU,2023-09-30,COAST/SHORELINE
GREEN TEA,UNKNOWN,FOOD PACKAGING,PP,SINGLE LAYER,1,TERNATE,NORTH MALUKU,2023-09-30,COAST/SHORELINE
UNKNOWN,UNBRANDED,FOOD PACKAGING,PP,SINGLE LAYER,17,TERNATE,NORTH MALUKU,2023-09-30,COAST/SHORELINE
UNKNOWN,UNBRANDED,FOOD PACKAGING,PP,SINGLE LAYER,4,TERNATE,NORTH MALUKU,2023-09-30,COAST/SHORELINE
TEH GELAS,ORANG TUA,FOOD PACKAGING,PET,SINGLE LAYER,20,TERNATE,NORTH MALUKU,2023-09-30,COAST/SHORELINE
TEH GELAS,ORANG TUA,PACKAGING MATERIAL,LDPE,SINGLE LAYER,20,TERNATE,NORTH MALUKU,2023-09-30,COAST/SHORELINE
FLOW,PT SUMBER BENING LESTARI,FOOD PACKAGING,PET,SINGLE LAYER,10,TERNATE,NORTH MALUKU,2023-09-30,COAST/SHORELINE
FLOW,PT SUMBER BENING LESTARI,PACKAGING MATERIAL,LDPE,SINGLE LAYER,10,TERNATE,NORTH MALUKU,2023-09-30,COAST/SHORELINE
MINYAKITA,APICAL GROUP,FOOD PACKAGING,PET,SINGLE LAYER,4,TERNATE,NORTH MALUKU,2023-09-30,COAST/SHORELINE
MINYAKITA,APICAL GROUP,PACKAGING MATERIAL,LDPE,SINGLE LAYER,3,TERNATE,NORTH MALUKU,2023-09-30,COAST/SHORELINE
MINYAKITA,APICAL GROUP,FOOD PACKAGING,PP,SINGLE LAYER,3,TERNATE,NORTH MALUKU,2023-09-30,COAST/SHORELINE
OKKY JELLY DRINK,TUDUNG GROUP,FOOD PACKAGING,PET,SINGLE LAYER,15,TERNATE,NORTH MALUKU,2023-09-30,COAST/SHORELINE
OKKY JELLY DRINK,TUDUNG GROUP,PACKAGING MATERIAL,LDPE,SINGLE LAYER,4,TERNATE,NORTH MALUKU,2023-09-30,COAST/SHORELINE
AJM,UNKNOWN,FOOD PACKAGING,PET,SINGLE LAYER,5,TERNATE,NORTH MALUKU,2023-09-30,COAST/SHORELINE
AJM,UNKNOWN,PACKAGING MATERIAL,LDPE,SINGLE LAYER,6,TERNATE,NORTH MALUKU,2023-09-30,COAST/SHORELINE
VIT,TIRTA INVESTAMA,FOOD PACKAGING,PET,SINGLE LAYER,4,TERNATE,NORTH MALUKU,2023-09-30,COAST/SHORELINE
VIT,TIRTA INVESTAMA,PACKAGING MATERIAL,LDPE,SINGLE LAYER,4,TERNATE,NORTH MALUKU,2023-09-30,COAST/SHORELINE
FRUIT TEA,SINAR SOSRO,FOOD PACKAGING,PET,SINGLE LAYER,3,TERNATE,NORTH MALUKU,2023-09-30,COAST/SHORELINE
FRUIT TEA,SINAR SOSRO,PACKAGING MATERIAL,LDPE,SINGLE LAYER,3,TERNATE,NORTH MALUKU,2023-09-30,COAST/SHORELINE
FRUIT TEA,SINAR SOSRO,FOOD PACKAGING,PP,SINGLE LAYER,3,TERNATE,NORTH MALUKU,2023-09-30,COAST/SHORELINE
FRESTEA,THE COCA-COLA COMPANY,FOOD PACKAGING,PET,SINGLE LAYER,2,TERNATE,NORTH MALUKU,2023-09-30,COAST/SHORELINE
FRESTEA,THE COCA-COLA COMPANY,PACKAGING MATERIAL,LDPE,SINGLE LAYER,2,TERNATE,NORTH MALUKU,2023-09-30,COAST/SHORELINE
FRESTEA,THE COCA-COLA COMPANY,FOOD PACKAGING,PP,SINGLE LAYER,2,TERNATE,NORTH MALUKU,2023-09-30,COAST/SHORELINE
MAULKHAIRAT,UNKNOWN,FOOD PACKAGING,PET,SINGLE LAYER,5,TERNATE,NORTH MALUKU,2023-09-30,COAST/SHORELINE
MAULKHAIRAT,UNKNOWN,PACKAGING MATERIAL,LDPE,SINGLE LAYER,5,TERNATE,NORTH MALUKU,2023-09-30,COAST/SHORELINE
CRYSTALLINE,ORANG TUA,FOOD PACKAGING,PET,SINGLE LAYER,2,TERNATE,NORTH MALUKU,2023-09-30,COAST/SHORELINE
CRYSTALLINE,ORANG TUA,PACKAGING MATERIAL,LDPE,SINGLE LAYER,2,TERNATE,NORTH MALUKU,2023-09-30,COAST/SHORELINE
DELICIOUS DRINK,UNKNOWN,FOOD PACKAGING,PET,SINGLE LAYER,3,TERNATE,NORTH MALUKU,2023-09-30,COAST/SHORELINE
DELICIOUS DRINK,UNKNOWN,PACKAGING MATERIAL,LDPE,SINGLE LAYER,3,TERNATE,NORTH MALUKU,2023-09-30,COAST/SHORELINE
GOLDA,WINGS,FOOD PACKAGING,PET,SINGLE LAYER,5,TERNATE,NORTH MALUKU,2023-09-30,COAST/SHORELINE
GOLDA,WINGS,PACKAGING MATERIAL,LDPE,SINGLE LAYER,5,TERNATE,NORTH MALUKU,2023-09-30,COAST/SHORELINE
GOLDA,WINGS,FOOD PACKAGING,PP,SINGLE LAYER,1,TERNATE,NORTH MALUKU,2023-09-30,COAST/SHORELINE
GOOD DAY COFFEE,PT SANTOS JAYA ABADI,FOOD PACKAGING,PET,SINGLE LAYER,1,TERNATE,NORTH MALUKU,2023-09-30,COAST/SHORELINE
GOOD DAY COFFEE,PT SANTOS JAYA ABADI,PACKAGING MATERIAL,LDPE,SINGLE LAYER,1,TERNATE,NORTH MALUKU,2023-09-30,COAST/SHORELINE
GOOD DAY COFFEE,PT SANTOS JAYA ABADI,FOOD PACKAGING,PP,SINGLE LAYER,1,TERNATE,NORTH MALUKU,2023-09-30,COAST/SHORELINE
PRIMA MINERAL,PT SINAR SOSRO,FOOD PACKAGING,PET,SINGLE LAYER,1,TERNATE,NORTH MALUKU,2023-09-30,COAST/SHORELINE
PRIMA MINERAL,PT SINAR SOSRO,PACKAGING MATERIAL,LDPE,SINGLE LAYER,1,TERNATE,NORTH MALUKU,2023-09-30,COAST/SHORELINE
PRIMA MINERAL,PT SINAR SOSRO,FOOD PACKAGING,PP,SINGLE LAYER,1,TERNATE,NORTH MALUKU,2023-09-30,COAST/SHORELINE
KUSUKA,CV ARIRA PANGINDO,OTHERS,OTHERS,MULTI LAYER,1,TERNATE,NORTH MALUKU,2023-09-30,COAST/SHORELINE
GORIORIO,SIANTAR TOP,FOOD PACKAGING,OTHERS,MULTI LAYER,10,TERNATE,NORTH MALUKU,2023-09-30,COAST/SHORELINE
SARI GANDUM,MAYORA INDAH,FOOD PACKAGING,OTHERS,MULTI LAYER,1,TERNATE,NORTH MALUKU,2023-09-30,COAST/SHORELINE
ROKOK CHIEF,UNKNOWN,SMOKING MATERIAL,OTHERS,MULTI LAYER,3,TERNATE,NORTH MALUKU,2023-09-30,COAST/SHORELINE
NABATI,NABATI GROUP.,FOOD PACKAGING,OTHERS,MULTI LAYER,3,TERNATE,NORTH MALUKU,2023-09-30,COAST/SHORELINE
OVALTINE,ABF,FOOD PACKAGING,OTHERS,MULTI LAYER,1,TERNATE,NORTH MALUKU,2023-09-30,COAST/SHORELINE
KOPIKO,MAYORA INDAH,FOOD PACKAGING,OTHERS,MULTI LAYER,5,TERNATE,NORTH MALUKU,2023-09-30,COAST/SHORELINE
JASJUS,WINGS,FOOD PACKAGING,OTHERS,MULTI LAYER,6,TERNATE,NORTH MALUKU,2023-09-30,COAST/SHORELINE
EXTRA JOSS,BINTANG TOEDJOE,FOOD PACKAGING,OTHERS,MULTI LAYER,5,TERNATE,NORTH MALUKU,2023-09-30,COAST/SHORELINE
KOPI ABC,SANTOS JAYA ABADI,FOOD PACKAGING,OTHERS,MULTI LAYER,2,TERNATE,NORTH MALUKU,2023-09-30,COAST/SHORELINE
MADURASA,MADURASA UNGGULAN NUSANTARA,FOOD PACKAGING,OTHERS,SINGLE LAYER,1,TERNATE,NORTH MALUKU,2023-09-30,COAST/SHORELINE
UNKNOWN,UNBRANDED,HOUSEHOLD PRODUCT,OTHERS,SINGLE LAYER,5,TERNATE,NORTH MALUKU,2023-09-30,COAST/SHORELINE
BIG BABOL,PERFETTI VAN MELLE,FOOD PACKAGING,OTHERS,MULTI LAYER,3,TERNATE,NORTH MALUKU,2023-09-30,COAST/SHORELINE
KUKU BIMA,SIDO MUNCUL,FOOD PACKAGING,OTHERS,MULTI LAYER,4,TERNATE,NORTH MALUKU,2023-09-30,COAST/SHORELINE
DJI SAM SOE,"HM SAMPOERNA, TBK",SMOKING MATERIAL,OTHERS,SINGLE LAYER,2,TERNATE,NORTH MALUKU,2023-09-30,COAST/SHORELINE
DAG,UNKNOWN,FOOD PACKAGING,PP,SINGLE LAYER,3,TERNATE,NORTH MALUKU,2023-09-30,COAST/SHORELINE
DAG,UNKNOWN,SMOKING MATERIAL,PP,SINGLE LAYER,20,TERNATE,NORTH MALUKU,2023-09-30,COAST/SHORELINE
DAG,UNKNOWN,FOOD PACKAGING,PP,SINGLE LAYER,3,TERNATE,NORTH MALUKU,2023-09-30,COAST/SHORELINE
CHOCOLATOS,GARUDA FOOD,FOOD PACKAGING,OTHERS,MULTI LAYER,1,TERNATE,NORTH MALUKU,2023-09-30,COAST/SHORELINE
SURYA,GUDANG GARAM TBK.,SMOKING MATERIAL,OTHERS,MULTI LAYER,20,TERNATE,NORTH MALUKU,2023-09-30,COAST/SHORELINE
FRISIAN FLAG,FRIESLANDCAMPINA,FOOD PACKAGING,OTHERS,MULTI LAYER,1,TERNATE,NORTH MALUKU,2023-09-30,COAST/SHORELINE
2 ANAK PINTAR,UNKNOWN,FOOD PACKAGING,OTHERS,SINGLE LAYER,1,TERNATE,NORTH MALUKU,2023-09-30,COAST/SHORELINE
KENMASTER,UNKNOWN,OTHERS,OTHERS,UNSURE,6,TERNATE,NORTH MALUKU,2023-09-30,COAST/SHORELINE
MOLTO,UNILEVER,PERSONAL CARE,OTHERS,MULTI LAYER,4,TERNATE,NORTH MALUKU,2023-09-30,COAST/SHORELINE
RELAXA,AGEL LANGGENG,FOOD PACKAGING,OTHERS,MULTI LAYER,2,TERNATE,NORTH MALUKU,2023-09-30,COAST/SHORELINE
KIKO,PANDARIA MAKMUR (KIKO FACT),FOOD PACKAGING,OTHERS,SINGLE LAYER,13,TERNATE,NORTH MALUKU,2023-09-30,COAST/SHORELINE
HEMAVITON,TEMPO SCAN PACIFIC,FOOD PACKAGING,OTHERS,MULTI LAYER,1,TERNATE,NORTH MALUKU,2023-09-30,COAST/SHORELINE
MAMY POKO,UNICHARM,PERSONAL CARE,OTHERS,MULTI LAYER,1,TERNATE,NORTH MALUKU,2023-09-30,COAST/SHORELINE
MAMASUKA,UNKNOWN,FOOD PACKAGING,OTHERS,MULTI LAYER,1,TERNATE,NORTH MALUKU,2023-09-30,COAST/SHORELINE
REXONA,UNILEVER,PERSONAL CARE,OTHERS,MULTI LAYER,1,TERNATE,NORTH MALUKU,2023-09-30,COAST/SHORELINE
DAIA,WINGS,PERSONAL CARE,OTHERS,SINGLE LAYER,1,TERNATE,NORTH MALUKU,2023-09-30,COAST/SHORELINE
ALPENLIEBE,PERFETTI VAN MELLE,FOOD PACKAGING,OTHERS,MULTI LAYER,2,TERNATE,NORTH MALUKU,2023-09-30,COAST/SHORELINE
MENTOS,PERFETTI VAN MELLE,FOOD PACKAGING,OTHERS,SINGLE LAYER,4,TERNATE,NORTH MALUKU,2023-09-30,COAST/SHORELINE
TERASI UDANG,UNKNOWN,FOOD PACKAGING,OTHERS,MULTI LAYER,1,TERNATE,NORTH MALUKU,2023-09-30,COAST/SHORELINE
TORABIKA,MAYORA INDAH,FOOD PACKAGING,OTHERS,SINGLE LAYER,1,TERNATE,NORTH MALUKU,2023-09-30,COAST/SHORELINE
UNKNOWN,UNBRANDED,FOOD PACKAGING,OTHERS,SINGLE LAYER,3,TERNATE,NORTH MALUKU,2023-09-30,COAST/SHORELINE
NEXTAR,NABATI,FOOD PACKAGING,OTHERS,MULTI LAYER,1,TERNATE,NORTH MALUKU,2023-09-30,COAST/SHORELINE
FRENTA,KINO,FOOD PACKAGING,OTHERS,MULTI LAYER,1,TERNATE,NORTH MALUKU,2023-09-30,COAST/SHORELINE
GABIN,UNKNOWN,FOOD PACKAGING,OTHERS,MULTI LAYER,1,TERNATE,NORTH MALUKU,2023-09-30,COAST/SHORELINE
UNKNOWN,UNBRANDED,FOOD PACKAGING,OTHERS,SINGLE LAYER,35,TERNATE,NORTH MALUKU,2023-09-30,COAST/SHORELINE
AMPICLIN,UNKNOWN,PERSONAL CARE,OTHERS,MULTI LAYER,1,TERNATE,NORTH MALUKU,2023-09-30,COAST/SHORELINE
ROYCO,CAMPBELL SOUP COMPANY,FOOD PACKAGING,OTHERS,MULTI LAYER,1,TERNATE,NORTH MALUKU,2023-09-30,COAST/SHORELINE
INDOMILK,INDOFOOD,FOOD PACKAGING,OTHERS,MULTI LAYER,1,TERNATE,NORTH MALUKU,2023-09-30,COAST/SHORELINE
O'JOY,PT AMERTA INDAH OTSUKA,FOOD PACKAGING,OTHERS,MULTI LAYER,1,TERNATE,NORTH MALUKU,2023-09-30,COAST/SHORELINE
ARDEN,MAYORA INDAH,FOOD PACKAGING,OTHERS,MULTI LAYER,1,TERNATE,NORTH MALUKU,2023-09-30,COAST/SHORELINE
CLEAR,UNILEVER,PERSONAL CARE,OTHERS,SINGLE LAYER,1,TERNATE,NORTH MALUKU,2023-09-30,COAST/SHORELINE
LE MINERALE,MAYORA INDAH,FOOD PACKAGING,OTHERS,SINGLE LAYER,1,TERNATE,NORTH MALUKU,2023-09-30,COAST/SHORELINE
TUPPERWARE,TUPPERWARE INDIA PVT. LTD.,FOOD PACKAGING,LDPE,SINGLE LAYER,1,TERNATE,NORTH MALUKU,2023-09-30,COAST/SHORELINE
YEYE,UD ACP SURABAYA,HOUSEHOLD PRODUCT,PVC,UNSURE,2,TERNATE,NORTH MALUKU,2023-09-30,COAST/SHORELINE
PORTO,UNKNOWN,HOUSEHOLD PRODUCT,PVC,UNSURE,5,TERNATE,NORTH MALUKU,2023-09-30,COAST/SHORELINE
MARKERIS,UNKNOWN,HOUSEHOLD PRODUCT,PVC,UNSURE,1,TERNATE,NORTH MALUKU,2023-09-30,COAST/SHORELINE
UNKNOWN,UNBRANDED,HOUSEHOLD PRODUCT,PVC,SINGLE LAYER,4,TERNATE,NORTH MALUKU,2023-09-30,COAST/SHORELINE
UNKNOWN,UNBRANDED,FOOD PACKAGING,PET,SINGLE LAYER,26,TERNATE,NORTH MALUKU,2023-09-30,COAST/SHORELINE
VASELINE,UNILEVER,FOOD PACKAGING,PP,SINGLE LAYER,1,TERNATE,NORTH MALUKU,2023-09-30,COAST/SHORELINE
VASELINE,UNILEVER,PERSONAL CARE,HDPE,MULTI LAYER,1,TERNATE,NORTH MALUKU,2023-09-30,COAST/SHORELINE
UNKNOWN,UNBRANDED,HOUSEHOLD PRODUCT,PVC,SINGLE LAYER,1,TERNATE,NORTH MALUKU,2023-09-30,COAST/SHORELINE
CALADINE,UNKNOWN,FOOD PACKAGING,PP,SINGLE LAYER,1,TERNATE,NORTH MALUKU,2023-09-30,COAST/SHORELINE
CALADINE,UNKNOWN,PERSONAL CARE,HDPE,SINGLE LAYER,1,TERNATE,NORTH MALUKU,2023-09-30,COAST/SHORELINE
SCION,UNKNOWN,PERSONAL CARE,HDPE,SINGLE LAYER,1,TERNATE,NORTH MALUKU,2023-09-30,COAST/SHORELINE
REXONA,UNILEVER,HOUSEHOLD PRODUCT,HDPE,SINGLE LAYER,1,TERNATE,NORTH MALUKU,2023-09-30,COAST/SHORELINE
UNKNOWN,UNBRANDED,HOUSEHOLD PRODUCT,PVC,SINGLE LAYER,2,TERNATE,NORTH MALUKU,2023-09-30,COAST/SHORELINE
UNKNOWN,UNBRANDED,HOUSEHOLD PRODUCT,PVC,SINGLE LAYER,1,TERNATE,NORTH MALUKU,2023-09-30,COAST/SHORELINE
UNKNOWN,UNBRANDED,HOUSEHOLD PRODUCT,PVC,SINGLE LAYER,1,TERNATE,NORTH MALUKU,2023-09-30,COAST/SHORELINE
UNKNOWN,UNBRANDED,HOUSEHOLD PRODUCT,PVC,UNSURE,1,TERNATE,NORTH MALUKU,2023-09-30,COAST/SHORELINE
UNKNOWN,UNBRANDED,SMOKING MATERIAL,PVC,SINGLE LAYER,1,TERNATE,NORTH MALUKU,2023-09-30,COAST/SHORELINE
UNKNOWN,UNBRANDED,PERSONAL CARE,HDPE,SINGLE LAYER,1,TERNATE,NORTH MALUKU,2023-09-30,COAST/SHORELINE
UNKNOWN,UNBRANDED,HOUSEHOLD PRODUCT,PVC,UNSURE,1,TERNATE,NORTH MALUKU,2023-09-30,COAST/SHORELINE
KENMASTER,UNKNOWN,PACKAGING MATERIAL,LDPE,SINGLE LAYER,2,TERNATE,NORTH MALUKU,2023-09-30,COAST/SHORELINE
TEH PUCUK,MAYORA INDAH,FOOD PACKAGING,HDPE,SINGLE LAYER,1,TERNATE,NORTH MALUKU,2023-09-30,COAST/SHORELINE
TEH PUCUK,MAYORA INDAH,FOOD PACKAGING,PET,SINGLE LAYER,0,TERNATE,NORTH MALUKU,2023-09-30,COAST/SHORELINE
TEH PUCUK,MAYORA INDAH,FOOD PACKAGING,LDPE,SINGLE LAYER,0,TERNATE,NORTH MALUKU,2023-09-30,COAST/SHORELINE
MINYAKITA,APICAL GROUP,FOOD PACKAGING,HDPE,MULTI LAYER,1,TERNATE,NORTH MALUKU,2023-09-30,COAST/SHORELINE
UNKNOWN,UNBRANDED,FOOD PACKAGING,PP,SINGLE LAYER,1,TERNATE,NORTH MALUKU,2023-09-30,COAST/SHORELINE
UNKNOWN,UNBRANDED,FOOD PACKAGING,PP,SINGLE LAYER,1,TERNATE,NORTH MALUKU,2023-09-30,COAST/SHORELINE
UNKNOWN,UNBRANDED,FOOD PACKAGING,PP,SINGLE LAYER,0,TERNATE,NORTH MALUKU,2023-09-30,COAST/SHORELINE
UNKNOWN,UNBRANDED,FOOD PACKAGING,LDPE,MULTI LAYER,0,TERNATE,NORTH MALUKU,2023-09-30,COAST/SHORELINE
UNKNOWN,UNBRANDED,FOOD PACKAGING,PS,SINGLE LAYER,0,TERNATE,NORTH MALUKU,2023-09-30,COAST/SHORELINE
UNKNOWN,UNBRANDED,HOUSEHOLD PRODUCT,PS,SINGLE LAYER,1,TERNATE,NORTH MALUKU,2023-09-30,COAST/SHORELINE
TEH GELAS,ORANG TUA,FOOD PACKAGING,PP,SINGLE LAYER,1,TERNATE,NORTH MALUKU,2023-09-30,COAST/SHORELINE
TEH GELAS,ORANG TUA,FOOD PACKAGING,LDPE,MULTI LAYER,0,TERNATE,NORTH MALUKU,2023-09-30,COAST/SHORELINE
SWALLOW,SINAR JAYA PERKASA,HOUSEHOLD PRODUCT,OTHERS,UNSURE,1,TERNATE,NORTH MALUKU,2023-09-30,COAST/SHORELINE
UNKNOWN,UNBRANDED,FISHING GEAR,PVC,UNSURE,1,TERNATE,NORTH MALUKU,2023-09-30,COAST/SHORELINE
UNKNOWN,UNBRANDED,FOOD PACKAGING,PP,SINGLE LAYER,1,TERNATE,NORTH MALUKU,2023-09-30,COAST/SHORELINE
UNKNOWN,UNBRANDED,HOUSEHOLD PRODUCT,PS,SINGLE LAYER,1,TERNATE,NORTH MALUKU,2023-09-30,COAST/SHORELINE
PERTAMINA OIL,PERTAMINA,HOUSEHOLD PRODUCT,HDPE,MULTI LAYER,11,TERNATE,NORTH MALUKU,2023-09-30,COAST/SHORELINE
POP MIE,INDOFOOD,FOOD PACKAGING,PS,UNSURE,3,TERNATE,NORTH MALUKU,2023-09-30,COAST/SHORELINE
POP MIE,INDOFOOD,PACKAGING MATERIAL,LDPE,MULTI LAYER,1,TERNATE,NORTH MALUKU,2023-09-30,COAST/SHORELINE
UNKNOWN,UNBRANDED,FOOD PACKAGING,PS,UNSURE,2,TERNATE,NORTH MALUKU,2023-09-30,COAST/SHORELINE
JUMBO,UNBRANDED,HOUSEHOLD PRODUCT,HDPE,SINGLE LAYER,1,TERNATE,NORTH MALUKU,2023-09-30,COAST/SHORELINE
JUMBO,UNBRANDED,HOUSEHOLD PRODUCT,HDPE,SINGLE LAYER,1,TERNATE,NORTH MALUKU,2023-09-30,COAST/SHORELINE
UNKNOWN,UNBRANDED,FOOD PACKAGING,PP,UNSURE,2,TERNATE,NORTH MALUKU,2023-09-30,COAST/SHORELINE
ROKOK NATION BOLD,UNKNOWN,SMOKING MATERIAL,OTHERS,MULTI LAYER,1,TERNATE,NORTH MALUKU,2023-09-30,COAST/SHORELINE
UNKNOWN,UNBRANDED,HOUSEHOLD PRODUCT,PVC,SINGLE LAYER,1,TERNATE,NORTH MALUKU,2023-09-30,COAST/SHORELINE
UNKNOWN,UNBRANDED,SMOKING MATERIAL,OTHERS,SINGLE LAYER,16,TERNATE,NORTH MALUKU,2023-09-30,COAST/SHORELINE
OREO,DONGSUH FOODS,FOOD PACKAGING,PP,SINGLE LAYER,1,TERNATE,NORTH MALUKU,2023-09-30,COAST/SHORELINE
OREO,DONGSUH FOODS,PACKAGING MATERIAL,LDPE,SINGLE LAYER,1,TERNATE,NORTH MALUKU,2023-09-30,COAST/SHORELINE
JERIGEN MINYAK,UNKNOWN,HOUSEHOLD PRODUCT,HDPE,UNSURE,2,TERNATE,NORTH MALUKU,2023-09-30,COAST/SHORELINE
ABC SYRUP,PT HEINZ ABC INDONESIA,FOOD PACKAGING,HDPE,SINGLE LAYER,2,TERNATE,NORTH MALUKU,2023-09-30,COAST/SHORELINE
UNKNOWN,UNBRANDED,FOOD PACKAGING,PP,SINGLE LAYER,1,TERNATE,NORTH MALUKU,2023-09-30,COAST/SHORELINE
UNKNOWN,UNBRANDED,HOUSEHOLD PRODUCT,LDPE,SINGLE LAYER,1,TERNATE,NORTH MALUKU,2023-09-30,COAST/SHORELINE
UNKNOWN,UNBRANDED,HOUSEHOLD PRODUCT,PVC,SINGLE LAYER,1,TERNATE,NORTH MALUKU,2023-09-30,COAST/SHORELINE
PERTAMINA OIL,PERTAMINA,HOUSEHOLD PRODUCT,PP,SINGLE LAYER,6,TERNATE,NORTH MALUKU,2023-09-30,COAST/SHORELINE
UNKNOWN,UNBRANDED,HOUSEHOLD PRODUCT,PVC,SINGLE LAYER,1,TERNATE,NORTH MALUKU,2023-09-30,COAST/SHORELINE
DAG,UNKNOWN,FOOD PACKAGING,PP,UNSURE,4,TERNATE,NORTH MALUKU,2023-09-30,COAST/SHORELINE
DAG,UNKNOWN,PACKAGING MATERIAL,LDPE,SINGLE LAYER,1,TERNATE,NORTH MALUKU,2023-09-30,COAST/SHORELINE
OKKY,SUNTORY BEVERAGE & FOOD,FOOD PACKAGING,PP,UNSURE,1,TERNATE,NORTH MALUKU,2023-09-30,COAST/SHORELINE
OKKY,SUNTORY BEVERAGE & FOOD,PACKAGING MATERIAL,LDPE,SINGLE LAYER,1,TERNATE,NORTH MALUKU,2023-09-30,COAST/SHORELINE
UNKNOWN,UNBRANDED,PACKAGING MATERIAL,OTHERS,SINGLE LAYER,1,TERNATE,NORTH MALUKU,2023-09-30,COAST/SHORELINE
UNKNOWN,UNBRANDED,HOUSEHOLD PRODUCT,PVC,UNSURE,1,TERNATE,NORTH MALUKU,2023-09-30,COAST/SHORELINE
BETADINE,AVRIO HEALTH LP,PERSONAL CARE,HDPE,UNSURE,1,TERNATE,NORTH MALUKU,2023-09-30,COAST/SHORELINE
BETADINE,AVRIO HEALTH LP,PACKAGING MATERIAL,LDPE,UNSURE,1,TERNATE,NORTH MALUKU,2023-09-30,COAST/SHORELINE
UNKNOWN,UNBRANDED,FOOD PACKAGING,HDPE,UNSURE,9,TERNATE,NORTH MALUKU,2023-09-30,COAST/SHORELINE
POP MIE,INDOFOOD,FOOD PACKAGING,PP,UNSURE,1,TERNATE,NORTH MALUKU,2023-09-30,COAST/SHORELINE
LE MINERALE,MAYORA INDAH,FOOD PACKAGING,PP,UNSURE,5,TERNATE,NORTH MALUKU,2023-09-30,COAST/SHORELINE
GARNIER,L'OREAL,PERSONAL CARE,HDPE,MULTI LAYER,1,TERNATE,NORTH MALUKU,2023-09-30,COAST/SHORELINE
INDODES,UNKNOWN,FOOD PACKAGING,PET,SINGLE LAYER,1,TOBA,NORTH SUMATRA,2023-09-22,MOUNTAIN
CHOYA,"CHOYA UMESHU CO., LTD.",FOOD PACKAGING,PET,SINGLE LAYER,1,TOBA,NORTH SUMATRA,2023-09-22,MOUNTAIN
PROTIO,MUAL TIO MAJU BERSAMA,FOOD PACKAGING,PET,SINGLE LAYER,1,TOBA,NORTH SUMATRA,2023-09-22,MOUNTAIN
OTHER,UNBRANDED,FOOD PACKAGING,PS,SINGLE LAYER,10,TOBA,NORTH SUMATRA,2023-09-22,MOUNTAIN
AQUA,DANONE,FOOD PACKAGING,PET,SINGLE LAYER,15,TOBA,NORTH SUMATRA,2023-09-22,MOUNTAIN
FLORIDINA,WINGS INDONESIA,FOOD PACKAGING,PET,SINGLE LAYER,11,TOBA,NORTH SUMATRA,2023-09-22,MOUNTAIN
TEH PUCUK,MAYORA INDAH,FOOD PACKAGING,PET,SINGLE LAYER,8,TOBA,NORTH SUMATRA,2023-09-22,MOUNTAIN
CLEO,TANOBEL FOOD,FOOD PACKAGING,PET,SINGLE LAYER,5,TOBA,NORTH SUMATRA,2023-09-22,MOUNTAIN
SPRITE,THE COCA-COLA COMPANY,FOOD PACKAGING,PET,SINGLE LAYER,3,TOBA,NORTH SUMATRA,2023-09-22,MOUNTAIN
FANTA,THE COCA-COLA COMPANY,FOOD PACKAGING,PET,SINGLE LAYER,8,TOBA,NORTH SUMATRA,2023-09-22,MOUNTAIN
GOLDA,WINGS,FOOD PACKAGING,PET,SINGLE LAYER,6,TOBA,NORTH SUMATRA,2023-09-22,MOUNTAIN
MILKU,WINGS,FOOD PACKAGING,PET,SINGLE LAYER,5,TOBA,NORTH SUMATRA,2023-09-22,MOUNTAIN
NUTRIBOOST,THE COCA-COLA COMPANY,FOOD PACKAGING,PET,SINGLE LAYER,3,TOBA,NORTH SUMATRA,2023-09-22,MOUNTAIN
GOOD DAY,BRITANIA INDUSTRIES LTD.,FOOD PACKAGING,PET,SINGLE LAYER,2,TOBA,NORTH SUMATRA,2023-09-22,MOUNTAIN
FRUIT TEA,SINAR SOSRO,FOOD PACKAGING,PET,SINGLE LAYER,1,TOBA,NORTH SUMATRA,2023-09-22,MOUNTAIN
TEH BOTOL,SINAR SOSRO,FOOD PACKAGING,PET,SINGLE LAYER,1,TOBA,NORTH SUMATRA,2023-09-22,MOUNTAIN
ICHITAN,ICHITAN GROUP,FOOD PACKAGING,PET,SINGLE LAYER,3,TOBA,NORTH SUMATRA,2023-09-22,MOUNTAIN
TEBS,SINAR SOSRO,FOOD PACKAGING,PET,SINGLE LAYER,4,TOBA,NORTH SUMATRA,2023-09-22,MOUNTAIN
KOPIKO,MAYORA INDAH,FOOD PACKAGING,PET,SINGLE LAYER,1,TOBA,NORTH SUMATRA,2023-09-22,MOUNTAIN
PRIMA,IMPERIAL BRANDS,FOOD PACKAGING,PET,SINGLE LAYER,2,TOBA,NORTH SUMATRA,2023-09-22,MOUNTAIN
OTIS,UNKNOWN,FOOD PACKAGING,PET,SINGLE LAYER,1,TOBA,NORTH SUMATRA,2023-09-22,MOUNTAIN
PULPY,THE COCA-COLA COMPANY,FOOD PACKAGING,PET,SINGLE LAYER,1,TOBA,NORTH SUMATRA,2023-09-22,MOUNTAIN
TEH BOTOL,SINAR SOSRO,FOOD PACKAGING,PET,SINGLE LAYER,5,TOBA,NORTH SUMATRA,2023-09-22,MOUNTAIN
FRUIT TEA,SINAR SOSRO,FOOD PACKAGING,PET,SINGLE LAYER,2,TOBA,NORTH SUMATRA,2023-09-22,MOUNTAIN
GALDONA,UNKNOWN,FOOD PACKAGING,PET,SINGLE LAYER,3,TOBA,NORTH SUMATRA,2023-09-22,MOUNTAIN
FLORIDINA,WINGS INDONESIA,FOOD PACKAGING,PET,SINGLE LAYER,5,TOBA,NORTH SUMATRA,2023-09-22,MOUNTAIN
AQUA,DANONE,FOOD PACKAGING,PET,SINGLE LAYER,7,TOBA,NORTH SUMATRA,2023-09-22,MOUNTAIN
MILKU,WINGS,FOOD PACKAGING,PET,SINGLE LAYER,2,TOBA,NORTH SUMATRA,2023-09-22,MOUNTAIN
TEH PUCUK,MAYORA INDAH,FOOD PACKAGING,PET,SINGLE LAYER,5,TOBA,NORTH SUMATRA,2023-09-22,MOUNTAIN
FRESTEA,THE COCA-COLA COMPANY,FOOD PACKAGING,PET,SINGLE LAYER,1,TOBA,NORTH SUMATRA,2023-09-22,MOUNTAIN
POCARI,POCARI,FOOD PACKAGING,PET,SINGLE LAYER,1,TOBA,NORTH SUMATRA,2023-09-22,MOUNTAIN
FANTA,THE COCA-COLA COMPANY,FOOD PACKAGING,PET,SINGLE LAYER,3,TOBA,NORTH SUMATRA,2023-09-22,MOUNTAIN
LE MINERALE,MAYORA INDAH,FOOD PACKAGING,PET,SINGLE LAYER,2,TOBA,NORTH SUMATRA,2023-09-22,MOUNTAIN
NIPIS MADU,PT TIRTA FRESINDO JAYA (MAYORA),FOOD PACKAGING,PET,SINGLE LAYER,1,TOBA,NORTH SUMATRA,2023-09-22,MOUNTAIN
TIRTA TIO, PT MUAL TIO MAJU BERSAMA,FOOD PACKAGING,PET,SINGLE LAYER,1,TOBA,NORTH SUMATRA,2023-09-22,MOUNTAIN
KIN,THE COCA-COLA COMPANY,FOOD PACKAGING,PET,SINGLE LAYER,1,TOBA,NORTH SUMATRA,2023-09-22,MOUNTAIN
POP MIE,INDOFOOD,HOUSEHOLD PRODUCT,HDPE,SINGLE LAYER,10,TOBA,NORTH SUMATRA,2023-09-22,MOUNTAIN
YAMALUBE,UNBRANDED,FOOD PACKAGING,PET,SINGLE LAYER,1,TOBA,NORTH SUMATRA,2023-09-22,MOUNTAIN
SPRITE,THE COCA-COLA COMPANY,FOOD PACKAGING,PET,SINGLE LAYER,1,TOBA,NORTH SUMATRA,2023-09-22,MOUNTAIN
CLEO,TANOBEL FOOD,FOOD PACKAGING,PET,SINGLE LAYER,1,TOBA,NORTH SUMATRA,2023-09-22,MOUNTAIN
CIMORY,MOUNTAIN DAIRY,FOOD PACKAGING,PET,SINGLE LAYER,1,TOBA,NORTH SUMATRA,2023-09-22,MOUNTAIN
MOGU-MOGU,SAPANAN GENERAL FOOD CO.,FOOD PACKAGING,PET,SINGLE LAYER,1,TOBA,NORTH SUMATRA,2023-09-22,MOUNTAIN
TORA CAFE,TORABIKA,FOOD PACKAGING,PET,SINGLE LAYER,1,TOBA,NORTH SUMATRA,2023-09-22,MOUNTAIN
TEH PUCUK,MAYORA INDAH,FOOD PACKAGING,PP,SINGLE LAYER,9,TOBA,NORTH SUMATRA,2023-09-22,MOUNTAIN
FLORIDINA,WINGS INDONESIA,FOOD PACKAGING,PP,SINGLE LAYER,35,TOBA,NORTH SUMATRA,2023-09-22,MOUNTAIN
AQUA,DANONE,FOOD PACKAGING,PP,SINGLE LAYER,1,TOBA,NORTH SUMATRA,2023-09-22,MOUNTAIN
MOGU-MOGU,SAPANAN GENERAL FOOD CO.,FOOD PACKAGING,PP,SINGLE LAYER,12,TOBA,NORTH SUMATRA,2023-09-22,MOUNTAIN
GOLDA,WINGS,FOOD PACKAGING,PP,SINGLE LAYER,1,TOBA,NORTH SUMATRA,2023-09-22,MOUNTAIN
TORA CAFE,TORABIKA,FOOD PACKAGING,PP,SINGLE LAYER,2,TOBA,NORTH SUMATRA,2023-09-22,MOUNTAIN
MILKU,WINGS,FOOD PACKAGING,PP,SINGLE LAYER,1,TOBA,NORTH SUMATRA,2023-09-22,MOUNTAIN
POCARI,POCARI,FOOD PACKAGING,PP,SINGLE LAYER,3,TOBA,NORTH SUMATRA,2023-09-22,MOUNTAIN
CIMORY,MOUNTAIN DAIRY,FOOD PACKAGING,PP,SINGLE LAYER,1,TOBA,NORTH SUMATRA,2023-09-22,MOUNTAIN
FRUIT TEA,SINAR SOSRO,FOOD PACKAGING,PP,SINGLE LAYER,17,TOBA,NORTH SUMATRA,2023-09-22,MOUNTAIN
FANTA,THE COCA-COLA COMPANY,FOOD PACKAGING,PP,SINGLE LAYER,4,TOBA,NORTH SUMATRA,2023-09-22,MOUNTAIN
SPRITE,THE COCA-COLA COMPANY,FOOD PACKAGING,PP,SINGLE LAYER,1,TOBA,NORTH SUMATRA,2023-09-22,MOUNTAIN
LE MINERALE,MAYORA INDAH,FOOD PACKAGING,PP,SINGLE LAYER,1,TOBA,NORTH SUMATRA,2023-09-22,MOUNTAIN
CLEO,TANOBEL FOOD,FOOD PACKAGING,PP,SINGLE LAYER,2,TOBA,NORTH SUMATRA,2023-09-22,MOUNTAIN
TEH SOSRO,INDOFOOD,FOOD PACKAGING,PP,SINGLE LAYER,1,TOBA,NORTH SUMATRA,2023-09-22,MOUNTAIN
ORANG TUA,PT ORANG TUA,FOOD PACKAGING,PP,MULTI LAYER,1,TOBA,NORTH SUMATRA,2023-09-22,MOUNTAIN
COMMODORE,PT ADHITAMA SEJAHTERA ABADI,SMOKING MATERIAL,PP,MULTI LAYER,1,TOBA,NORTH SUMATRA,2023-09-22,MOUNTAIN
INDOMILK,INDOFOOD,FOOD PACKAGING,PP,MULTI LAYER,5,TOBA,NORTH SUMATRA,2023-09-22,MOUNTAIN
FRISIAN FLAG,FRIESLANDCAMPINA,FOOD PACKAGING,PP,MULTI LAYER,1,TOBA,NORTH SUMATRA,2023-09-22,MOUNTAIN
AQUA,DANONE,FOOD PACKAGING,PP,SINGLE LAYER,2,TOBA,NORTH SUMATRA,2023-09-22,MOUNTAIN
CHOYA,UNKNOWN,FOOD PACKAGING,PP,SINGLE LAYER,1,TOBA,NORTH SUMATRA,2023-09-22,MOUNTAIN
POWER F,WINGS,FOOD PACKAGING,PP,SINGLE LAYER,1,TOBA,NORTH SUMATRA,2023-09-22,MOUNTAIN
OTHER,UNBRANDED,FOOD PACKAGING,PP,SINGLE LAYER,2,TOBA,NORTH SUMATRA,2023-09-22,MOUNTAIN
CIGARETTE MAGNUM,PT HM SAMPOERNA TBK,SMOKING MATERIAL,OTHERS,MULTI LAYER,3,TOBA,NORTH SUMATRA,2023-09-22,MOUNTAIN
ESSE CHANGE,KOREA TOMORROW & GLOBAL INDONESIA,SMOKING MATERIAL,OTHERS,MULTI LAYER,1,TOBA,NORTH SUMATRA,2023-09-22,MOUNTAIN
H MILD,UNKNOWN,SMOKING MATERIAL,OTHERS,MULTI LAYER,2,TOBA,NORTH SUMATRA,2023-09-22,MOUNTAIN
SURYA,GUDANG GARAM TBK.,SMOKING MATERIAL,OTHERS,MULTI LAYER,2,TOBA,NORTH SUMATRA,2023-09-22,MOUNTAIN
EVO,WISMILAK INTI MAKMUR,SMOKING MATERIAL,OTHERS,MULTI LAYER,1,TOBA,NORTH SUMATRA,2023-09-22,MOUNTAIN
L.A,DJARUM,SMOKING MATERIAL,OTHERS,MULTI LAYER,1,TOBA,NORTH SUMATRA,2023-09-22,MOUNTAIN
CIGARETTE UNION,SUMATRA TOBACCO TRADING,SMOKING MATERIAL,OTHERS,MULTI LAYER,1,TOBA,NORTH SUMATRA,2023-09-22,MOUNTAIN
MALBORO,PHILIP MORRIS USA,SMOKING MATERIAL,OTHERS,MULTI LAYER,1,TOBA,NORTH SUMATRA,2023-09-22,MOUNTAIN
DJI SAM SOE,"HM SAMPOERNA, TBK",SMOKING MATERIAL,OTHERS,MULTI LAYER,1,TOBA,NORTH SUMATRA,2023-09-22,MOUNTAIN
SAMPOERNA,PHILIP MORRIS INTERNATIONAL,SMOKING MATERIAL,OTHERS,MULTI LAYER,8,TOBA,NORTH SUMATRA,2023-09-22,MOUNTAIN
PLASTIK,UNKNOWN,SMOKING MATERIAL,LDPE,SINGLE LAYER,3,TOBA,NORTH SUMATRA,2023-09-22,MOUNTAIN
UC 1000,DJOJONEGORO,HOUSEHOLD PRODUCT,PET,SINGLE LAYER,1,TOBA,NORTH SUMATRA,2023-09-22,MOUNTAIN
ARTIC,UNKNOWN,FOOD PACKAGING,OTHERS,SINGLE LAYER,1,TOBA,NORTH SUMATRA,2023-09-22,MOUNTAIN
KRATINGDAENG,ASIA HEALTH ENERGI BEVERAGES,OTHERS,OTHERS,SINGLE LAYER,1,TOBA,NORTH SUMATRA,2023-09-22,MOUNTAIN
NESCAFE,NESTLE,OTHERS,OTHERS,SINGLE LAYER,2,TOBA,NORTH SUMATRA,2023-09-22,MOUNTAIN
SENDOK PLASTIK,UNBRANDED,OTHERS,PS,SINGLE LAYER,24,TOBA,NORTH SUMATRA,2023-09-22,MOUNTAIN
POP MIE,INDOFOOD,FOOD PACKAGING,PS,SINGLE LAYER,12,TOBA,NORTH SUMATRA,2023-09-22,MOUNTAIN
OTHER,UNBRANDED,FOOD PACKAGING,PS,SINGLE LAYER,15,TOBA,NORTH SUMATRA,2023-09-22,MOUNTAIN
OTHER,UNBRANDED,OTHERS,PET,SINGLE LAYER,9,TOBA,NORTH SUMATRA,2023-09-22,MOUNTAIN
OH5,SURYA MAS RAJA TAWON,FOOD PACKAGING,PP,SINGLE LAYER,29,TOBA,NORTH SUMATRA,2023-09-22,MOUNTAIN
TIRTA TIO,MUAL TIO MAJU BERSAMA,FOOD PACKAGING,PP,SINGLE LAYER,17,TOBA,NORTH SUMATRA,2023-09-22,MOUNTAIN
TEH GELAS,ORANG TUA,FOOD PACKAGING,PP,SINGLE LAYER,2,TOBA,NORTH SUMATRA,2023-09-22,MOUNTAIN
POWER F,WINGS,FOOD PACKAGING,PET,SINGLE LAYER,78,TOBA,NORTH SUMATRA,2023-09-22,MOUNTAIN
OTHER,UNBRANDED,FOOD PACKAGING,PET,SINGLE LAYER,27,TOBA,NORTH SUMATRA,2023-09-22,MOUNTAIN
CHS,UNKNOWN,FOOD PACKAGING,PET,SINGLE LAYER,11,TOBA,NORTH SUMATRA,2023-09-22,MOUNTAIN
TIRTA TIO,MUAL TIO MAJU BERSAMA,FOOD PACKAGING,PET,SINGLE LAYER,19,TOBA,NORTH SUMATRA,2023-09-22,MOUNTAIN
ASRI,MUAWANAH AL MA'SOEM CILEUNYI,FOOD PACKAGING,PET,SINGLE LAYER,6,TOBA,NORTH SUMATRA,2023-09-22,MOUNTAIN
CLEO,TANOBEL FOOD,FOOD PACKAGING,PET,SINGLE LAYER,5,TOBA,NORTH SUMATRA,2023-09-22,MOUNTAIN
OLALA JELLY DRINK,WINGS,FOOD PACKAGING,PET,SINGLE LAYER,9,TOBA,NORTH SUMATRA,2023-09-22,MOUNTAIN
ALE-ALE,WINGS,FOOD PACKAGING,PET,SINGLE LAYER,14,TOBA,NORTH SUMATRA,2023-09-22,MOUNTAIN
TEH RIO,WINGS,FOOD PACKAGING,PET,SINGLE LAYER,1,TOBA,NORTH SUMATRA,2023-09-22,MOUNTAIN
KOPI NONGKRONG,WINGS,FOOD PACKAGING,PET,SINGLE LAYER,6,TOBA,NORTH SUMATRA,2023-09-22,MOUNTAIN
AQUA,DANONE,FOOD PACKAGING,PET,SINGLE LAYER,1,TOBA,NORTH SUMATRA,2023-09-22,MOUNTAIN
LABURA Q,UNKNOWN,FOOD PACKAGING,PET,SINGLE LAYER,1,TOBA,NORTH SUMATRA,2023-09-22,MOUNTAIN
CLINK,UNKNOWN,FOOD PACKAGING,PP,SINGLE LAYER,3,TOBA,NORTH SUMATRA,2023-09-22,MOUNTAIN
ALE-ALE,WINGS,FOOD PACKAGING,PP,SINGLE LAYER,1,TOBA,NORTH SUMATRA,2023-09-22,MOUNTAIN
FRUIT TEA,SINAR SOSRO,FOOD PACKAGING,PP,SINGLE LAYER,2,TOBA,NORTH SUMATRA,2023-09-22,MOUNTAIN
QTELA,INDOFOOD,FOOD PACKAGING,OTHERS,SINGLE LAYER,2,TOBA,NORTH SUMATRA,2023-09-22,MOUNTAIN
CHITATO,INDOFOOD,FOOD PACKAGING,OTHERS,SINGLE LAYER,1,TOBA,NORTH SUMATRA,2023-09-22,MOUNTAIN
JAPOTA,CALBE WINGS FOOD,FOOD PACKAGING,OTHERS,SINGLE LAYER,1,TOBA,NORTH SUMATRA,2023-09-22,MOUNTAIN
AQUA,DANONE,FOOD PACKAGING,PET,SINGLE LAYER,13,TOBA,NORTH SUMATRA,2023-09-22,MOUNTAIN
PRIM-A,PT SINAR SOSRO,FOOD PACKAGING,PET,SINGLE LAYER,3,TOBA,NORTH SUMATRA,2023-09-22,MOUNTAIN
LE MINERALE,MAYORA INDAH,FOOD PACKAGING,PET,SINGLE LAYER,2,TOBA,NORTH SUMATRA,2023-09-22,MOUNTAIN
CLUB,INDOFOOD,FOOD PACKAGING,PET,SINGLE LAYER,1,TOBA,NORTH SUMATRA,2023-09-22,MOUNTAIN
FANTA,THE COCA-COLA COMPANY,FOOD PACKAGING,PET,SINGLE LAYER,4,TOBA,NORTH SUMATRA,2023-09-22,MOUNTAIN
TEH PUCUK HARUM,MAYORA INDAH,FOOD PACKAGING,PET,SINGLE LAYER,4,TOBA,NORTH SUMATRA,2023-09-22,MOUNTAIN
GOLDA,WINGS,FOOD PACKAGING,PET,SINGLE LAYER,7,TOBA,NORTH SUMATRA,2023-09-22,MOUNTAIN
FLORIDINA,WINGS INDONESIA,FOOD PACKAGING,PET,SINGLE LAYER,3,TOBA,NORTH SUMATRA,2023-09-22,MOUNTAIN
MINUTE MAID,COCA COLA LIMITED,FOOD PACKAGING,PET,SINGLE LAYER,3,TOBA,NORTH SUMATRA,2023-09-22,MOUNTAIN
KOPIKO,MAYORA INDAH,FOOD PACKAGING,PET,SINGLE LAYER,2,TOBA,NORTH SUMATRA,2023-09-22,MOUNTAIN
SPRITE,THE COCA-COLA COMPANY,FOOD PACKAGING,PET,SINGLE LAYER,2,TOBA,NORTH SUMATRA,2023-09-22,MOUNTAIN
COOLANT,SARI ENESIS INDAH,FOOD PACKAGING,PET,SINGLE LAYER,1,TOBA,NORTH SUMATRA,2023-09-22,MOUNTAIN
TEH BOTOL,SINAR SOSRO,FOOD PACKAGING,PET,SINGLE LAYER,1,TOBA,NORTH SUMATRA,2023-09-22,MOUNTAIN
COCOBIT,INDOFOOD,FOOD PACKAGING,PET,SINGLE LAYER,1,TOBA,NORTH SUMATRA,2023-09-22,MOUNTAIN
INDOMILK,INDOFOOD,FOOD PACKAGING,PET,SINGLE LAYER,1,TOBA,NORTH SUMATRA,2023-09-22,MOUNTAIN
UNKNOWN,UNBRANDED,FOOD PACKAGING,PET,SINGLE LAYER,6,TOBA,NORTH SUMATRA,2023-09-22,MOUNTAIN
UNKNOWN,UNBRANDED,FOOD PACKAGING,PET,SINGLE LAYER,15,TOBA,NORTH SUMATRA,2023-09-22,MOUNTAIN
AQUA,DANONE,FOOD PACKAGING,PET,SINGLE LAYER,5,TOBA,NORTH SUMATRA,2023-09-22,MOUNTAIN
PRIM-A,PT SINAR SOSRO,FOOD PACKAGING,PET,SINGLE LAYER,5,TOBA,NORTH SUMATRA,2023-09-22,MOUNTAIN
LE MINERALE,MAYORA INDAH,FOOD PACKAGING,PET,SINGLE LAYER,2,TOBA,NORTH SUMATRA,2023-09-22,MOUNTAIN
GOLDA,WINGS,FOOD PACKAGING,PET,SINGLE LAYER,5,TOBA,NORTH SUMATRA,2023-09-22,MOUNTAIN
COCA COLA,THE COCA-COLA COMPANY,FOOD PACKAGING,PET,SINGLE LAYER,6,TOBA,NORTH SUMATRA,2023-09-22,MOUNTAIN
FANTA,THE COCA-COLA COMPANY,FOOD PACKAGING,PET,SINGLE LAYER,2,TOBA,NORTH SUMATRA,2023-09-22,MOUNTAIN
SPRITE,THE COCA-COLA COMPANY,FOOD PACKAGING,PET,SINGLE LAYER,3,TOBA,NORTH SUMATRA,2023-09-22,MOUNTAIN
KOPIKO,MAYORA INDAH,FOOD PACKAGING,PET,SINGLE LAYER,1,TOBA,NORTH SUMATRA,2023-09-22,MOUNTAIN
FLORIDINA,WINGS INDONESIA,FOOD PACKAGING,PET,SINGLE LAYER,1,TOBA,NORTH SUMATRA,2023-09-22,MOUNTAIN
INDODES,PT TIRTASARI SUMBER MURNI,FOOD PACKAGING,PP,SINGLE LAYER,7,TOBA,NORTH SUMATRA,2023-09-22,MOUNTAIN
OH5,SURYA MAS RAJA TAWON,FOOD PACKAGING,PP,SINGLE LAYER,7,TOBA,NORTH SUMATRA,2023-09-22,MOUNTAIN
AQUA,DANONE,FOOD PACKAGING,PP,SINGLE LAYER,2,TOBA,NORTH SUMATRA,2023-09-22,MOUNTAIN
CLEO,TANOBEL FOOD,FOOD PACKAGING,PP,SINGLE LAYER,3,TOBA,NORTH SUMATRA,2023-09-22,MOUNTAIN
VIT,TIRTA INVESTAMA,FOOD PACKAGING,PP,SINGLE LAYER,3,TOBA,NORTH SUMATRA,2023-09-22,MOUNTAIN
TIRTA TIO,MUAL TIO MAJU BERSAMA,FOOD PACKAGING,PP,SINGLE LAYER,9,TOBA,NORTH SUMATRA,2023-09-22,MOUNTAIN
LINK-Q,BUDI,FOOD PACKAGING,PP,SINGLE LAYER,1,TOBA,NORTH SUMATRA,2023-09-22,MOUNTAIN
FORMULA PALUTA,UD FORMULA,FOOD PACKAGING,PP,SINGLE LAYER,1,TOBA,NORTH SUMATRA,2023-09-22,MOUNTAIN
UNKNOWN,UNBRANDED,FOOD PACKAGING,PP,SINGLE LAYER,17,TOBA,NORTH SUMATRA,2023-09-22,MOUNTAIN
UNKNOWN,UNBRANDED,FOOD PACKAGING,PP,SINGLE LAYER,4,TOBA,NORTH SUMATRA,2023-09-22,MOUNTAIN
ALE-ALE,WINGS,FOOD PACKAGING,PP,SINGLE LAYER,1,TOBA,NORTH SUMATRA,2023-09-22,MOUNTAIN
YAKULT,YAKULT,FOOD PACKAGING,PP,SINGLE LAYER,1,TOBA,NORTH SUMATRA,2023-09-22,MOUNTAIN
POP MIE,INDOFOOD,FOOD PACKAGING,PS,SINGLE LAYER,11,TOBA,NORTH SUMATRA,2023-09-22,MOUNTAIN
MIE SEDAP,WINGS,FOOD PACKAGING,PS,SINGLE LAYER,1,TOBA,NORTH SUMATRA,2023-09-22,MOUNTAIN
UNKNOWN,UNBRANDED,FOOD PACKAGING,PS,SINGLE LAYER,1,TOBA,NORTH SUMATRA,2023-09-22,MOUNTAIN
JOYDAY,GREEN ASIA FOOD,FOOD PACKAGING,PS,SINGLE LAYER,1,TOBA,NORTH SUMATRA,2023-09-22,MOUNTAIN
UNKNOWN,UNBRANDED,HOUSEHOLD PRODUCT,LDPE,SINGLE LAYER,19,TOBA,NORTH SUMATRA,2023-09-22,MOUNTAIN
LUFFMAN,PT LEADON INTERNATIONAL,SMOKING MATERIAL,OTHERS,MULTI LAYER,1,TOBA,NORTH SUMATRA,2023-09-22,MOUNTAIN
SAHARA,CV CAKRA MAS JAYA,SMOKING MATERIAL,OTHERS,MULTI LAYER,1,TOBA,NORTH SUMATRA,2023-09-22,MOUNTAIN
COMMODORE,PT ADHITAMA SEJAHTERA ABADI,SMOKING MATERIAL,OTHERS,MULTI LAYER,1,TOBA,NORTH SUMATRA,2023-09-22,MOUNTAIN
ESSE,KOREA TOMORROW & GLOBAL CORPORATION,SMOKING MATERIAL,OTHERS,MULTI LAYER,1,TOBA,NORTH SUMATRA,2023-09-22,MOUNTAIN
SURYA,GUDANG GARAM TBK.,SMOKING MATERIAL,OTHERS,MULTI LAYER,3,TOBA,NORTH SUMATRA,2023-09-22,MOUNTAIN
MAGNUM,UNILEVER,SMOKING MATERIAL,OTHERS,MULTI LAYER,1,TOBA,NORTH SUMATRA,2023-09-22,MOUNTAIN
DJI SAM SOE,"HM SAMPOERNA, TBK",SMOKING MATERIAL,OTHERS,MULTI LAYER,1,TOBA,NORTH SUMATRA,2023-09-22,MOUNTAIN
SAMPOERNA,PHILIP MORRIS INTERNATIONAL,SMOKING MATERIAL,OTHERS,MULTI LAYER,7,TOBA,NORTH SUMATRA,2023-09-22,MOUNTAIN
KACANG KULIT GARUDA,GARUDAFOOD,FOOD PACKAGING,LDPE,SINGLE LAYER,7,TOBA,NORTH SUMATRA,2023-09-22,MOUNTAIN
BENG BENG,MAYORA INDA,FOOD PACKAGING,LDPE,SINGLE LAYER,5,TOBA,NORTH SUMATRA,2023-09-22,MOUNTAIN
CHACHA,PT ARTHA SUMATERA ABADI'S,FOOD PACKAGING,OTHERS,MULTI LAYER,20,TOBA,NORTH SUMATRA,2023-09-22,MOUNTAIN
QTELA,INDOFOOD,FOOD PACKAGING,LDPE,SINGLE LAYER,3,TOBA,NORTH SUMATRA,2023-09-22,MOUNTAIN
ROMA,MAYORA INDAH,FOOD PACKAGING,LDPE,SINGLE LAYER,3,TOBA,NORTH SUMATRA,2023-09-22,MOUNTAIN
TICTAC,DUA KELINCI,FOOD PACKAGING,LDPE,SINGLE LAYER,3,TOBA,NORTH SUMATRA,2023-09-22,MOUNTAIN
MILO,NESTLE,FOOD PACKAGING,OTHERS,MULTI LAYER,1,TOBA,NORTH SUMATRA,2023-09-22,MOUNTAIN
CHITATO,INDOFOOD,FOOD PACKAGING,LDPE,SINGLE LAYER,2,TOBA,NORTH SUMATRA,2023-09-22,MOUNTAIN
CIMORY,MOUNTAIN DAIRY,FOOD PACKAGING,LDPE,SINGLE LAYER,2,TOBA,NORTH SUMATRA,2023-09-22,MOUNTAIN
AQUA,DANONE,FOOD PACKAGING,PET,SINGLE LAYER,13,TOBA,NORTH SUMATRA,2023-09-22,MOUNTAIN
TEH PUCUK HARUM,MAYORA INDAH,FOOD PACKAGING,PET,SINGLE LAYER,7,TOBA,NORTH SUMATRA,2023-09-22,MOUNTAIN
ICHITAN,ICHITAN GROUP,FOOD PACKAGING,PET,SINGLE LAYER,5,TOBA,NORTH SUMATRA,2023-09-22,MOUNTAIN
FLORIDINA,WINGS INDONESIA,FOOD PACKAGING,PET,SINGLE LAYER,9,TOBA,NORTH SUMATRA,2023-09-22,MOUNTAIN
POCARI SWEAT,OTSUKA,FOOD PACKAGING,PET,SINGLE LAYER,2,TOBA,NORTH SUMATRA,2023-09-22,MOUNTAIN
FANTA,THE COCA-COLA COMPANY,FOOD PACKAGING,PET,SINGLE LAYER,5,TOBA,NORTH SUMATRA,2023-09-22,MOUNTAIN
TEH BOTOL,SINAR SOSRO,FOOD PACKAGING,PET,SINGLE LAYER,3,TOBA,NORTH SUMATRA,2023-09-22,MOUNTAIN
FRUIT TEA,SINAR SOSRO,FOOD PACKAGING,PET,SINGLE LAYER,2,TOBA,NORTH SUMATRA,2023-09-22,MOUNTAIN
NU,PT ABC PRESIDENT INDONESIA,FOOD PACKAGING,PET,SINGLE LAYER,2,TOBA,NORTH SUMATRA,2023-09-22,MOUNTAIN
MILKU,WINGS,FOOD PACKAGING,PET,SINGLE LAYER,3,TOBA,NORTH SUMATRA,2023-09-22,MOUNTAIN
INDOMILK,INDOFOOD,FOOD PACKAGING,PET,SINGLE LAYER,2,TOBA,NORTH SUMATRA,2023-09-22,MOUNTAIN
GOLDA,WINGS,FOOD PACKAGING,PET,SINGLE LAYER,4,TOBA,NORTH SUMATRA,2023-09-22,MOUNTAIN
GOOD DAY,BRITANIA INDUSTRIES LTD.,FOOD PACKAGING,PET,SINGLE LAYER,3,TOBA,NORTH SUMATRA,2023-09-22,MOUNTAIN
NONGKRONG,WINGS FOOD,FOOD PACKAGING,PET,SINGLE LAYER,6,TOBA,NORTH SUMATRA,2023-09-22,MOUNTAIN
CLEO,TANOBEL FOOD,FOOD PACKAGING,PET,SINGLE LAYER,2,TOBA,NORTH SUMATRA,2023-09-22,MOUNTAIN
ALE-ALE,WINGS,FOOD PACKAGING,PET,SINGLE LAYER,13,TOBA,NORTH SUMATRA,2023-09-22,MOUNTAIN
TIRTA TIO,MUAL TIO MAJU BERSAMA,FOOD PACKAGING,PET,SINGLE LAYER,31,TOBA,NORTH SUMATRA,2023-09-22,MOUNTAIN
OH5,SURYA MAS RAJA TAWON,FOOD PACKAGING,PET,SINGLE LAYER,39,TOBA,NORTH SUMATRA,2023-09-22,MOUNTAIN
POWER F,WINGS,FOOD PACKAGING,PET,SINGLE LAYER,17,TOBA,NORTH SUMATRA,2023-09-22,MOUNTAIN
SIPPIN,SIPPIN INDONESIA,FOOD PACKAGING,PET,SINGLE LAYER,2,TOBA,NORTH SUMATRA,2023-09-22,MOUNTAIN
KFC,KFC,FOOD PACKAGING,PET,SINGLE LAYER,1,TOBA,NORTH SUMATRA,2023-09-22,MOUNTAIN
ENAKI SOYA,PT INMAS SUNSHINE,FOOD PACKAGING,PET,SINGLE LAYER,1,TOBA,NORTH SUMATRA,2023-09-22,MOUNTAIN
YAKULT,YAKULT,FOOD PACKAGING,OTHERS,SINGLE LAYER,3,TOBA,NORTH SUMATRA,2023-09-22,MOUNTAIN
POP MIE,INDOFOOD,FOOD PACKAGING,PS,MULTI LAYER,10,TOBA,NORTH SUMATRA,2023-09-22,MOUNTAIN
KFC,KFC,FOOD PACKAGING,OTHERS,MULTI LAYER,3,TOBA,NORTH SUMATRA,2023-09-22,MOUNTAIN
CIMORY,MOUNTAIN DAIRY,FOOD PACKAGING,OTHERS,MULTI LAYER,2,TOBA,NORTH SUMATRA,2023-09-22,MOUNTAIN
FRISIAN FLAG,FRIESLANDCAMPINA,FOOD PACKAGING,OTHERS,MULTI LAYER,3,TOBA,NORTH SUMATRA,2023-09-22,MOUNTAIN
TARO,PREMIER MARKETING PUBLIC COMPANY LIMITED,FOOD PACKAGING,LDPE,SINGLE LAYER,1,TOBA,NORTH SUMATRA,2023-09-22,MOUNTAIN
CHITATO,INDOFOOD,FOOD PACKAGING,LDPE,SINGLE LAYER,3,TOBA,NORTH SUMATRA,2023-09-22,MOUNTAIN
POTABEE,WINGS,FOOD PACKAGING,LDPE,SINGLE LAYER,4,TOBA,NORTH SUMATRA,2023-09-22,MOUNTAIN
KACANG KULIT GARUDA,GARUDAFOOD,FOOD PACKAGING,LDPE,SINGLE LAYER,40,TOBA,NORTH SUMATRA,2023-09-22,MOUNTAIN
TIME BREAK,NABATI,FOOD PACKAGING,LDPE,SINGLE LAYER,12,TOBA,NORTH SUMATRA,2023-09-22,MOUNTAIN
MEDAN JAYA,PT MEDAN JAYA PANGAN MUTU,FOOD PACKAGING,LDPE,SINGLE LAYER,11,TOBA,NORTH SUMATRA,2023-09-22,MOUNTAIN
ALFAMIDI,PT MIDI UTAMA INDONESIA TBK,FOOD PACKAGING,LDPE,SINGLE LAYER,3,TOBA,NORTH SUMATRA,2023-09-22,MOUNTAIN
KUACI,FOR EAST,FOOD PACKAGING,LDPE,SINGLE LAYER,11,TOBA,NORTH SUMATRA,2023-09-22,MOUNTAIN
DUA KELINCI,DUA KELINCI,FOOD PACKAGING,LDPE,SINGLE LAYER,7,TOBA,NORTH SUMATRA,2023-09-22,MOUNTAIN
YUPI,YUPINDO,FOOD PACKAGING,PP,SINGLE LAYER,7,TOBA,NORTH SUMATRA,2023-09-22,MOUNTAIN
SURYA,GUDANG GARAM TBK.,SMOKING MATERIAL,OTHERS,MULTI LAYER,56,TOBA,NORTH SUMATRA,2023-09-22,MOUNTAIN
LE MINERALE,MAYORA INDAH,FOOD PACKAGING,PET,SINGLE LAYER,15,TOBA,NORTH SUMATRA,2023-09-22,MOUNTAIN
TEH PUCUK HARUM,MAYORA INDAH,FOOD PACKAGING,PET,SINGLE LAYER,9,TOBA,NORTH SUMATRA,2023-09-22,MOUNTAIN
POCARI SWEAT,OTSUKA,FOOD PACKAGING,PET,SINGLE LAYER,5,TOBA,NORTH SUMATRA,2023-09-22,MOUNTAIN
FANTA,THE COCA-COLA COMPANY,FOOD PACKAGING,PET,SINGLE LAYER,3,TOBA,NORTH SUMATRA,2023-09-22,MOUNTAIN
INDOMILK,INDOFOOD,FOOD PACKAGING,PET,SINGLE LAYER,4,TOBA,NORTH SUMATRA,2023-09-22,MOUNTAIN
GOLDA,WINGS,FOOD PACKAGING,PET,SINGLE LAYER,6,TOBA,NORTH SUMATRA,2023-09-22,MOUNTAIN
GOOD DAY,BRITANIA INDUSTRIES LTD.,FOOD PACKAGING,PET,SINGLE LAYER,6,TOBA,NORTH SUMATRA,2023-09-22,MOUNTAIN
FLORIDINA,WINGS INDONESIA,FOOD PACKAGING,PET,SINGLE LAYER,3,TOBA,NORTH SUMATRA,2023-09-22,MOUNTAIN
TEH BOTOL,SINAR SOSRO,FOOD PACKAGING,PET,SINGLE LAYER,3,TOBA,NORTH SUMATRA,2023-09-22,MOUNTAIN
NU GREEN TEA,PT ABC PRESIDENT INDONESIA,FOOD PACKAGING,PET,SINGLE LAYER,5,TOBA,NORTH SUMATRA,2023-09-22,MOUNTAIN
ICHITAN,ICHITAN GROUP,FOOD PACKAGING,PET,SINGLE LAYER,5,TOBA,NORTH SUMATRA,2023-09-22,MOUNTAIN
TEH KOTAK,ULTRAJAYA,FOOD PACKAGING,HDPE,MULTI LAYER,5,TOBA,NORTH SUMATRA,2023-09-22,MOUNTAIN
UNKNOWN,UNBRANDED,FOOD PACKAGING,PP,SINGLE LAYER,20,TOBA,NORTH SUMATRA,2023-09-22,MOUNTAIN
POP MIE,INDOFOOD,FOOD PACKAGING,PS,MULTI LAYER,18,TOBA,NORTH SUMATRA,2023-09-22,MOUNTAIN
KACANG KULIT GARUDA,GARUDAFOOD,FOOD PACKAGING,LDPE,SINGLE LAYER,50,TOBA,NORTH SUMATRA,2023-09-22,MOUNTAIN
TARO,PREMIER MARKETING PUBLIC COMPANY LIMITED,FOOD PACKAGING,LDPE,SINGLE LAYER,3,TOBA,NORTH SUMATRA,2023-09-22,MOUNTAIN
CHITATO,INDOFOOD,FOOD PACKAGING,LDPE,SINGLE LAYER,5,TOBA,NORTH SUMATRA,2023-09-22,MOUNTAIN
MEDAN JAYA,PT MEDAN JAYA PANGAN MUTU,FOOD PACKAGING,LDPE,SINGLE LAYER,8,TOBA,NORTH SUMATRA,2023-09-22,MOUNTAIN
KUACI,FOR EAST,FOOD PACKAGING,LDPE,SINGLE LAYER,10,TOBA,NORTH SUMATRA,2023-09-22,MOUNTAIN
DUA KELINCI,DUA KELINCI,FOOD PACKAGING,LDPE,SINGLE LAYER,9,TOBA,NORTH SUMATRA,2023-09-22,MOUNTAIN
LAYS,PEPSICO,FOOD PACKAGING,LDPE,SINGLE LAYER,6,TOBA,NORTH SUMATRA,2023-09-22,MOUNTAIN
ALE-ALE,WINGS,FOOD PACKAGING,PET,SINGLE LAYER,8,TOBA,NORTH SUMATRA,2023-09-22,MOUNTAIN
TIRTA TIO,MUAL TIO MAJU BERSAMA,FOOD PACKAGING,PET,SINGLE LAYER,10,TOBA,NORTH SUMATRA,2023-09-22,MOUNTAIN
CLEO,TANOBEL FOOD,FOOD PACKAGING,PET,SINGLE LAYER,3,TOBA,NORTH SUMATRA,2023-09-22,MOUNTAIN
UNKNOWN,UNBRANDED,HOUSEHOLD PRODUCT,LDPE,SINGLE LAYER,105,TOBA,NORTH SUMATRA,2023-09-22,MOUNTAIN
UNKNOWN,UNBRANDED,FOOD PACKAGING,PP,SINGLE LAYER,45,TOBA,NORTH SUMATRA,2023-09-22,MOUNTAIN
SAMPOERNA,PHILIP MORRIS INTERNATIONAL,SMOKING MATERIAL,OTHERS,MULTI LAYER,31,TOBA,NORTH SUMATRA,2023-09-22,MOUNTAIN
SURYA,GUDANG GARAM TBK.,SMOKING MATERIAL,OTHERS,MULTI LAYER,46,TOBA,NORTH SUMATRA,2023-09-22,MOUNTAIN
PANDAN,PANDAN AIR MINERAL,FOOD PACKAGING,HDPE,SINGLE LAYER,1,EAST LOMBOK,WEST NUSA TENGGARA,2023-09-29,MOUNTAIN
PANDAN,PANDAN AIR MINERAL,FOOD PACKAGING,PET,SINGLE LAYER,1,EAST LOMBOK,WEST NUSA TENGGARA,2023-09-29,MOUNTAIN
PANDAN,PANDAN AIR MINERAL,FOOD PACKAGING,PS,SINGLE LAYER,1,EAST LOMBOK,WEST NUSA TENGGARA,2023-09-29,MOUNTAIN
LE MINERALE,MAYORA INDAH,FOOD PACKAGING,PET,SINGLE LAYER,10,EAST LOMBOK,WEST NUSA TENGGARA,2023-09-29,MOUNTAIN
LE MINERALE,MAYORA INDAH,FOOD PACKAGING,PS,SINGLE LAYER,9,EAST LOMBOK,WEST NUSA TENGGARA,2023-09-29,MOUNTAIN
CLEO,TANOBEL FOOD,FOOD PACKAGING,PET,SINGLE LAYER,10,EAST LOMBOK,WEST NUSA TENGGARA,2023-09-29,MOUNTAIN
CLEO,TANOBEL FOOD,FOOD PACKAGING,PS,SINGLE LAYER,6,EAST LOMBOK,WEST NUSA TENGGARA,2023-09-29,MOUNTAIN
CLEO,TANOBEL FOOD,FOOD PACKAGING,HDPE,SINGLE LAYER,8,EAST LOMBOK,WEST NUSA TENGGARA,2023-09-29,MOUNTAIN
AGRO,CV ALAM MEGAH JAYA,FOOD PACKAGING,PET,SINGLE LAYER,3,EAST LOMBOK,WEST NUSA TENGGARA,2023-09-29,MOUNTAIN
AGRO,CV ALAM MEGAH JAYA,FOOD PACKAGING,PS,SINGLE LAYER,6,EAST LOMBOK,WEST NUSA TENGGARA,2023-09-29,MOUNTAIN
LE MINERALE,MAYORA INDAH,FOOD PACKAGING,HDPE,SINGLE LAYER,10,EAST LOMBOK,WEST NUSA TENGGARA,2023-09-29,MOUNTAIN
AQUA,DANONE,FOOD PACKAGING,HDPE,SINGLE LAYER,11,EAST LOMBOK,WEST NUSA TENGGARA,2023-09-29,MOUNTAIN
AQUA,DANONE,FOOD PACKAGING,PS,SINGLE LAYER,7,EAST LOMBOK,WEST NUSA TENGGARA,2023-09-29,MOUNTAIN
AQUA,DANONE,FOOD PACKAGING,PET,SINGLE LAYER,10,EAST LOMBOK,WEST NUSA TENGGARA,2023-09-29,MOUNTAIN
UNKNOWN,UNBRANDED,FOOD PACKAGING,PET,SINGLE LAYER,25,EAST LOMBOK,WEST NUSA TENGGARA,2023-09-29,MOUNTAIN
AGRO,CV ALAM MEGAH JAYA,FOOD PACKAGING,HDPE,SINGLE LAYER,1,EAST LOMBOK,WEST NUSA TENGGARA,2023-09-29,MOUNTAIN
UNKNOWN,UNBRANDED,FOOD PACKAGING,PET,SINGLE LAYER,20,EAST LOMBOK,WEST NUSA TENGGARA,2023-09-29,MOUNTAIN
UNKNOWN,UNBRANDED,FOOD PACKAGING,HDPE,SINGLE LAYER,25,EAST LOMBOK,WEST NUSA TENGGARA,2023-09-29,MOUNTAIN
NESTLE,NESTLE,FOOD PACKAGING,PET,SINGLE LAYER,3,EAST LOMBOK,WEST NUSA TENGGARA,2023-09-29,MOUNTAIN
NESTLE,NESTLE,FOOD PACKAGING,PS,SINGLE LAYER,1,EAST LOMBOK,WEST NUSA TENGGARA,2023-09-29,MOUNTAIN
NETRAL,UNKNOWN,FOOD PACKAGING,PET,SINGLE LAYER,4,EAST LOMBOK,WEST NUSA TENGGARA,2023-09-29,MOUNTAIN
NETRAL,UNKNOWN,FOOD PACKAGING,PS,SINGLE LAYER,7,EAST LOMBOK,WEST NUSA TENGGARA,2023-09-29,MOUNTAIN
NETRAL,UNKNOWN,FOOD PACKAGING,HDPE,SINGLE LAYER,5,EAST LOMBOK,WEST NUSA TENGGARA,2023-09-29,MOUNTAIN
NESTLE,NESTLE,FOOD PACKAGING,HDPE,SINGLE LAYER,4,EAST LOMBOK,WEST NUSA TENGGARA,2023-09-29,MOUNTAIN
MINYAKITA,PT BINA KARYA PRIMA,FOOD PACKAGING,PS,SINGLE LAYER,1,EAST LOMBOK,WEST NUSA TENGGARA,2023-09-29,MOUNTAIN
CRYSTALLINE,ORANG TUA,FOOD PACKAGING,PS,SINGLE LAYER,1,EAST LOMBOK,WEST NUSA TENGGARA,2023-09-29,MOUNTAIN
TIRTA,TIRTA SUKSES PERKASA,FOOD PACKAGING,PS,SINGLE LAYER,1,EAST LOMBOK,WEST NUSA TENGGARA,2023-09-29,MOUNTAIN
MINYAKITA,PT BINA KARYA PRIMA,FOOD PACKAGING,PET,SINGLE LAYER,1,EAST LOMBOK,WEST NUSA TENGGARA,2023-09-29,MOUNTAIN
UNKNOWN,UNBRANDED,FOOD PACKAGING,PET,SINGLE LAYER,23,EAST LOMBOK,WEST NUSA TENGGARA,2023-09-29,MOUNTAIN
UNKNOWN,UNBRANDED,FOOD PACKAGING,HDPE,SINGLE LAYER,25,EAST LOMBOK,WEST NUSA TENGGARA,2023-09-29,MOUNTAIN
GELIKO,UNKNOWN,FOOD PACKAGING,PP,MULTI LAYER,1,EAST LOMBOK,WEST NUSA TENGGARA,2023-09-29,MOUNTAIN
TIKTAK,PT. DUA KELINCI,FOOD PACKAGING,PP,MULTI LAYER,2,EAST LOMBOK,WEST NUSA TENGGARA,2023-09-29,MOUNTAIN
INDOMIE,INDOFOOD,FOOD PACKAGING,PP,SINGLE LAYER,4,EAST LOMBOK,WEST NUSA TENGGARA,2023-09-29,MOUNTAIN
MIE SEDAAP,WINGS,FOOD PACKAGING,PP,SINGLE LAYER,5,EAST LOMBOK,WEST NUSA TENGGARA,2023-09-29,MOUNTAIN
MEAD JHONSON,BRISTOL-MYERS SQUIBB COMPANY,FOOD PACKAGING,PP,MULTI LAYER,1,EAST LOMBOK,WEST NUSA TENGGARA,2023-09-29,MOUNTAIN
ROMA KELAPA,MAYORA INDAH,FOOD PACKAGING,PP,MULTI LAYER,5,EAST LOMBOK,WEST NUSA TENGGARA,2023-09-29,MOUNTAIN
NABATI,NABATI GROUP.,FOOD PACKAGING,PP,MULTI LAYER,1,EAST LOMBOK,WEST NUSA TENGGARA,2023-09-29,MOUNTAIN
PASEO,ASIA PULP & PAPER GROUP,PERSONAL CARE,PP,SINGLE LAYER,5,EAST LOMBOK,WEST NUSA TENGGARA,2023-09-29,MOUNTAIN
MIE SEDAAP,WINGS,FOOD PACKAGING,PP,SINGLE LAYER,2,EAST LOMBOK,WEST NUSA TENGGARA,2023-09-29,MOUNTAIN
MADU TJ,ULTRASAKTI,PERSONAL CARE,PP,SINGLE LAYER,12,EAST LOMBOK,WEST NUSA TENGGARA,2023-09-29,MOUNTAIN
ENERGEN,MAYORA INDAH,FOOD PACKAGING,PP,MULTI LAYER,8,EAST LOMBOK,WEST NUSA TENGGARA,2023-09-29,MOUNTAIN
INDOFOOD,INDOFOOD,FOOD PACKAGING,PP,MULTI LAYER,8,EAST LOMBOK,WEST NUSA TENGGARA,2023-09-29,MOUNTAIN
EXTRA JOSS,BINTANG TOEDJOE,FOOD PACKAGING,PP,MULTI LAYER,4,EAST LOMBOK,WEST NUSA TENGGARA,2023-09-29,MOUNTAIN
TESSA,PT. GRAHA KERINDO UTAMA,PERSONAL CARE,PS,SINGLE LAYER,1,EAST LOMBOK,WEST NUSA TENGGARA,2023-09-29,MOUNTAIN
SOHIB,UNKNOWN,FOOD PACKAGING,PS,SINGLE LAYER,1,EAST LOMBOK,WEST NUSA TENGGARA,2023-09-29,MOUNTAIN
SOSIS SO NICE,SO GOOD FOOD,FOOD PACKAGING,PS,SINGLE LAYER,28,EAST LOMBOK,WEST NUSA TENGGARA,2023-09-29,MOUNTAIN
TOLAK ANGIN,SIDOMUNCUL,PERSONAL CARE,PS,MULTI LAYER,4,EAST LOMBOK,WEST NUSA TENGGARA,2023-09-29,MOUNTAIN
MAMA LIME,PT LION WINGS,HOUSEHOLD PRODUCT,PS,MULTI LAYER,2,EAST LOMBOK,WEST NUSA TENGGARA,2023-09-29,MOUNTAIN
INDOMILK,INDOFOOD,FOOD PACKAGING,PS,MULTI LAYER,12,EAST LOMBOK,WEST NUSA TENGGARA,2023-09-29,MOUNTAIN
KAPAL API,SANTOS JAYA ABADI,FOOD PACKAGING,PS,MULTI LAYER,7,EAST LOMBOK,WEST NUSA TENGGARA,2023-09-29,MOUNTAIN
KOPI ABC,SANTOS JAYA ABADI,FOOD PACKAGING,PS,MULTI LAYER,5,EAST LOMBOK,WEST NUSA TENGGARA,2023-09-29,MOUNTAIN
GOODDAY,PT. SANTOS JAYA ABADI,FOOD PACKAGING,PS,MULTI LAYER,6,EAST LOMBOK,WEST NUSA TENGGARA,2023-09-29,MOUNTAIN
SIDOMUNCUL,INDURSTRI JAMU DAN FARMASI SIDO MUNCUL,FOOD PACKAGING,PS,MULTI LAYER,4,EAST LOMBOK,WEST NUSA TENGGARA,2023-09-29,MOUNTAIN
INDOCAFE,INDOFOOD,FOOD PACKAGING,PS,MULTI LAYER,3,EAST LOMBOK,WEST NUSA TENGGARA,2023-09-29,MOUNTAIN
SIDOMUNCUL,INDURSTRI JAMU DAN FARMASI SIDO MUNCUL,FOOD PACKAGING,PS,MULTI LAYER,3,EAST LOMBOK,WEST NUSA TENGGARA,2023-09-29,MOUNTAIN
DELIZIO CAPPUCINO,PT. SUMBER KOPI PRIMA,FOOD PACKAGING,PS,MULTI LAYER,1,EAST LOMBOK,WEST NUSA TENGGARA,2023-09-29,MOUNTAIN
SAJIKU,AJINOMOTO,FOOD PACKAGING,PS,SINGLE LAYER,4,EAST LOMBOK,WEST NUSA TENGGARA,2023-09-29,MOUNTAIN
COCO DRINK,MAKMUR GROUP,FOOD PACKAGING,PS,MULTI LAYER,1,EAST LOMBOK,WEST NUSA TENGGARA,2023-09-29,MOUNTAIN
NUTRISARI,NUTRIFOOD,FOOD PACKAGING,PS,MULTI LAYER,1,EAST LOMBOK,WEST NUSA TENGGARA,2023-09-29,MOUNTAIN
MASAKO,AJINOMOTO,FOOD PACKAGING,PS,MULTI LAYER,20,EAST LOMBOK,WEST NUSA TENGGARA,2023-09-29,MOUNTAIN
SARI GANDUM,MAYORA INDAH,FOOD PACKAGING,PS,MULTI LAYER,2,EAST LOMBOK,WEST NUSA TENGGARA,2023-09-29,MOUNTAIN
BENG BENG,MAYORA INDA,FOOD PACKAGING,PS,MULTI LAYER,20,EAST LOMBOK,WEST NUSA TENGGARA,2023-09-29,MOUNTAIN
CHOKI CHOKI,MAYORA INDAH,FOOD PACKAGING,PS,SINGLE LAYER,15,EAST LOMBOK,WEST NUSA TENGGARA,2023-09-29,MOUNTAIN
NESCAFE,NESTLE,FOOD PACKAGING,PS,MULTI LAYER,4,EAST LOMBOK,WEST NUSA TENGGARA,2023-09-29,MOUNTAIN
MIE SEDAAP,WINGS,FOOD PACKAGING,PS,SINGLE LAYER,29,EAST LOMBOK,WEST NUSA TENGGARA,2023-09-29,MOUNTAIN
PROMOS,UNKNOWN,FOOD PACKAGING,PS,SINGLE LAYER,1,EAST LOMBOK,WEST NUSA TENGGARA,2023-09-29,MOUNTAIN
GANOSOR,UNKNOWN,FOOD PACKAGING,PS,SINGLE LAYER,1,EAST LOMBOK,WEST NUSA TENGGARA,2023-09-29,MOUNTAIN
H-EAT,CANTIGI OUTDOOR INDONESIA,FOOD PACKAGING,PS,MULTI LAYER,2,EAST LOMBOK,WEST NUSA TENGGARA,2023-09-29,MOUNTAIN
DUA KELINCI,DUA KELINCI,FOOD PACKAGING,PS,MULTI LAYER,1,EAST LOMBOK,WEST NUSA TENGGARA,2023-09-29,MOUNTAIN
KRAFT,KRAFT HEINZ,FOOD PACKAGING,PS,SINGLE LAYER,1,EAST LOMBOK,WEST NUSA TENGGARA,2023-09-29,MOUNTAIN
LEE KUM KEE,LEE KUM KEE COMPANY LIMITE,FOOD PACKAGING,PS,MULTI LAYER,1,EAST LOMBOK,WEST NUSA TENGGARA,2023-09-29,MOUNTAIN
REBO,GUMINDO BOGAMANIS,FOOD PACKAGING,PS,MULTI LAYER,3,EAST LOMBOK,WEST NUSA TENGGARA,2023-09-29,MOUNTAIN
INDOFOOD,INDOFOOD,FOOD PACKAGING,PS,MULTI LAYER,2,EAST LOMBOK,WEST NUSA TENGGARA,2023-09-29,MOUNTAIN
TANGO,TANGO,FOOD PACKAGING,PS,MULTI LAYER,1,EAST LOMBOK,WEST NUSA TENGGARA,2023-09-29,MOUNTAIN
LIFEBUOY,UNILEVER,PERSONAL CARE,PS,MULTI LAYER,1,EAST LOMBOK,WEST NUSA TENGGARA,2023-09-29,MOUNTAIN
FOGNIA,UNKNOWN,FOOD PACKAGING,PS,MULTI LAYER,1,EAST LOMBOK,WEST NUSA TENGGARA,2023-09-29,MOUNTAIN
INDOMOR,UNKNOWN,PERSONAL CARE,PS,SINGLE LAYER,1,EAST LOMBOK,WEST NUSA TENGGARA,2023-09-29,MOUNTAIN
PLASTIK LAUK,UNKNOWN,HOUSEHOLD PRODUCT,HDPE,SINGLE LAYER,92,EAST LOMBOK,WEST NUSA TENGGARA,2023-09-29,MOUNTAIN
UNKNOWN,UNBRANDED,HOUSEHOLD PRODUCT,OTHERS,SINGLE LAYER,45,EAST LOMBOK,WEST NUSA TENGGARA,2023-09-29,MOUNTAIN
SURYA,GUDANG GARAM TBK.,SMOKING MATERIAL,OTHERS,SINGLE LAYER,2,EAST LOMBOK,WEST NUSA TENGGARA,2023-09-29,MOUNTAIN
SAMPOERNA,PHILIP MORRIS INTERNATIONAL,SMOKING MATERIAL,OTHERS,SINGLE LAYER,1,EAST LOMBOK,WEST NUSA TENGGARA,2023-09-29,MOUNTAIN
HD,UNBRANDED,SMOKING MATERIAL,OTHERS,SINGLE LAYER,3,EAST LOMBOK,WEST NUSA TENGGARA,2023-09-29,MOUNTAIN
VEGAS,HM SAMPOERNA,SMOKING MATERIAL,OTHERS,SINGLE LAYER,2,EAST LOMBOK,WEST NUSA TENGGARA,2023-09-29,MOUNTAIN
TWIZZ,PUTERA JAYA SAKTI PERKASA,SMOKING MATERIAL,OTHERS,SINGLE LAYER,1,EAST LOMBOK,WEST NUSA TENGGARA,2023-09-29,MOUNTAIN
POWER,ABIRAMI SOAP WORKS,SMOKING MATERIAL,OTHERS,MULTI LAYER,1,EAST LOMBOK,WEST NUSA TENGGARA,2023-09-29,MOUNTAIN
SOFTIES,SOFTEX INDONESIA,FOOD PACKAGING,PS,SINGLE LAYER,1,EAST LOMBOK,WEST NUSA TENGGARA,2023-09-29,MOUNTAIN
SEDAAP,WINGS,FOOD PACKAGING,PS,SINGLE LAYER,34,EAST LOMBOK,WEST NUSA TENGGARA,2023-09-29,MOUNTAIN
SEDAAP,WINGS,FOOD PACKAGING,PS,SINGLE LAYER,19,EAST LOMBOK,WEST NUSA TENGGARA,2023-09-29,MOUNTAIN
INDOMIE,INDOFOOD,FOOD PACKAGING,PS,SINGLE LAYER,7,EAST LOMBOK,WEST NUSA TENGGARA,2023-09-29,MOUNTAIN
MIE SEDAAP,WINGS,FOOD PACKAGING,PS,SINGLE LAYER,50,EAST LOMBOK,WEST NUSA TENGGARA,2023-09-29,MOUNTAIN
MIE SEDAAP,WINGS,FOOD PACKAGING,PS,SINGLE LAYER,27,EAST LOMBOK,WEST NUSA TENGGARA,2023-09-29,MOUNTAIN
INDOMIE,INDOFOOD,FOOD PACKAGING,PS,SINGLE LAYER,12,EAST LOMBOK,WEST NUSA TENGGARA,2023-09-29,MOUNTAIN
MIE SEDAAP,WINGS,FOOD PACKAGING,PS,SINGLE LAYER,68,EAST LOMBOK,WEST NUSA TENGGARA,2023-09-29,MOUNTAIN
POWER MAXX,UNKNOWN,FOOD PACKAGING,PS,MULTI LAYER,1,EAST LOMBOK,WEST NUSA TENGGARA,2023-09-29,MOUNTAIN
QTELA,INDOFOOD,FOOD PACKAGING,PS,MULTI LAYER,1,EAST LOMBOK,WEST NUSA TENGGARA,2023-09-29,MOUNTAIN
MIE ABC,ABC PRESIDENT INDONESIA,FOOD PACKAGING,PS,SINGLE LAYER,3,EAST LOMBOK,WEST NUSA TENGGARA,2023-09-29,MOUNTAIN
MIE SUKSES,WINGS,FOOD PACKAGING,PS,SINGLE LAYER,1,EAST LOMBOK,WEST NUSA TENGGARA,2023-09-29,MOUNTAIN
MIE VITAMI,INDOFOOD,FOOD PACKAGING,PS,SINGLE LAYER,1,EAST LOMBOK,WEST NUSA TENGGARA,2023-09-29,MOUNTAIN
NARMADA,NARMADA AWET MUDA,FOOD PACKAGING,PET,SINGLE LAYER,23,EAST LOMBOK,WEST NUSA TENGGARA,2023-09-29,MOUNTAIN
NARMADA,NARMADA AWET MUDA,FOOD PACKAGING,PP,SINGLE LAYER,25,EAST LOMBOK,WEST NUSA TENGGARA,2023-09-29,MOUNTAIN
NARMADA,NARMADA AWET MUDA,FOOD PACKAGING,PS,SINGLE LAYER,26,EAST LOMBOK,WEST NUSA TENGGARA,2023-09-29,MOUNTAIN
NARMADA,NARMADA AWET MUDA,FOOD PACKAGING,PET,SINGLE LAYER,33,EAST LOMBOK,WEST NUSA TENGGARA,2023-09-29,MOUNTAIN
NARMADA,NARMADA AWET MUDA,FOOD PACKAGING,PP,SINGLE LAYER,50,EAST LOMBOK,WEST NUSA TENGGARA,2023-09-29,MOUNTAIN
NARMADA,NARMADA AWET MUDA,FOOD PACKAGING,PS,SINGLE LAYER,40,EAST LOMBOK,WEST NUSA TENGGARA,2023-09-29,MOUNTAIN
NARMADA,NARMADA AWET MUDA,FOOD PACKAGING,PET,SINGLE LAYER,35,EAST LOMBOK,WEST NUSA TENGGARA,2023-09-29,MOUNTAIN
NARMADA,NARMADA AWET MUDA,FOOD PACKAGING,PP,SINGLE LAYER,65,EAST LOMBOK,WEST NUSA TENGGARA,2023-09-29,MOUNTAIN
NARMADA,NARMADA AWET MUDA,FOOD PACKAGING,PS,SINGLE LAYER,24,EAST LOMBOK,WEST NUSA TENGGARA,2023-09-29,MOUNTAIN
BANGO,UNILEVER,FOOD PACKAGING,PET,SINGLE LAYER,1,EAST LOMBOK,WEST NUSA TENGGARA,2023-09-29,MOUNTAIN
BANGO,UNILEVER,FOOD PACKAGING,PP,SINGLE LAYER,1,EAST LOMBOK,WEST NUSA TENGGARA,2023-09-29,MOUNTAIN
KETCHUP SEDAP,KARUNIA ALAM SEGAR,FOOD PACKAGING,PET,SINGLE LAYER,1,EAST LOMBOK,WEST NUSA TENGGARA,2023-09-29,MOUNTAIN
KETCHUP SEDAP,KARUNIA ALAM SEGAR,FOOD PACKAGING,PP,SINGLE LAYER,1,EAST LOMBOK,WEST NUSA TENGGARA,2023-09-29,MOUNTAIN
SAUS ABC,HEINZ ABC INDONESIA,FOOD PACKAGING,PET,SINGLE LAYER,6,EAST LOMBOK,WEST NUSA TENGGARA,2023-09-29,MOUNTAIN
SAUS ABC,HEINZ ABC INDONESIA,FOOD PACKAGING,PET,SINGLE LAYER,6,EAST LOMBOK,WEST NUSA TENGGARA,2023-09-29,MOUNTAIN
KETCHUP INDOFOOD,INDOFOOD CBP SUKSES MAKMUR,FOOD PACKAGING,PET,SINGLE LAYER,3,EAST LOMBOK,WEST NUSA TENGGARA,2023-09-29,MOUNTAIN
KETCHUP INDOFOOD,INDOFOOD CBP SUKSES MAKMUR,FOOD PACKAGING,PP,SINGLE LAYER,3,EAST LOMBOK,WEST NUSA TENGGARA,2023-09-29,MOUNTAIN
UNKNOWN,UNBRANDED,HOUSEHOLD PRODUCT,HDPE,SINGLE LAYER,31,EAST LOMBOK,WEST NUSA TENGGARA,2023-09-29,MOUNTAIN
SO NICE,SO GOOD,FOOD PACKAGING,PET,SINGLE LAYER,2,EAST LOMBOK,WEST NUSA TENGGARA,2023-09-29,MOUNTAIN
SO NICE,SO GOOD,FOOD PACKAGING,PP,SINGLE LAYER,2,EAST LOMBOK,WEST NUSA TENGGARA,2023-09-29,MOUNTAIN
UNKNOWN,UNBRANDED,FOOD PACKAGING,PET,SINGLE LAYER,4,EAST LOMBOK,WEST NUSA TENGGARA,2023-09-29,MOUNTAIN
NARMADA,NARMADA AWET MUDA,FOOD PACKAGING,PP,SINGLE LAYER,6,EAST LOMBOK,WEST NUSA TENGGARA,2023-09-29,MOUNTAIN
UNKNOWN,UNBRANDED,FOOD PACKAGING,PP,SINGLE LAYER,5,EAST LOMBOK,WEST NUSA TENGGARA,2023-09-29,MOUNTAIN
SPRITE,THE COCA-COLA COMPANY,FOOD PACKAGING,OTHERS,SINGLE LAYER,4,EAST LOMBOK,WEST NUSA TENGGARA,2023-09-29,MOUNTAIN
UNKNOWN,UNBRANDED,FOOD PACKAGING,PP,SINGLE LAYER,6,EAST LOMBOK,WEST NUSA TENGGARA,2023-09-29,MOUNTAIN
INAURA,UNKNOWN,FOOD PACKAGING,HDPE,SINGLE LAYER,1,EAST LOMBOK,WEST NUSA TENGGARA,2023-09-29,MOUNTAIN
UNKNOWN,UNBRANDED,FOOD PACKAGING,PET,SINGLE LAYER,15,EAST LOMBOK,WEST NUSA TENGGARA,2023-09-29,MOUNTAIN
UNKNOWN,UNBRANDED,FOOD PACKAGING,PET,SINGLE LAYER,1,EAST LOMBOK,WEST NUSA TENGGARA,2023-09-29,MOUNTAIN
FITRI,BINA KARYA PRIMA,FOOD PACKAGING,PS,SINGLE LAYER,1,EAST LOMBOK,WEST NUSA TENGGARA,2023-09-29,MOUNTAIN
NARMADA,NARMADA AWET MUDA,FOOD PACKAGING,PS,SINGLE LAYER,1,EAST LOMBOK,WEST NUSA TENGGARA,2023-09-29,MOUNTAIN
UNKNOWN,UNBRANDED,FOOD PACKAGING,PP,SINGLE LAYER,1,EAST LOMBOK,WEST NUSA TENGGARA,2023-09-29,MOUNTAIN
UNKNOWN,UNBRANDED,FOOD PACKAGING,PET,SINGLE LAYER,1,EAST LOMBOK,WEST NUSA TENGGARA,2023-09-29,MOUNTAIN
ROYCO,CAMPBELL SOUP COMPANY,FOOD PACKAGING,PS,MULTI LAYER,4,EAST LOMBOK,WEST NUSA TENGGARA,2023-09-29,MOUNTAIN
SARI BREAD,NIPPON INDOSARI CORPINDO,FOOD PACKAGING,PS,SINGLE LAYER,4,EAST LOMBOK,WEST NUSA TENGGARA,2023-09-29,MOUNTAIN
ANTANGIN,DELTOMED LABORATORIES,PERSONAL CARE,PS,MULTI LAYER,8,EAST LOMBOK,WEST NUSA TENGGARA,2023-09-29,MOUNTAIN
SUNBLMWI,UNKNOWN,PERSONAL CARE,PS,MULTI LAYER,1,EAST LOMBOK,WEST NUSA TENGGARA,2023-09-29,MOUNTAIN
KANZLER,MACROPRIMA PANGANUTAMA SEMARANG,FOOD PACKAGING,PS,SINGLE LAYER,4,EAST LOMBOK,WEST NUSA TENGGARA,2023-09-29,MOUNTAIN
YOGURT,UNBRANDED,FOOD PACKAGING,PS,SINGLE LAYER,1,EAST LOMBOK,WEST NUSA TENGGARA,2023-09-29,MOUNTAIN
MIXED NUTS,DUA KELINCI,FOOD PACKAGING,PS,MULTI LAYER,1,EAST LOMBOK,WEST NUSA TENGGARA,2023-09-29,MOUNTAIN
TOLAK ANGIN,SIDOMUNCUL,FOOD PACKAGING,PS,SINGLE LAYER,1,EAST LOMBOK,WEST NUSA TENGGARA,2023-09-29,MOUNTAIN
SO NICE,SO GOOD,FOOD PACKAGING,PS,SINGLE LAYER,7,EAST LOMBOK,WEST NUSA TENGGARA,2023-09-29,MOUNTAIN
NEXTAR,NABATI,FOOD PACKAGING,PS,SINGLE LAYER,1,EAST LOMBOK,WEST NUSA TENGGARA,2023-09-29,MOUNTAIN
SLAI OLAI,MAYORA INDAH,FOOD PACKAGING,PS,SINGLE LAYER,1,EAST LOMBOK,WEST NUSA TENGGARA,2023-09-29,MOUNTAIN
NUTRIJEL,FORISA NUSA PERSADA,FOOD PACKAGING,PS,MULTI LAYER,1,EAST LOMBOK,WEST NUSA TENGGARA,2023-09-29,MOUNTAIN
CHOCOLATE,INTERNASIONAL BAKERY DENPASAR,FOOD PACKAGING,PS,SINGLE LAYER,2,EAST LOMBOK,WEST NUSA TENGGARA,2023-09-29,MOUNTAIN
PEPSODENT,UNILEVER,PERSONAL CARE,PP,MULTI LAYER,1,EAST LOMBOK,WEST NUSA TENGGARA,2023-09-29,MOUNTAIN
BEARBRAND,NESTLE,FOOD PACKAGING,PS,SINGLE LAYER,1,EAST LOMBOK,WEST NUSA TENGGARA,2023-09-29,MOUNTAIN
FITBAR,UNBRANDED,FOOD PACKAGING,PS,MULTI LAYER,5,EAST LOMBOK,WEST NUSA TENGGARA,2023-09-29,MOUNTAIN
TWINS,PRIFOOD CORPORATION,FOOD PACKAGING,PS,SINGLE LAYER,3,EAST LOMBOK,WEST NUSA TENGGARA,2023-09-29,MOUNTAIN
MALKIST,PT MAYORA INDAH TBK,FOOD PACKAGING,PET,MULTI LAYER,3,EAST LOMBOK,WEST NUSA TENGGARA,2023-09-29,MOUNTAIN
GARY SALUT,GARUDA FOOD,FOOD PACKAGING,PS,MULTI LAYER,2,EAST LOMBOK,WEST NUSA TENGGARA,2023-09-29,MOUNTAIN
SUPERSTAR,MAYORA INDAH,FOOD PACKAGING,PS,MULTI LAYER,2,EAST LOMBOK,WEST NUSA TENGGARA,2023-09-29,MOUNTAIN
PASEO,ASIA PULP & PAPER GROUP,PERSONAL CARE,PS,SINGLE LAYER,1,EAST LOMBOK,WEST NUSA TENGGARA,2023-09-29,MOUNTAIN
SUN KARA,PULAU SAMBU,FOOD PACKAGING,PS,MULTI LAYER,4,EAST LOMBOK,WEST NUSA TENGGARA,2023-09-29,MOUNTAIN
HEAD AND SHOULDER,PROCTER & GAMBLE,PERSONAL CARE,PS,MULTI LAYER,1,EAST LOMBOK,WEST NUSA TENGGARA,2023-09-29,MOUNTAIN
BETTER,MAYORA INDAH,FOOD PACKAGING,PS,MULTI LAYER,1,EAST LOMBOK,WEST NUSA TENGGARA,2023-09-29,MOUNTAIN
KHONG GUAN,KHONG GUAN,FOOD PACKAGING,PS,MULTI LAYER,1,EAST LOMBOK,WEST NUSA TENGGARA,2023-09-29,MOUNTAIN
CLEAR,UNILEVER,PERSONAL CARE,PS,MULTI LAYER,2,EAST LOMBOK,WEST NUSA TENGGARA,2023-09-29,MOUNTAIN
ZINC,PT LION WINGS,PERSONAL CARE,PS,MULTI LAYER,1,EAST LOMBOK,WEST NUSA TENGGARA,2023-09-29,MOUNTAIN
DOVE,"MARS, INCORPORATED",PERSONAL CARE,PS,MULTI LAYER,2,EAST LOMBOK,WEST NUSA TENGGARA,2023-09-29,MOUNTAIN
ROSE BRAND,CV BUMI WARAS,FOOD PACKAGING,PS,SINGLE LAYER,1,EAST LOMBOK,WEST NUSA TENGGARA,2023-09-29,MOUNTAIN
OREO,DONGSUH FOODS,FOOD PACKAGING,PS,SINGLE LAYER,1,EAST LOMBOK,WEST NUSA TENGGARA,2023-09-29,MOUNTAIN
BANGO,UNILEVER,FOOD PACKAGING,PS,MULTI LAYER,1,EAST LOMBOK,WEST NUSA TENGGARA,2023-09-29,MOUNTAIN
BLUE BAND,UNILEVER,FOOD PACKAGING,PS,SINGLE LAYER,3,EAST LOMBOK,WEST NUSA TENGGARA,2023-09-29,MOUNTAIN
MADURASA,MADURASA UNGGULAN NUSANTARA,FOOD PACKAGING,PS,SINGLE LAYER,1,EAST LOMBOK,WEST NUSA TENGGARA,2023-09-29,MOUNTAIN
COCA COLA,THE COCA-COLA COMPANY,FOOD PACKAGING,PET,SINGLE LAYER,5,EAST LOMBOK,WEST NUSA TENGGARA,2023-09-29,MOUNTAIN
COCA COLA,THE COCA-COLA COMPANY,FOOD PACKAGING,HDPE,SINGLE LAYER,5,EAST LOMBOK,WEST NUSA TENGGARA,2023-09-29,MOUNTAIN
COCA COLA,THE COCA-COLA COMPANY,FOOD PACKAGING,HDPE,SINGLE LAYER,16,EAST LOMBOK,WEST NUSA TENGGARA,2023-09-29,MOUNTAIN
POCARI SWEAT,OTSUKA,FOOD PACKAGING,PET,SINGLE LAYER,11,EAST LOMBOK,WEST NUSA TENGGARA,2023-09-29,MOUNTAIN
POCARI SWEAT,OTSUKA,FOOD PACKAGING,HDPE,SINGLE LAYER,11,EAST LOMBOK,WEST NUSA TENGGARA,2023-09-29,MOUNTAIN
POCARI SWEAT,OTSUKA,FOOD PACKAGING,HDPE,SINGLE LAYER,14,EAST LOMBOK,WEST NUSA TENGGARA,2023-09-29,MOUNTAIN
SPRITE,THE COCA-COLA COMPANY,FOOD PACKAGING,PET,SINGLE LAYER,2,EAST LOMBOK,WEST NUSA TENGGARA,2023-09-29,MOUNTAIN
SPRITE,THE COCA-COLA COMPANY,FOOD PACKAGING,HDPE,SINGLE LAYER,1,EAST LOMBOK,WEST NUSA TENGGARA,2023-09-29,MOUNTAIN
SPRITE,THE COCA-COLA COMPANY,FOOD PACKAGING,HDPE,SINGLE LAYER,2,EAST LOMBOK,WEST NUSA TENGGARA,2023-09-29,MOUNTAIN
FLORIDINA,WINGS INDONESIA,FOOD PACKAGING,HDPE,SINGLE LAYER,1,EAST LOMBOK,WEST NUSA TENGGARA,2023-09-29,MOUNTAIN
FLORIDINA,WINGS INDONESIA,FOOD PACKAGING,HDPE,SINGLE LAYER,1,EAST LOMBOK,WEST NUSA TENGGARA,2023-09-29,MOUNTAIN
FLORIDINA,WINGS INDONESIA,FOOD PACKAGING,HDPE,SINGLE LAYER,2,EAST LOMBOK,WEST NUSA TENGGARA,2023-09-29,MOUNTAIN
MIZONE,DANONE,FOOD PACKAGING,HDPE,SINGLE LAYER,1,EAST LOMBOK,WEST NUSA TENGGARA,2023-09-29,MOUNTAIN
TANOBEL,PT SARIGUNA PRIMATIRTA TBK,FOOD PACKAGING,HDPE,SINGLE LAYER,1,EAST LOMBOK,WEST NUSA TENGGARA,2023-09-29,MOUNTAIN
TANOBEL,PT SARIGUNA PRIMATIRTA TBK,FOOD PACKAGING,HDPE,SINGLE LAYER,1,EAST LOMBOK,WEST NUSA TENGGARA,2023-09-29,MOUNTAIN
TANOBEL,PT SARIGUNA PRIMATIRTA TBK,FOOD PACKAGING,HDPE,SINGLE LAYER,1,EAST LOMBOK,WEST NUSA TENGGARA,2023-09-29,MOUNTAIN
KAPAL API,SANTOS JAYA ABADI,FOOD PACKAGING,HDPE,SINGLE LAYER,1,EAST LOMBOK,WEST NUSA TENGGARA,2023-09-29,MOUNTAIN
KAPAL API,SANTOS JAYA ABADI,FOOD PACKAGING,HDPE,SINGLE LAYER,1,EAST LOMBOK,WEST NUSA TENGGARA,2023-09-29,MOUNTAIN
KAPAL API,SANTOS JAYA ABADI,FOOD PACKAGING,HDPE,SINGLE LAYER,1,EAST LOMBOK,WEST NUSA TENGGARA,2023-09-29,MOUNTAIN
INDOMARET,INDOMARCO PRISMATAMA,FOOD PACKAGING,HDPE,SINGLE LAYER,1,EAST LOMBOK,WEST NUSA TENGGARA,2023-09-29,MOUNTAIN
INDOMARET,INDOMARCO PRISMATAMA,FOOD PACKAGING,HDPE,SINGLE LAYER,1,EAST LOMBOK,WEST NUSA TENGGARA,2023-09-29,MOUNTAIN
INDOMARET,INDOMARCO PRISMATAMA,FOOD PACKAGING,HDPE,SINGLE LAYER,2,EAST LOMBOK,WEST NUSA TENGGARA,2023-09-29,MOUNTAIN
PULPY,THE COCA-COLA COMPANY,FOOD PACKAGING,HDPE,SINGLE LAYER,1,EAST LOMBOK,WEST NUSA TENGGARA,2023-09-29,MOUNTAIN
PULPY,THE COCA-COLA COMPANY,FOOD PACKAGING,HDPE,SINGLE LAYER,1,EAST LOMBOK,WEST NUSA TENGGARA,2023-09-29,MOUNTAIN
PULPY,THE COCA-COLA COMPANY,FOOD PACKAGING,HDPE,SINGLE LAYER,1,EAST LOMBOK,WEST NUSA TENGGARA,2023-09-29,MOUNTAIN
MADU TJ,ULTRASAKTI,FOOD PACKAGING,HDPE,SINGLE LAYER,1,EAST LOMBOK,WEST NUSA TENGGARA,2023-09-29,MOUNTAIN
MADU TJ,ULTRASAKTI,FOOD PACKAGING,HDPE,SINGLE LAYER,1,EAST LOMBOK,WEST NUSA TENGGARA,2023-09-29,MOUNTAIN
SKINCARE,UNKNOWN,FOOD PACKAGING,HDPE,SINGLE LAYER,1,EAST LOMBOK,WEST NUSA TENGGARA,2023-09-29,MOUNTAIN
KOPI ABC,SANTOS JAYA ABADI,FOOD PACKAGING,PS,MULTI LAYER,7,EAST LOMBOK,WEST NUSA TENGGARA,2023-09-29,MOUNTAIN
MIE SEDAAP,WINGS,FOOD PACKAGING,PS,SINGLE LAYER,15,EAST LOMBOK,WEST NUSA TENGGARA,2023-09-29,MOUNTAIN
BISCUIT ROMA,MAYORA INDAH,FOOD PACKAGING,PS,SINGLE LAYER,2,EAST LOMBOK,WEST NUSA TENGGARA,2023-09-29,MOUNTAIN
INDOMIE,INDOFOOD,FOOD PACKAGING,PS,SINGLE LAYER,2,EAST LOMBOK,WEST NUSA TENGGARA,2023-09-29,MOUNTAIN
JOLLY,COMFOODS COMMONWEALTH FOOD INC.,PERSONAL CARE,PS,SINGLE LAYER,4,EAST LOMBOK,WEST NUSA TENGGARA,2023-09-29,MOUNTAIN
BENG BENG,MAYORA INDA,FOOD PACKAGING,PS,SINGLE LAYER,9,EAST LOMBOK,WEST NUSA TENGGARA,2023-09-29,MOUNTAIN
SELERA PEDAS,ABC PRESIDENT INDONESIA,FOOD PACKAGING,PET,SINGLE LAYER,1,EAST LOMBOK,WEST NUSA TENGGARA,2023-09-29,MOUNTAIN
BIG BABOL,PERFETTI VAN MELLE,FOOD PACKAGING,PS,SINGLE LAYER,1,EAST LOMBOK,WEST NUSA TENGGARA,2023-09-29,MOUNTAIN
BETTER,MAYORA INDAH,FOOD PACKAGING,PS,SINGLE LAYER,3,EAST LOMBOK,WEST NUSA TENGGARA,2023-09-29,MOUNTAIN
RACIK,INDOFOOD,FOOD PACKAGING,PS,SINGLE LAYER,1,EAST LOMBOK,WEST NUSA TENGGARA,2023-09-29,MOUNTAIN
MIE GELAS,MAYORA INDAH,FOOD PACKAGING,PS,SINGLE LAYER,1,EAST LOMBOK,WEST NUSA TENGGARA,2023-09-29,MOUNTAIN
KOPI YA,SANTOS JAYA ABADI,FOOD PACKAGING,PS,SINGLE LAYER,4,EAST LOMBOK,WEST NUSA TENGGARA,2023-09-29,MOUNTAIN
NUT GARUDA,TUDUNG GROUP,FOOD PACKAGING,PS,SINGLE LAYER,4,EAST LOMBOK,WEST NUSA TENGGARA,2023-09-29,MOUNTAIN
UNKNOWN,UNBRANDED,OTHERS,HDPE,SINGLE LAYER,165,EAST LOMBOK,WEST NUSA TENGGARA,2023-09-29,MOUNTAIN
LUWAK,JAVA PRIMA ABADI,FOOD PACKAGING,PS,MULTI LAYER,3,EAST LOMBOK,WEST NUSA TENGGARA,2023-09-29,MOUNTAIN
NUTRISARI,NUTRIFOOD,FOOD PACKAGING,PS,MULTI LAYER,14,EAST LOMBOK,WEST NUSA TENGGARA,2023-09-29,MOUNTAIN
EXTRA JOSS,BINTANG TOEDJOE,FOOD PACKAGING,PS,MULTI LAYER,2,EAST LOMBOK,WEST NUSA TENGGARA,2023-09-29,MOUNTAIN
SARI WANGI,ANGRI WANGI INDONESIA,FOOD PACKAGING,PS,SINGLE LAYER,2,EAST LOMBOK,WEST NUSA TENGGARA,2023-09-29,MOUNTAIN
ENERGEN,MAYORA INDAH,FOOD PACKAGING,PS,MULTI LAYER,9,EAST LOMBOK,WEST NUSA TENGGARA,2023-09-29,MOUNTAIN
INDOCAFE,INDOFOOD,FOOD PACKAGING,PS,MULTI LAYER,2,EAST LOMBOK,WEST NUSA TENGGARA,2023-09-29,MOUNTAIN
INDOMILK,INDOFOOD,FOOD PACKAGING,PS,MULTI LAYER,15,EAST LOMBOK,WEST NUSA TENGGARA,2023-09-29,MOUNTAIN
FRISIAN FLAG,FRIESLANDCAMPINA,FOOD PACKAGING,PS,MULTI LAYER,11,EAST LOMBOK,WEST NUSA TENGGARA,2023-09-29,MOUNTAIN
KOPI LIONG,NGESTI PRIMA MAKMUR,FOOD PACKAGING,PS,MULTI LAYER,1,EAST LOMBOK,WEST NUSA TENGGARA,2023-09-29,MOUNTAIN
ADEM SARI,SARI ENESIS INDAH,FOOD PACKAGING,PS,MULTI LAYER,1,EAST LOMBOK,WEST NUSA TENGGARA,2023-09-29,MOUNTAIN
CHOCOLATOS,GARUDA FOOD,FOOD PACKAGING,PS,MULTI LAYER,2,EAST LOMBOK,WEST NUSA TENGGARA,2023-09-29,MOUNTAIN
JAHE MERAH AMH,ANUGRAH PERSADA ALAM,FOOD PACKAGING,PS,SINGLE LAYER,2,EAST LOMBOK,WEST NUSA TENGGARA,2023-09-29,MOUNTAIN
HONEY LEMON,UNKNOWN,FOOD PACKAGING,PS,MULTI LAYER,1,EAST LOMBOK,WEST NUSA TENGGARA,2023-09-29,MOUNTAIN
MARIMAS,MARIMAS PUTERA KENCANA,FOOD PACKAGING,PS,MULTI LAYER,2,EAST LOMBOK,WEST NUSA TENGGARA,2023-09-29,MOUNTAIN
JAS JUS,WINGS,FOOD PACKAGING,PS,SINGLE LAYER,1,EAST LOMBOK,WEST NUSA TENGGARA,2023-09-29,MOUNTAIN
MILO,NESTLE,FOOD PACKAGING,PS,MULTI LAYER,3,EAST LOMBOK,WEST NUSA TENGGARA,2023-09-29,MOUNTAIN
KAPAL API,SANTOS JAYA ABADI,FOOD PACKAGING,PS,MULTI LAYER,3,EAST LOMBOK,WEST NUSA TENGGARA,2023-09-29,MOUNTAIN
