Brand Name;Parent Company;If Parent Company does not appear automatically or needs correction, please add here.;Item Description;Type of Product;Type of Material;Layers;Total Count;City;Provinces;Time of Audit;Type of Audit;Specifics of Audit
PUTRI PANDA;Putri Panda;;FOOD;FP;PET;SL;6;Cilacap;Central Java;09/09/2023;Outdoor;Coast/Shoreline
ABC;Santos Jaya Abadi;;COFFE;FP;PET;SL;12;Cilacap;Central Java;09/09/2023;Outdoor;Coast/Shoreline
KAPAL API;Santos Jaya Abadi;;COFFE;FP;PET;SL;3;Cilacap;Central Java;09/09/2023;Outdoor;Coast/Shoreline
KOPI GOOD DAY;;Santos Jaya Abadi;COFFE;FP;PET;SL;3;Cilacap;Central Java;09/09/2023;Outdoor;Coast/Shoreline
POP MIE;Indofood;;NOODLES;FP;PS;SL;1;Cilacap;Central Java;09/09/2023;Outdoor;Coast/Shoreline
SEDAAP;Wings;;NOODLES;FP;PS;SL;4;Cilacap;Central Java;09/09/2023;Outdoor;Coast/Shoreline
PIKOPI;;Santos Jaya Abadi;COFFE;FP;PET;SL;1;Cilacap;Central Java;09/09/2023;Outdoor;Coast/Shoreline
ROKOK AROMA;;Niaga Nusa Abadi;CIGARETTE;SM;O;ML;1;Cilacap;Central Java;09/09/2023;Outdoor;Coast/Shoreline
MARCOPOLO;;Sumatra Tobacco Trading Company;CIGARETTE;SM;O;ML;1;Cilacap;Central Java;09/09/2023;Outdoor;Coast/Shoreline
GUDANG GARAM;Gudang Garam Tbk.;;CIGARETTE;SM;O;ML;2;Cilacap;Central Java;09/09/2023;Outdoor;Coast/Shoreline
DJARUM SUPER;Djarum;;CIGARETTE;SM;O;ML;2;Cilacap;Central Java;09/09/2023;Outdoor;Coast/Shoreline
TOP COFFEE;Harum;;COFFE;FP;PET;SL;1;Cilacap;Central Java;09/09/2023;Outdoor;Coast/Shoreline
TAPAL KOEDA;;Tapal Kuda Kencana;CIGARETTE;SM;O;SL;1;Cilacap;Central Java;09/09/2023;Outdoor;Coast/Shoreline
MISTER;;Siantar Top;FRENCH FRIES;FP;PET;SL;2;Cilacap;Central Java;09/09/2023;Outdoor;Coast/Shoreline
PADIMAS;Stanly Trijaya Mandiri;;BREAD;FP;PET;SL;4;Cilacap;Central Java;09/09/2023;Outdoor;Coast/Shoreline
AOKA;Indonesia Bakery Family;;BREAD;FP;PET;SL;3;Cilacap;Central Java;09/09/2023;Outdoor;Coast/Shoreline
SARI ROTI;Nippon Indosari Corpindo;;BREAD;FP;PET;SL;1;Cilacap;Central Java;09/09/2023;Outdoor;Coast/Shoreline
BALIMAS;;Unknown;BREAD;FP;PET;SL;1;Cilacap;Central Java;09/09/2023;Outdoor;Coast/Shoreline
SARI WANGI;Angri Wangi Indonesia;;BREAD;FP;PET;SL;1;Cilacap;Central Java;09/09/2023;Outdoor;Coast/Shoreline
MANIZ;;Unknown;BREAD;FP;PET;SL;3;Cilacap;Central Java;09/09/2023;Outdoor;Coast/Shoreline
SEDAAP;Wings;;NOODLES;FP;PET;SL;6;Cilacap;Central Java;09/09/2023;Outdoor;Coast/Shoreline
INDOMIE;Indofood;;NOODLES;FP;PET;SL;2;Cilacap;Central Java;09/09/2023;Outdoor;Coast/Shoreline
MINYAKITA;;Apical Group;COOKING OIL;FP;PET;SL;2;Cilacap;Central Java;09/09/2023;Outdoor;Coast/Shoreline
PANTENE;Colgate-Palmolive;;SHAMPOO;PC;PET;SL;3;Cilacap;Central Java;09/09/2023;Outdoor;Coast/Shoreline
HEAD & SHOULDERS;Head & Shoulder;;SHAMPOO;PC;PET;SL;2;Cilacap;Central Java;09/09/2023;Outdoor;Coast/Shoreline
REJOICE;phrong intertrade co ltd;;SHAMPOO;PC;PET;SL;1;Cilacap;Central Java;09/09/2023;Outdoor;Coast/Shoreline
AQUA;Danone;;BOTTLE;FP;HDPE;ML;2;Cilacap;Central Java;09/09/2023;Outdoor;Coast/Shoreline
MINYAK GORENG SMART;;Unknown;COOKING OIL;FP;PET;SL;1;Cilacap;Central Java;09/09/2023;Outdoor;Coast/Shoreline
FRAISWELL;Bina Karya Prima;;COOKING OIL;FP;PET;SL;1;Cilacap;Central Java;09/09/2023;Outdoor;Coast/Shoreline
TICTIC;Siantar Top;;SNACK;FP;PET;SL;1;Cilacap;Central Java;09/09/2023;Outdoor;Coast/Shoreline
PEMBALUT CHARM;;Uni-Charm Indonesia;BANDAGE;PC;PET;SL;1;Cilacap;Central Java;09/09/2023;Outdoor;Coast/Shoreline
BABY HAPPY;PROTEX;;PAMPERS;PC;PET;SL;1;Cilacap;Central Java;09/09/2023;Outdoor;Coast/Shoreline
EKOMIE;Wings;;NOODLES;FP;O;ML;1;Cilacap;Central Java;09/09/2023;Outdoor;Coast/Shoreline
NEXTAR;Nabati;;SNACK;FP;PET;SL;2;Cilacap;Central Java;09/09/2023;Outdoor;Coast/Shoreline
GARUDA;Tudung Group;;SNACK;FP;PET;SL;2;Cilacap;Central Java;09/09/2023;Outdoor;Coast/Shoreline
VIT;Tirta Investama;;DRINK;FP;PET;SL;1;Cilacap;Central Java;09/09/2023;Outdoor;Coast/Shoreline
ROMA SARI GANDUM;Mayora Indah;;BREAD;FP;PET;SL;1;Cilacap;Central Java;09/09/2023;Outdoor;Coast/Shoreline
ZINC;PT Lion Wings;;SHAMPOO;PC;PET;ML;1;Cilacap;Central Java;09/09/2023;Outdoor;Coast/Shoreline
GOLIA;Perfetti van Melle;;CANDY;FP;PET;ML;1;Cilacap;Central Java;09/09/2023;Outdoor;Coast/Shoreline
KISS;Mayora Indah;;CANDY;FP;PET;ML;5;Cilacap;Central Java;09/09/2023;Outdoor;Coast/Shoreline
COFFEE CANDY;;Santos Jaya Abadi;CANDY;FP;PET;ML;1;Cilacap;Central Java;09/09/2023;Outdoor;Coast/Shoreline
RELAXA;Agel Langgeng;;CANDY;FP;PET;ML;2;Cilacap;Central Java;09/09/2023;Outdoor;Coast/Shoreline
MINTZ;Orang Tua;;CANDY;FP;PET;ML;2;Cilacap;Central Java;09/09/2023;Outdoor;Coast/Shoreline
SASA;Sasa Inti;;FLAVORING;FP;PET;ML;4;Cilacap;Central Java;09/09/2023;Outdoor;Coast/Shoreline
MASAKO;Ajinomoto;;FLAVORING;FP;PET;ML;2;Cilacap;Central Java;09/09/2023;Outdoor;Coast/Shoreline
YOUKA;;Unknown;CANDY;FP;PET;ML;3;Cilacap;Central Java;09/09/2023;Outdoor;Coast/Shoreline
KLIK;Indofood;;BREAD;FP;PET;ML;1;Cilacap;Central Java;09/09/2023;Outdoor;Coast/Shoreline
SUPER;Gandhi Spices Pvt. Ltd.;;TISSUE;HP;PET;SL;1;Cilacap;Central Java;09/09/2023;Outdoor;Coast/Shoreline
ATTACK;Kao Corporation Chemicals company;;DETERGEN;HP;PET;ML;1;Cilacap;Central Java;09/09/2023;Outdoor;Coast/Shoreline
TRESEMME;Godefroy;;SHAMPOO;PC;PET;ML;1;Cilacap;Central Java;09/09/2023;Outdoor;Coast/Shoreline
SABDO PALON;;Unknown;JAMU;FP;PET;SL;1;Cilacap;Central Java;09/09/2023;Outdoor;Coast/Shoreline
KANZLER;;PT Macroprima Panganutama;SAUSAGE;FP;PET;ML;2;Cilacap;Central Java;09/09/2023;Outdoor;Coast/Shoreline
GERY SALUT;Garuda Food;;BREAD;FP;PET;ML;1;Cilacap;Central Java;09/09/2023;Outdoor;Coast/Shoreline
CUP;Unbranded;;CUP   ;FP;PS;SL;2;Cilacap;Central Java;09/09/2023;Outdoor;Coast/Shoreline
DAIA;Wings;;DETERGEN;HP;PET;ML;3;Cilacap;Central Java;09/09/2023;Outdoor;Coast/Shoreline
EKONOMI;Wings;;DETERGEN;HP;PET;ML;2;Cilacap;Central Java;09/09/2023;Outdoor;Coast/Shoreline
SO KLIN;Wings;;DETERGEN;HP;PET;ML;1;Cilacap;Central Java;09/09/2023;Outdoor;Coast/Shoreline
MAMY POKO;Unicharm;;PAMPERS;HP;PET;ML;1;Cilacap;Central Java;09/09/2023;Outdoor;Coast/Shoreline
KOPIKO;Mayora Indah;;CANDY;FP;PET;ML;3;Cilacap;Central Java;09/09/2023;Outdoor;Coast/Shoreline
CLEO;Tanobel Food;;DRINK;FP;PET;SL;1;Cilacap;Central Java;09/09/2023;Outdoor;Coast/Shoreline
SO NICE;So Good;;SAUSAGE;FP;PET;SL;1;Cilacap;Central Java;09/09/2023;Outdoor;Coast/Shoreline
KOMIX;Bintang Toedjoe;;JAMU;FP;PET;ML;2;Cilacap;Central Java;09/09/2023;Outdoor;Coast/Shoreline
TOLAK ANGIN;Sidomuncul;;JAMU;FP;PET;ML;1;Cilacap;Central Java;09/09/2023;Outdoor;Coast/Shoreline
FRISIAN FLAG;FrieslandCampina;;MILK;FP;PET;ML;2;Cilacap;Central Java;09/09/2023;Outdoor;Coast/Shoreline
MIRANDA;Unbranded;;HAIR DYES;PC;PET;ML;1;Cilacap;Central Java;09/09/2023;Outdoor;Coast/Shoreline
ANTANGIN;Deltomed Laboratories;;JAMU;FP;PET;ML;2;Cilacap;Central Java;09/09/2023;Outdoor;Coast/Shoreline
TEH GELAS;Orang Tua;;DRINK;FP;PET;SL;2;Cilacap;Central Java;09/09/2023;Outdoor;Coast/Shoreline
LIFEBUOY;Unilever;;SHAMPOO;PC;PET;ML;1;Cilacap;Central Java;09/09/2023;Outdoor;Coast/Shoreline
ULTRA MILK;Ultrajaya;;MILK;FP;O;ML;1;Cilacap;Central Java;09/09/2023;Outdoor;Coast/Shoreline
DUA PUTRA;;Unknown;BREAD;FP;PET;SL;1;Cilacap;Central Java;09/09/2023;Outdoor;Coast/Shoreline
NABATI;Nabati Group.;;WAFER;FP;PET;ML;1;Cilacap;Central Java;09/09/2023;Outdoor;Coast/Shoreline
ROMA;Mayora Indah;;BREAD;FP;PET;ML;2;Cilacap;Central Java;09/09/2023;Outdoor;Coast/Shoreline
AOKA;Indonesia Bakery Family;;BREAD;FP;PET;ML;3;Cilacap;Central Java;09/09/2023;Outdoor;Coast/Shoreline
YAKULT;Yakult;;DRINK;FP;HDPE;SL;2;Cilacap;Central Java;09/09/2023;Outdoor;Coast/Shoreline
SIMBA;Simba Indosnack Makmur;;CEREAL;FP;PET;ML;1;Cilacap;Central Java;09/09/2023;Outdoor;Coast/Shoreline
ROLIS;;Unknown;BREAD;FP;PET;ML;2;Cilacap;Central Java;09/09/2023;Outdoor;Coast/Shoreline
INDOFOOD;Indofood;;SAUS;FP;PET;ML;4;Cilacap;Central Java;09/09/2023;Outdoor;Coast/Shoreline
NUVO;Wings;;SABUN;HP;PET;ML;1;Cilacap;Central Java;09/09/2023;Outdoor;Coast/Shoreline
ROCKET CHICKEN;;Unknown;SAUS;FP;PET;ML;1;Cilacap;Central Java;09/09/2023;Outdoor;Coast/Shoreline
KACANG CIKUR POGO;;Unknown;SNACK;FP;PET;ML;2;Cilacap;Central Java;09/09/2023;Outdoor;Coast/Shoreline
GERY;Garuda Food;;MEISES;FP;PET;ML;2;Cilacap;Central Java;09/09/2023;Outdoor;Coast/Shoreline
WALLS;Unilever;;ICE CREAM;FP;PET;ML;5;Cilacap;Central Java;09/09/2023;Outdoor;Coast/Shoreline
MENTOS;Perfetti van Melle;;PERMEN;FP;PET;ML;2;Cilacap;Central Java;09/09/2023;Outdoor;Coast/Shoreline
BLASTER;Ultra Prima Abadi;;PERMEN;FP;PET;ML;1;Cilacap;Central Java;09/09/2023;Outdoor;Coast/Shoreline
CUCU;;Internusa Food;COKLAT;FP;PET;SL;1;Cilacap;Central Java;09/09/2023;Outdoor;Coast/Shoreline
ZINC;PT Lion Wings;;SHAMPOO;PC;PET;ML;1;Cilacap;Central Java;09/09/2023;Outdoor;Coast/Shoreline
POLYGON;;Unknown;-;O;O;ML;1;Cilacap;Central Java;09/09/2023;Outdoor;Coast/Shoreline
MISTER POTATO;;Pacific Food Indonesia;KERIPIK;FP;PET;ML;1;Cilacap;Central Java;09/09/2023;Outdoor;Coast/Shoreline
CHOCOLATOS;Garuda Food;;COKLAT;FP;PET;ML;2;Cilacap;Central Java;09/09/2023;Outdoor;Coast/Shoreline
MIE KREMEZZ;Tiga Pilar Sejahtera;;MIE;FP;PET;ML;2;Cilacap;Central Java;09/09/2023;Outdoor;Coast/Shoreline
GORIORIO;Siantar Top;;BREAD;FP;PET;ML;1;Cilacap;Central Java;09/09/2023;Outdoor;Coast/Shoreline
YUPI;Yupindo;;PERMEN;FP;PET;ML;1;Cilacap;Central Java;09/09/2023;Outdoor;Coast/Shoreline
SPRITE;The Coca-Cola Company;;DRINK;FP;PET;SL;1;Cilacap;Central Java;09/09/2023;Outdoor;Coast/Shoreline
XIANG XIANG;;Unknown;-;FP;PET;ML;1;Cilacap;Central Java;09/09/2023;Outdoor;Coast/Shoreline
BLUE BAND;unilever;;MARGARIN;FP;PET;ML;1;Cilacap;Central Java;09/09/2023;Outdoor;Coast/Shoreline
KAIPA;;Unknown;BREAD;FP;PET;ML;1;Cilacap;Central Java;09/09/2023;Outdoor;Coast/Shoreline
PILUS CAP BAWANG TUNGGAL;;Unknown;SNACK;FP;PET;ML;1;Cilacap;Central Java;09/09/2023;Outdoor;Coast/Shoreline
CHOKI CHOKI;Mayora Indah;;COKLAT;FP;PET;ML;2;Cilacap;Central Java;09/09/2023;Outdoor;Coast/Shoreline
VITAMIN C;;Unknown;VITAMIN;FP;PET;ML;1;Cilacap;Central Java;09/09/2023;Outdoor;Coast/Shoreline
MADURASA;Madurasa Unggulan Nusantara;;HONEY;FP;PET;ML;1;Cilacap;Central Java;09/09/2023;Outdoor;Coast/Shoreline
LE MINERALE;Mayora Indah;;TISU;HP;PET;ML;1;Cilacap;Central Java;09/09/2023;Outdoor;Coast/Shoreline
GUDANG GARAM;Gudang Garam Tbk.;;CIGARETTE;SM;PET;SL;1;Cilacap;Central Java;09/09/2023;Outdoor;Coast/Shoreline
DEKA;;Unknown;BREAD;FP;PET;ML;1;Cilacap;Central Java;09/09/2023;Outdoor;Coast/Shoreline
TINGTING;;Garuda Food;PERMEN;FP;PET;ML;1;Cilacap;Central Java;09/09/2023;Outdoor;Coast/Shoreline
TERASI UDANG;;Unknown;TERASI;FP;PET;ML;1;Cilacap;Central Java;09/09/2023;Outdoor;Coast/Shoreline
TESSA;;PT Graha Kerindo Utama;TISU;PC;PET;ML;1;Cilacap;Central Java;09/09/2023;Outdoor;Coast/Shoreline
KABITA;;Unknown;KERUPUK;FP;PET;ML;1;Cilacap;Central Java;09/09/2023;Outdoor;Coast/Shoreline
SOFFELL;;Enesis Group;OBAT NYAMUK;PC;PET;ML;1;Cilacap;Central Java;09/09/2023;Outdoor;Coast/Shoreline
FINTO;Forisa Nusa Persada;;DRINK;FP;PET;ML;1;Cilacap;Central Java;09/09/2023;Outdoor;Coast/Shoreline
SUKIYAKI;;Unknown;SNACK;FP;PET;ML;1;Cilacap;Central Java;09/09/2023;Outdoor;Coast/Shoreline
JAGO BAWANG;;Unknown;KACANG ATOM;FP;PET;ML;2;Cilacap;Central Java;09/09/2023;Outdoor;Coast/Shoreline
KONIDIN;;PT Konimex;MEDICINE;PC;PET;ML;1;Cilacap;Central Java;09/09/2023;Outdoor;Coast/Shoreline
MODI;;Ranjani Jaya Lestari;PERMEN;FP;PET;ML;1;Cilacap;Central Java;09/09/2023;Outdoor;Coast/Shoreline
GURIMI;;PT ABC President Indonesia;MIE;FP;PET;SL;1;Cilacap;Central Java;09/09/2023;Outdoor;Coast/Shoreline
UNKNOWN;Unbranded;;LAINNYA;O;O;Unsure;420;Cilacap;Central Java;09/09/2023;Outdoor;Coast/Shoreline
AOKA;Indonesia Bakery Family;;FOOD PACKAGING;FP;PS;SL;2;Cilacap;Central Java;09/09/2023;Outdoor;Coast/Shoreline
GERY;Garuda Food;;FOOD PACKAGING;FP;PS;SL;2;Cilacap;Central Java;09/09/2023;Outdoor;Coast/Shoreline
DJARUM COKLAT;Djarum;;CIGARETTE;SM;O;ML;1;Cilacap;Central Java;09/09/2023;Outdoor;Coast/Shoreline
SEDAAP;Wings;;FOOD PACKAGING;FP;PS;SL;6;Cilacap;Central Java;09/09/2023;Outdoor;Coast/Shoreline
KISS;Mayora Indah;;FOOD PACKAGING;FP;PS;SL;2;Cilacap;Central Java;09/09/2023;Outdoor;Coast/Shoreline
MILD;;HM Sampoerna, Tbk;CIGARETTE;SM;O;ML;1;Cilacap;Central Java;09/09/2023;Outdoor;Coast/Shoreline
TOP;Delfi limited;;FOOD PACKAGING;FP;PS;SL;1;Cilacap;Central Java;09/09/2023;Outdoor;Coast/Shoreline
DJARUM SUPER;Djarum;;CIGARETTE;SM;O;ML;2;Cilacap;Central Java;09/09/2023;Outdoor;Coast/Shoreline
MENTOS;Perfetti van Melle;;FOOD PACKAGING;FP;PS;SL;3;Cilacap;Central Java;09/09/2023;Outdoor;Coast/Shoreline
GORIORIO;Siantar Top;;FOOD PACKAGING;FP;PS;SL;1;Cilacap;Central Java;09/09/2023;Outdoor;Coast/Shoreline
KOPIKO;Mayora Indah;;FOOD PACKAGING;FP;PS;SL;2;Cilacap;Central Java;09/09/2023;Outdoor;Coast/Shoreline
INAKO JELLY;;PT Niramas Utama;FOOD PACKAGING;FP;PS;SL;10;Cilacap;Central Java;09/09/2023;Outdoor;Coast/Shoreline
KALPA;Mayora Indah;;FOOD PACKAGING;FP;PS;SL;2;Cilacap;Central Java;09/09/2023;Outdoor;Coast/Shoreline
PIATTOS;Universal Robina Corporation;;FOOD PACKAGING;FP;PS;SL;2;Cilacap;Central Java;09/09/2023;Outdoor;Coast/Shoreline
CHOCO PIE;Lotte Confectionary Co;;FOOD PACKAGING;FP;PS;SL;1;Cilacap;Central Java;09/09/2023;Outdoor;Coast/Shoreline
KUACI REBO;Gumindo;;FOOD PACKAGING;FP;PS;SL;1;Cilacap;Central Java;09/09/2023;Outdoor;Coast/Shoreline
SUPER STAR;Mayora Indah;;FOOD PACKAGING;FP;PS;SL;1;Cilacap;Central Java;09/09/2023;Outdoor;Coast/Shoreline
PADDLE POP;Unilever;;FOOD PACKAGING;FP;PS;SL;1;Cilacap;Central Java;09/09/2023;Outdoor;Coast/Shoreline
COCA COLA;The Coca-Cola Company;;FOOD PACKAGING;FP;PS;SL;1;Cilacap;Central Java;09/09/2023;Outdoor;Coast/Shoreline
FRISIAN FLAG;FrieslandCampina;;FOOD PACKAGING;FP;PS;ML;1;Cilacap;Central Java;09/09/2023;Outdoor;Coast/Shoreline
SUPERMI;Indofood;;FOOD PACKAGING;FP;PS;SL;1;Cilacap;Central Java;09/09/2023;Outdoor;Coast/Shoreline
DELFI CHOCO BALL;;Delfi Ltd.;FOOD PACKAGING;FP;PS;SL;2;Cilacap;Central Java;09/09/2023;Outdoor;Coast/Shoreline
DJARUM 76;;Djarum;CIGARETTE;SM;O;ML;1;Cilacap;Central Java;09/09/2023;Outdoor;Coast/Shoreline
SUNLIGHT;Unilever;;SABUN;HP;PET;ML;1;Cilacap;Central Java;09/09/2023;Outdoor;Coast/Shoreline
COFFE CUP;;Unknown;FOOD PACKAGING;FP;PS;ML;1;Cilacap;Central Java;09/09/2023;Outdoor;Coast/Shoreline
VIT;Tirta Investama;;FOOD PACKAGING;FP;PET;ML;1;Cilacap;Central Java;09/09/2023;Outdoor;Coast/Shoreline
KOPI GOOD DAY;;Santos Jaya Abadi;FOOD PACKAGING;FP;PS;SL;4;Cilacap;Central Java;09/09/2023;Outdoor;Coast/Shoreline
POL-T;;Unknown;FOOD PACKAGING;FP;PS;SL;1;Cilacap;Central Java;09/09/2023;Outdoor;Coast/Shoreline
MARSHMALLOW;Unbranded;;FOOD PACKAGING;FP;PS;SL;1;Cilacap;Central Java;09/09/2023;Outdoor;Coast/Shoreline
HOT HOT POP;Bronson;;FOOD PACKAGING;FP;PS;SL;1;Cilacap;Central Java;09/09/2023;Outdoor;Coast/Shoreline
EKONOMI;Wings;;SABUN;HP;PET;ML;1;Cilacap;Central Java;09/09/2023;Outdoor;Coast/Shoreline
PAKU;;Unknown;LOGAM / BESI;FG;PVC;Unsure;5;Cilacap;Central Java;09/09/2023;Outdoor;Coast/Shoreline
NEXTAR;Nabati;;FOOD PACKAGING;FP;PS;SL;1;Cilacap;Central Java;09/09/2023;Outdoor;Coast/Shoreline
CHOCO CHIPS;Simba;;FOOD PACKAGING;FP;PS;SL;1;Cilacap;Central Java;09/09/2023;Outdoor;Coast/Shoreline
GROW;;PT Gudang Baru Berkah;CIGARETTE;SM;O;ML;4;Cilacap;Central Java;09/09/2023;Outdoor;Coast/Shoreline
SAMPOERNA;Philip Morris International;;CIGARETTE;SM;O;ML;3;Cilacap;Central Java;09/09/2023;Outdoor;Coast/Shoreline
GICO;;Perusahaan Rokok Bahagia;CIGARETTE;SM;O;ML;1;Cilacap;Central Java;09/09/2023;Outdoor;Coast/Shoreline
DILAN;;Garuda Food;FOOD PACKAGING;FP;PET;ML;1;Cilacap;Central Java;09/09/2023;Outdoor;Coast/Shoreline
MALKIST;PT Mayora Indah Tbk;;BREAD;FP;PET;ML;1;Cilacap;Central Java;09/09/2023;Outdoor;Coast/Shoreline
KAPAL API;Santos Jaya Abadi;;COFFEE;FP;PET;ML;1;Cilacap;Central Java;09/09/2023;Outdoor;Coast/Shoreline
ROCKET CHICKEN;;Unknown;SAOS;FP;PET;ML;3;Cilacap;Central Java;09/09/2023;Outdoor;Coast/Shoreline
GARAM DAUN;;Unknown;GARAM;FP;PET;SL;3;Cilacap;Central Java;09/09/2023;Outdoor;Coast/Shoreline
MIE KREMEZZ;Tiga Pilar Sejahtera;;SNACK;FP;PET;ML;2;Cilacap;Central Java;09/09/2023;Outdoor;Coast/Shoreline
WALLS;Unilever;;ES;FP;PET;ML;2;Cilacap;Central Java;09/09/2023;Outdoor;Coast/Shoreline
KOPI ABC;Santos Jaya Abadi;;COFFEE;FP;PET;ML;7;Cilacap;Central Java;09/09/2023;Outdoor;Coast/Shoreline
LA;British American Tobacco;;CIGARETTE;SM;O;ML;1;Cilacap;Central Java;09/09/2023;Outdoor;Coast/Shoreline
SO NICE;So Good;;FOOD PACKAGING;PC;PET;ML;3;Cilacap;Central Java;09/09/2023;Outdoor;Coast/Shoreline
CHOCOLATOS;Garuda Food;;FOOD PACKAGING;PC;PET;ML;2;Cilacap;Central Java;09/09/2023;Outdoor;Coast/Shoreline
GUDANG GARAM;Gudang Garam Tbk.;;CIGARETTE;SM;O;ML;4;Cilacap;Central Java;09/09/2023;Outdoor;Coast/Shoreline
DJI SAM SOE;HM Sampoerna, Tbk;;CIGARETTE;SM;O;ML;1;Cilacap;Central Java;09/09/2023;Outdoor;Coast/Shoreline
KIKO;Pandaria Makmur (Kiko Fact);;FOOD PACKAGING;PC;PET;SL;3;Cilacap;Central Java;09/09/2023;Outdoor;Coast/Shoreline
RELAXA;Agel Langgeng;;PERMEN;PC;PET;ML;3;Cilacap;Central Java;09/09/2023;Outdoor;Coast/Shoreline
INDOFOOD;Indofood;;FOOD PACKAGING;PC;PET;SL;6;Cilacap;Central Java;09/09/2023;Outdoor;Coast/Shoreline
ICE CREAM;;Unknown;ES;PC;PET;SL;2;Cilacap;Central Java;09/09/2023;Outdoor;Coast/Shoreline
GO POTATO;Siantar Top;;FOOD PACKAGING;PC;PET;SL;2;Cilacap;Central Java;09/09/2023;Outdoor;Coast/Shoreline
ROKOK KRETEK;;Unknown;CIGARETTE;O;O;ML;1;Cilacap;Central Java;09/09/2023;Outdoor;Coast/Shoreline
MENTOS;Perfetti van Melle;;PERMEN;PC;PET;SL;1;Cilacap;Central Java;09/09/2023;Outdoor;Coast/Shoreline
YUPI;Yupindo;;PERMEN;PC;PET;SL;4;Cilacap;Central Java;09/09/2023;Outdoor;Coast/Shoreline
MY JELLY;Wong Coco;;JELI;PC;PET;SL;1;Cilacap;Central Java;09/09/2023;Outdoor;Coast/Shoreline
GERY SALUT;Garuda Food;;FOOD PACKAGING;PC;PET;SL;2;Cilacap;Central Java;09/09/2023;Outdoor;Coast/Shoreline
MASAKO;Ajinomoto;;PENYEDAP RASA;PC;PET;SL;3;Cilacap;Central Java;09/09/2023;Outdoor;Coast/Shoreline
GO MALKIST;;PT Mayora Indah Tbk;FOOD PACKAGING;PC;PET;SL;1;Cilacap;Central Java;09/09/2023;Outdoor;Coast/Shoreline
AQUA;Danone;;DRINK;PC;PET;SL;12;Cilacap;Central Java;09/09/2023;Outdoor;Coast/Shoreline
ASTOR;Mayora Indah;;FOOD PACKAGING;PC;PET;SL;1;Cilacap;Central Java;09/09/2023;Outdoor;Coast/Shoreline
POP MIE;Indofood;;FOOD PACKAGING;PC;PET;ML;1;Cilacap;Central Java;09/09/2023;Outdoor;Coast/Shoreline
YAKULT;Yakult;;DRINK;PC;PET;SL;1;Cilacap;Central Java;09/09/2023;Outdoor;Coast/Shoreline
UC 1000;Djojonegoro;;DRINK;O;O;SL;1;Cilacap;Central Java;09/09/2023;Outdoor;Coast/Shoreline
INDOMILK;Indofood;;DRINK;PC;PET;SL;1;Cilacap;Central Java;09/09/2023;Outdoor;Coast/Shoreline
ZINC;PT Lion Wings;;SHAMPOO;PC;PET;SL;1;Cilacap;Central Java;09/09/2023;Outdoor;Coast/Shoreline
BIG BABOL;Perfetti van Melle;;FOOD PACKAGING;FP;PS;SL;1;Cilacap;Central Java;09/09/2023;Outdoor;Coast/Shoreline
HOTIN CREAM;;PT Ultra Sakti;MEDICINE;PC;PET;ML;2;Cilacap;Central Java;09/09/2023;Outdoor;Coast/Shoreline
TIM TAM;Arnott's;;FOOD PACKAGING;FP;PS;SL;1;Cilacap;Central Java;09/09/2023;Outdoor;Coast/Shoreline
GACOAN;;PT Pesta Pora Abadi;FOOD PACKAGING;FP;PS;SL;1;Cilacap;Central Java;09/09/2023;Outdoor;Coast/Shoreline
TEH RIO;Wings;;PERMEN;FP;PS;SL;1;Cilacap;Central Java;09/09/2023;Outdoor;Coast/Shoreline
ORANGE;;Unknown;PERMEN;FP;PS;SL;1;Cilacap;Central Java;09/09/2023;Outdoor;Coast/Shoreline
PEPSODENT;Unilever;;PASTA GIGI;PC;PET;SL;1;Cilacap;Central Java;09/09/2023;Outdoor;Coast/Shoreline
WALENS;;PT Nissin Biscuit Indonesia;BREAD;FP;PET;ML;1;Cilacap;Central Java;09/09/2023;Outdoor;Coast/Shoreline
PAPER CUP;Unbranded;;CUP KERTAS;O;PS;ML;2;Cilacap;Central Java;09/09/2023;Outdoor;Coast/Shoreline
UNKNOWN;Unbranded;;PLASTIC BAGS;O;LDPE;SL;9;Cilacap;Central Java;09/09/2023;Outdoor;Coast/Shoreline
KACANG CIKUR POGO;;Unknown;PEANUT;FP;PET;ML;1;Cilacap;Central Java;09/09/2023;Outdoor;Coast/Shoreline
GROW;;PT Gudang Baru Berkah;CIGARETTE;SM;PET;ML;1;Cilacap;Central Java;09/09/2023;Outdoor;Coast/Shoreline
CAMILAN ISTIMEWA;;Unknown;BREAD;FP;PET;ML;1;Cilacap;Central Java;09/09/2023;Outdoor;Coast/Shoreline
SAMBAL COLEK;;Unknown;SAOS;FP;PET;ML;1;Cilacap;Central Java;09/09/2023;Outdoor;Coast/Shoreline
SUPERSTAR;Mayora Indah;;WAFER;FP;PET;ML;1;Cilacap;Central Java;09/09/2023;Outdoor;Coast/Shoreline
KOMIX;Bintang Toedjoe;;MEDICINE;PC;PET;ML;1;Cilacap;Central Java;09/09/2023;Outdoor;Coast/Shoreline
ABC SAOS TOMAT;;Heinz;SAOS;FP;PET;ML;1;Cilacap;Central Java;09/09/2023;Outdoor;Coast/Shoreline
NEXTAR;Nabati;;BREAD;FP;PET;ML;1;Cilacap;Central Java;09/09/2023;Outdoor;Coast/Shoreline
AOKA;Indonesia Bakery Family;;BREAD;FP;PET;SL;1;Cilacap;Central Java;09/09/2023;Outdoor;Coast/Shoreline
YOU-YOU STICK;;PT Jaya Utama Santikah;SNACK;FP;PET;ML;1;Cilacap;Central Java;09/09/2023;Outdoor;Coast/Shoreline
GERY SALUT;Garuda Food;;BREAD;FP;PET;ML;1;Cilacap;Central Java;09/09/2023;Outdoor;Coast/Shoreline
SUNSILK;Unilever;;SHAMPOO;PC;PET;ML;1;Cilacap;Central Java;09/09/2023;Outdoor;Coast/Shoreline
DJARUM SUPER;Djarum;;CIGARETTE;SM;PET;ML;1;Cilacap;Central Java;09/09/2023;Outdoor;Coast/Shoreline
DAUN GARAM;;Unknown;GARAM;FP;PET;SL;1;Cilacap;Central Java;09/09/2023;Outdoor;Coast/Shoreline
STYROFOAM;Unbranded;;STYROFOAM APUNG;FG;PS;Unsure;4;Cilacap;Central Java;09/09/2023;Outdoor;Coast/Shoreline
FEMINA;;Unknown;KAPAS;PC;PET;ML;1;Cilacap;Central Java;09/09/2023;Outdoor;Coast/Shoreline
MAMY POKO;Unicharm;;PAMPERS;PC;PET;ML;2;Cilacap;Central Java;09/09/2023;Outdoor;Coast/Shoreline
TOKI 1 ;;Unknown;COKLAT;FP;PET;ML;1;Cilacap;Central Java;09/09/2023;Outdoor;Coast/Shoreline
SWALLOW;sinar Jaya Perkasa;;SANDAL;HP;O;Unsure;1;Cilacap;Central Java;09/09/2023;Outdoor;Coast/Shoreline
SISIR;;Unknown;SISIR;HP;O;Unsure;1;Cilacap;Central Java;09/09/2023;Outdoor;Coast/Shoreline
HEMATO;;Unknown;SOSIS;FP;PET;SL;1;Cilacap;Central Java;09/09/2023;Outdoor;Coast/Shoreline
AICE;Aice;;ICE CREAM;FP;PET;ML;1;Cilacap;Central Java;09/09/2023;Outdoor;Coast/Shoreline
MI CAP RIBUT;;Unknown;SNACK;FP;PET;SL;1;Cilacap;Central Java;09/09/2023;Outdoor;Coast/Shoreline
SEDAAP;Wings;;KERTAS TUTUP MIE INSTANT CUP;FP;PET;SL;1;Cilacap;Central Java;09/09/2023;Outdoor;Coast/Shoreline
KERUPUK SOTO;;Unknown;SNACK;FP;PET;SL;1;Cilacap;Central Java;09/09/2023;Outdoor;Coast/Shoreline
PLASTIC;Unbranded;;LAINNYA;O;LDPE;SL;2;Cilacap;Central Java;09/09/2023;Outdoor;Coast/Shoreline
KISS;Mayora Indah;;PERMEN;FP;PET;SL;1;Cilacap;Central Java;09/09/2023;Outdoor;Coast/Shoreline
YUPI;Yupindo;;PERMEN;FP;PET;SL;1;Cilacap;Central Java;09/09/2023;Outdoor;Coast/Shoreline
STRAWS;Unbranded;;LAINNYA;O;LDPE;SL;30;Cilacap;Central Java;09/09/2023;Outdoor;Coast/Shoreline
INSTANT NOODLE FLAVORING;;Unknown;BUNGKUS MIE INSTANT;FP;PET;SL;2;Cilacap;Central Java;09/09/2023;Outdoor;Coast/Shoreline
PLASTIC;Unbranded;;LAINNYA;O;LDPE;SL;20;Cilacap;Central Java;09/09/2023;Outdoor;Coast/Shoreline
PLASTIC;Unbranded;;LAINNYA;O;LDPE;SL;39;Cilacap;Central Java;09/09/2023;Outdoor;Coast/Shoreline
PLASTIC;Unbranded;;LAINNYA;O;LDPE;SL;20;Cilacap;Central Java;09/09/2023;Outdoor;Coast/Shoreline
PLASTIC;Unbranded;;LAINNYA;O;LDPE;SL;40;Cilacap;Central Java;09/09/2023;Outdoor;Coast/Shoreline
SO KLIN;Wings;;DETERGEN;HP;PET;ML;1;Cilacap;Central Java;09/09/2023;Outdoor;Coast/Shoreline
PLASTIC;Unbranded;;LAINNYA;O;LDPE;SL;35;Cilacap;Central Java;09/09/2023;Outdoor;Coast/Shoreline
SPOON;Unbranded;;LAINNYA;O;LDPE;SL;17;Cilacap;Central Java;09/09/2023;Outdoor;Coast/Shoreline
STRAWS;Unbranded;;LAINNYA;O;LDPE;SL;45;Cilacap;Central Java;09/09/2023;Outdoor;Coast/Shoreline
STRAWS;Unbranded;;LAINNYA;O;LDPE;SL;33;Cilacap;Central Java;09/09/2023;Outdoor;Coast/Shoreline
FORKS;Unbranded;;LAINNYA;O;LDPE;SL;8;Cilacap;Central Java;09/09/2023;Outdoor;Coast/Shoreline
PLASTIC;Unbranded;;LAINNYA;O;LDPE;SL;40;Cilacap;Central Java;09/09/2023;Outdoor;Coast/Shoreline
STRAWS;Unbranded;;LAINNYA;O;LDPE;SL;50;Cilacap;Central Java;09/09/2023;Outdoor;Coast/Shoreline
STRAWS;Unbranded;;LAINNYA;O;LDPE;SL;50;Cilacap;Central Java;09/09/2023;Outdoor;Coast/Shoreline
STRAWS;Unbranded;;LAINNYA;O;LDPE;SL;9;Cilacap;Central Java;09/09/2023;Outdoor;Coast/Shoreline
PLASTIC;Unbranded;;LAINNYA;O;LDPE;SL;42;Cilacap;Central Java;09/09/2023;Outdoor;Coast/Shoreline
PIATTOS;Universal Robina Corporation;;FOOD PACKAGING;FP;PS;SL;1;Cilacap;Central Java;09/09/2023;Outdoor;Coast/Shoreline
FLORIDINA;Wings Indonesia;;DRINK;FP;PS;SL;1;Cilacap;Central Java;09/09/2023;Outdoor;Coast/Shoreline
WHITE COFFEE;Java Prima Abadi;;DRINK;FP;PS;SL;2;Cilacap;Central Java;09/09/2023;Outdoor;Coast/Shoreline
SO KLIN;Wings;;DETERGEN;HP;PS;SL;3;Cilacap;Central Java;09/09/2023;Outdoor;Coast/Shoreline
SUNLIGHT;Unilever;;SABUN CUCI PIRING;HP;PS;SL;3;Cilacap;Central Java;09/09/2023;Outdoor;Coast/Shoreline
INDOFOOD;Indofood;;FOOD PACKAGING;HP;PS;SL;2;Cilacap;Central Java;09/09/2023;Outdoor;Coast/Shoreline
NYAM NYAM;Unbranded;Arnotts;FOOD PACKAGING;FP;PS;SL;1;Cilacap;Central Java;09/09/2023;Outdoor;Coast/Shoreline
SUNCO;Musim Mas Group;;MINYAK GORENG;FP;PS;SL;2;Cilacap;Central Java;09/09/2023;Outdoor;Coast/Shoreline
JETZ;Indofood;;FOOD PACKAGING;FP;PS;SL;1;Cilacap;Central Java;09/09/2023;Outdoor;Coast/Shoreline
KAPAL API;Santos Jaya Abadi;;DRINK;FP;PS;SL;2;Cilacap;Central Java;09/09/2023;Outdoor;Coast/Shoreline
LIFEBUOY;Unilever;;PERAWATAN DIRI;PC;HDPE;ML;5;Cilacap;Central Java;09/09/2023;Outdoor;Coast/Shoreline
MARIMAS;Marimas Putera Kencana;;DRINK;FP;PS;SL;1;Cilacap;Central Java;09/09/2023;Outdoor;Coast/Shoreline
SEDAAP;Wings;;FOOD PACKAGING;FP;PS;SL;12;Cilacap;Central Java;09/09/2023;Outdoor;Coast/Shoreline
BANGO;Unilever;;FOOD PACKAGING;FP;PS;SL;1;Cilacap;Central Java;09/09/2023;Outdoor;Coast/Shoreline
INDOCAFE;Indofood;;FOOD PACKAGING;FP;PS;SL;1;Cilacap;Central Java;09/09/2023;Outdoor;Coast/Shoreline
MAMAYO;;PT Java Egg Specialities (Cimory Group);FOOD PACKAGING;FP;PS;SL;1;Cilacap;Central Java;09/09/2023;Outdoor;Coast/Shoreline
CHITATO;Indofood;;FOOD PACKAGING;FP;PS;SL;2;Cilacap;Central Java;09/09/2023;Outdoor;Coast/Shoreline
CHOCOLATOS;Garuda Food;;FOOD PACKAGING;FP;PS;SL;5;Cilacap;Central Java;09/09/2023;Outdoor;Coast/Shoreline
SAMBAL ASLI;Multisari;;FOOD PACKAGING;FP;PS;SL;2;Cilacap;Central Java;09/09/2023;Outdoor;Coast/Shoreline
YUM CHIPS;;PT Jaya Utama Santikah;FOOD PACKAGING;FP;PS;SL;1;Cilacap;Central Java;09/09/2023;Outdoor;Coast/Shoreline
MITU;Megasari Makmur;;PERAWATAN DIRI;PC;O;SL;1;Cilacap;Central Java;09/09/2023;Outdoor;Coast/Shoreline
KOPI ABC;Santos Jaya Abadi;;DRINK;FP;PS;SL;11;Cilacap;Central Java;09/09/2023;Outdoor;Coast/Shoreline
SIIP;Nabati Snack;;FOOD PACKAGING;FP;PS;SL;2;Cilacap;Central Java;09/09/2023;Outdoor;Coast/Shoreline
PEPSODENT;Unilever;;PERAWATAN DIRI;PC;O;ML;2;Cilacap;Central Java;09/09/2023;Outdoor;Coast/Shoreline
REBO;Gumindo Bogamanis;;FOOD PACKAGING;FP;PS;SL;1;Cilacap;Central Java;09/09/2023;Outdoor;Coast/Shoreline
REXONA;Unilever;;PERAWATAN DIRI;PC;O;ML;3;Cilacap;Central Java;09/09/2023;Outdoor;Coast/Shoreline
GREENFIELDS;Japfa Limited;;DRINK;FP;PS;SL;1;Cilacap;Central Java;09/09/2023;Outdoor;Coast/Shoreline
FRISIAN FLAG;FrieslandCampina;;DRINK;FP;PS;SL;3;Cilacap;Central Java;09/09/2023;Outdoor;Coast/Shoreline
SUKRO;Dua Kelinci;;FOOD PACKAGING;FP;PS;SL;2;Cilacap;Central Java;09/09/2023;Outdoor;Coast/Shoreline
AQUA;Danone;;DRINK;FP;PS;SL;1;Cilacap;Central Java;09/09/2023;Outdoor;Coast/Shoreline
GUDANG GARAM;Gudang Garam Tbk.;;CIGARETTE;SM;O;SL;1;Cilacap;Central Java;09/09/2023;Outdoor;Coast/Shoreline
INDOMIE;Indofood;;FOOD PACKAGING;FP;O;SL;2;Cilacap;Central Java;09/09/2023;Outdoor;Coast/Shoreline
GO POTATO;Siantar Top;;FOOD PACKAGING;FP;O;SL;1;Cilacap;Central Java;09/09/2023;Outdoor;Coast/Shoreline
GULAKU;Sugar Group;;FOOD PACKAGING;FP;O;SL;1;Cilacap;Central Java;09/09/2023;Outdoor;Coast/Shoreline
INDOMIE;Indofood;;FOOD PACKAGING;FP;O;SL;2;Cilacap;Central Java;09/09/2023;Outdoor;Coast/Shoreline
MINYAK FORTUNE;;Wilmar Group;MINYAK GORENG;FP;O;SL;2;Cilacap;Central Java;09/09/2023;Outdoor;Coast/Shoreline
MAMY POKO;Unicharm;;PAMPERS;PC;O;SL;2;Cilacap;Central Java;09/09/2023;Outdoor;Coast/Shoreline
HATARI;ASW Food;;FOOD PACKAGING;FP;O;SL;1;Cilacap;Central Java;09/09/2023;Outdoor;Coast/Shoreline
SLAI OLAI;Mayora Indah;;FOOD PACKAGING;FP;LDPE;SL;1;Cilacap;Central Java;09/09/2023;Outdoor;Coast/Shoreline
TANGO;Tango;;FOOD PACKAGING;FP;LDPE;SL;2;Cilacap;Central Java;09/09/2023;Outdoor;Coast/Shoreline
KOPI FRESCO;;Santos Jaya Abadi;DRINK;FP;LDPE;SL;1;Cilacap;Central Java;09/09/2023;Outdoor;Coast/Shoreline
ROSE BRAND;CV Bumi Waras;;MINYAK GORENG;FP;LDPE;SL;2;Cilacap;Central Java;09/09/2023;Outdoor;Coast/Shoreline
BIHUN CAP JAGUNG;;PT Daesang Agung Indonesia;FOOD PACKAGING;FP;LDPE;SL;1;Cilacap;Central Java;09/09/2023;Outdoor;Coast/Shoreline
POCARI SWEAT;Otsuka;;DRINK;FP;LDPE;SL;1;Cilacap;Central Java;09/09/2023;Outdoor;Coast/Shoreline
CLEO;Tanobel Food;;DRINK;FP;LDPE;SL;1;Cilacap;Central Java;09/09/2023;Outdoor;Coast/Shoreline
CAMPINA;FrieslandCampina;;ICE CREAM;FP;LDPE;SL;1;Cilacap;Central Java;09/09/2023;Outdoor;Coast/Shoreline
VIT;Tirta Investama;;DRINK;FP;LDPE;SL;1;Cilacap;Central Java;09/09/2023;Outdoor;Coast/Shoreline
COCA COLA;The Coca-Cola Company;;DRINK;FP;LDPE;SL;1;Cilacap;Central Java;09/09/2023;Outdoor;Coast/Shoreline
ROTI YALE-YALE;;Sari Murni Group;FOOD PACKAGING;FP;LDPE;SL;1;Cilacap;Central Java;09/09/2023;Outdoor;Coast/Shoreline
DOREMI;;CV Nana Abadi;FOOD PACKAGING;FP;LDPE;SL;1;Cilacap;Central Java;09/09/2023;Outdoor;Coast/Shoreline
ROTI SISIR;Jordan bakery;;FOOD PACKAGING;FP;LDPE;SL;1;Cilacap;Central Java;09/09/2023;Outdoor;Coast/Shoreline
HAPPY TWINS;;Unknown;FOOD PACKAGING;FP;LDPE;SL;1;Cilacap;Central Java;09/09/2023;Outdoor;Coast/Shoreline
KUNCI MAS;;SMART;MINYAK GORENG;FP;LDPE;SL;1;Cilacap;Central Java;09/09/2023;Outdoor;Coast/Shoreline
OKKY JELLY DRINK;Tudung Group;;FOOD PACKAGING;FP;LDPE;SL;1;Cilacap;Central Java;09/09/2023;Outdoor;Coast/Shoreline
BAKPIA KUKUS TUGU JOGJA;;PT Agrinesia Raya Sleman;FOOD PACKAGING;FP;LDPE;SL;1;Cilacap;Central Java;09/09/2023;Outdoor;Coast/Shoreline
YOGURT;Unbranded;;DRINK;FP;LDPE;SL;1;Cilacap;Central Java;09/09/2023;Outdoor;Coast/Shoreline
HYDRO COCO;Kalbe Farma Tbk;;DRINK;FP;LDPE;SL;1;Cilacap;Central Java;09/09/2023;Outdoor;Coast/Shoreline
MIE KREMEZZ;Tiga Pilar Sejahtera;;FOOD PACKAGING;FP;LDPE;SL;1;Cilacap;Central Java;09/09/2023;Outdoor;Coast/Shoreline
ROTI MODERN;;Unknown;BREAD;FP;LDPE;SL;1;Cilacap;Central Java;09/09/2023;Outdoor;Coast/Shoreline
SIDOMUNCUL;Indurstri Jamu dan Farmasi Sido Muncul;;JAMU;FP;LDPE;SL;2;Cilacap;Central Java;09/09/2023;Outdoor;Coast/Shoreline
TOP COFFEE;Harum;;COFFEE;FP;LDPE;SL;1;Cilacap;Central Java;09/09/2023;Outdoor;Coast/Shoreline
TOLAK ANGIN;Sidomuncul;;JAMU;FP;LDPE;SL;1;Cilacap;Central Java;09/09/2023;Outdoor;Coast/Shoreline
JAS JUS;Wings;;DRINK;FP;LDPE;SL;1;Cilacap;Central Java;09/09/2023;Outdoor;Coast/Shoreline
TEH BOTOL;Sinar Sosro;;DRINK;FP;LDPE;SL;1;Cilacap;Central Java;09/09/2023;Outdoor;Coast/Shoreline
PILUS GARUDA;Tudung Group;;FOOD PACKAGING;FP;LDPE;SL;2;Cilacap;Central Java;09/09/2023;Outdoor;Coast/Shoreline
PARACETAMOL;BIOCHEM India;Unknown;FOOD PACKAGING;FP;LDPE;SL;2;Cilacap;Central Java;09/09/2023;Outdoor;Coast/Shoreline
INDOCAFE;Indofood;;DRINK;FP;LDPE;SL;1;Cilacap;Central Java;09/09/2023;Outdoor;Coast/Shoreline
INAKO JELLY DRINK;;PT Niramas Utama;DRINK;FP;PS;SL;1;Cilacap;Central Java;09/09/2023;Outdoor;Coast/Shoreline
EKONOMI;Wings;;PRODUK RUMAH TANGGA;HP;PS;SL;7;Cilacap;Central Java;09/09/2023;Outdoor;Coast/Shoreline
AICE;Aice;;DRINK;FP;PS;SL;3;Cilacap;Central Java;09/09/2023;Outdoor;Coast/Shoreline
GERY;Garuda Food;;FOOD PACKAGING;FP;PS;SL;2;Cilacap;Central Java;09/09/2023;Outdoor;Coast/Shoreline
DANGDUT;Wings;;PRODUK RUMAH TANGGA;HP;PS;SL;1;Cilacap;Central Java;09/09/2023;Outdoor;Coast/Shoreline
MIE ABC;;PT ABC President Indonesia;FOOD PACKAGING;FP;PS;SL;1;Cilacap;Central Java;09/09/2023;Outdoor;Coast/Shoreline
ROMA MALKIST;Mayora Indah;;FOOD PACKAGING;FP;PS;SL;2;Cilacap;Central Java;09/09/2023;Outdoor;Coast/Shoreline
POP ICE;Forisa;;DRINK;FP;PS;SL;1;Cilacap;Central Java;09/09/2023;Outdoor;Coast/Shoreline
BUMBU LADAKU;;PT Motasa Indonesia;PRODUK RUMAH TANGGA;FP;PS;SL;2;Cilacap;Central Java;09/09/2023;Outdoor;Coast/Shoreline
MASAKO;Ajinomoto;;PRODUK RUMAH TANGGA;FP;PS;SL;2;Cilacap;Central Java;09/09/2023;Outdoor;Coast/Shoreline
PANTENE;Colgate-Palmolive;;PRODUK RUMAH TANGGA;HP;PS;SL;2;Cilacap;Central Java;09/09/2023;Outdoor;Coast/Shoreline
BETTER;Mayora Indah;;FOOD PACKAGING;FP;PS;SL;2;Cilacap;Central Java;09/09/2023;Outdoor;Coast/Shoreline
WALLS;Unilever;;DRINK;FP;PS;SL;3;Cilacap;Central Java;09/09/2023;Outdoor;Coast/Shoreline
NUTRISARI;NutriFood;;FOOD PACKAGING;FP;PS;SL;1;Cilacap;Central Java;09/09/2023;Outdoor;Coast/Shoreline
ROYALE;Imperial Brands;;PRODUK RUMAH TANGGA;HP;HDPE;ML;1;Cilacap;Central Java;09/09/2023;Outdoor;Coast/Shoreline
ULTRA MILK;Ultrajaya;;DRINK;FP;PS;SL;5;Cilacap;Central Java;09/09/2023;Outdoor;Coast/Shoreline
TEH KOTAK;Ultrajaya;;DRINK;FP;PS;SL;1;Cilacap;Central Java;09/09/2023;Outdoor;Coast/Shoreline
POCKY;;Glico;FOOD PACKAGING;FP;PS;SL;2;Cilacap;Central Java;09/09/2023;Outdoor;Coast/Shoreline
EKOMIE;Wings;;FOOD PACKAGING;FP;PS;SL;1;Cilacap;Central Java;09/09/2023;Outdoor;Coast/Shoreline
AOKA;Indonesia Bakery Family;;FOOD PACKAGING;FP;PS;SL;3;Cilacap;Central Java;09/09/2023;Outdoor;Coast/Shoreline
BENG BENG;Mayora Inda;;FOOD PACKAGING;FP;PS;SL;2;Cilacap;Central Java;09/09/2023;Outdoor;Coast/Shoreline
SARIMI;Indofood;;FOOD PACKAGING;FP;PS;SL;1;Cilacap;Central Java;09/09/2023;Outdoor;Coast/Shoreline
KOMIX;Bintang Toedjoe;;MEDICINE;FP;PS;SL;1;Cilacap;Central Java;09/09/2023;Outdoor;Coast/Shoreline
PADIMAS;Stanly Trijaya Mandiri;;FOOD PACKAGING;FP;PS;SL;1;Cilacap;Central Java;09/09/2023;Outdoor;Coast/Shoreline
GORIORIO;Siantar Top;;FOOD PACKAGING;FP;PS;SL;2;Cilacap;Central Java;09/09/2023;Outdoor;Coast/Shoreline
CHOKI CHOKI;Mayora Indah;;FOOD PACKAGING;FP;PS;SL;2;Cilacap;Central Java;09/09/2023;Outdoor;Coast/Shoreline
TISSUE WHITE;;Unknown;PRODUK RUMAH TANGGA;HP;O;ML;1;Cilacap;Central Java;09/09/2023;Outdoor;Coast/Shoreline
CLOUD9 WAFER;;Universal Robina Corporation;FOOD PACKAGING;FP;PS;SL;1;Cilacap;Central Java;09/09/2023;Outdoor;Coast/Shoreline
HOT HOT POP;Bronson;;PERMEN;FP;PS;SL;1;Cilacap;Central Java;09/09/2023;Outdoor;Coast/Shoreline
FRESTEA;The Coca-Cola Company;;DRINK;FP;PS;SL;1;Cilacap;Central Java;09/09/2023;Outdoor;Coast/Shoreline
YUPI;Yupindo;;PERMEN;FP;PS;SL;1;Cilacap;Central Java;09/09/2023;Outdoor;Coast/Shoreline
GARAM DAUN;;Unknown;GARAM;FP;HDPE;SL;4;Cilacap;Central Java;09/09/2023;Outdoor;Coast/Shoreline
MILK LIFE;;PT Global Dairi Alam;SUSU;FP;PS;SL;1;Cilacap;Central Java;09/09/2023;Outdoor;Coast/Shoreline
KERUPUK SOTO;;Unknown;KERUPUK;FP;PS;SL;1;Cilacap;Central Java;09/09/2023;Outdoor;Coast/Shoreline
MIWON;;PT Daesang Agung Indonesia;FOOD PACKAGING;FP;LDPE;SL;1;Cilacap;Central Java;09/09/2023;Outdoor;Coast/Shoreline
GERY;Garuda Food;;FOOD PACKAGING;FP;LDPE;SL;1;Cilacap;Central Java;09/09/2023;Outdoor;Coast/Shoreline
EXTRA JOSS;Bintang Toedjoe;;FOOD PACKAGING;FP;LDPE;SL;1;Cilacap;Central Java;09/09/2023;Outdoor;Coast/Shoreline
TIC TIC;Siantar Top;;FOOD PACKAGING;FP;LDPE;SL;1;Cilacap;Central Java;09/09/2023;Outdoor;Coast/Shoreline
GARNIER;L'Oreal;;PERAWATAN DIRI;PC;O;SL;1;Cilacap;Central Java;09/09/2023;Outdoor;Coast/Shoreline
LAINNYA;;Unknown;-;O;O;Unsure;1 KARUNG;Cilacap;Central Java;09/09/2023;Outdoor;Coast/Shoreline
STRAWS;Unbranded;;;FP;O;SL;518;Cilacap;Central Java;09/09/2023;Outdoor;Coast/Shoreline
POP MIE;Indofood;;FOOD PACKAGING;FP;PS;ML;2;Cilacap;Central Java;09/09/2023;Outdoor;Coast/Shoreline
SEDAAP;Wings;;FOOD PACKAGING;FP;PS;Unsure;4;Cilacap;Central Java;09/09/2023;Outdoor;Coast/Shoreline
PLASTIC;Unbranded;;PLASTIK MIKA BENING;O;O;Unsure;128;Cilacap;Central Java;09/09/2023;Outdoor;Coast/Shoreline
PAMPERS;Procter & Gamble;;PAMPERS;PC;PET;ML;20;Cilacap;Central Java;09/09/2023;Outdoor;Coast/Shoreline
PAPER;;Unknown;KERTAS;O;O;Unsure;3;Cilacap;Central Java;09/09/2023;Outdoor;Coast/Shoreline
FABRIC;;Unknown;KAIN;O;O;Unsure;2;Cilacap;Central Java;09/09/2023;Outdoor;Coast/Shoreline
PAPER CUP;Unbranded;;GELAS KERTAS;O;O;Unsure;59;Cilacap;Central Java;09/09/2023;Outdoor;Coast/Shoreline
SINGLES KANZLER;;PT Macroprima Panganutama;SOSIS;FP;PET;ML;2;Cilacap;Central Java;09/09/2023;Outdoor;Coast/Shoreline
SELLOTAPE;;Unknown;SELOTIP;O;O;Unsure;2;Cilacap;Central Java;09/09/2023;Outdoor;Coast/Shoreline
PLASTIC SPOON;Unbranded;;SENDOK KERTAS;O;O;Unsure;8;Cilacap;Central Java;09/09/2023;Outdoor;Coast/Shoreline
STYROFOAM;Unbranded;;STYROFOAM;O;PS;Unsure;7;Cilacap;Central Java;09/09/2023;Outdoor;Coast/Shoreline
VIT;Tirta Investama;;GELAS PLASTIK;FP;PET;SL;6;Cilacap;Central Java;09/09/2023;Outdoor;Coast/Shoreline
TEH GELAS;Orang Tua;;GELAS PLASTIK;FP;PET;SL;0;Cilacap;Central Java;09/09/2023;Outdoor;Coast/Shoreline
ANAR;;Unknown;TIDAK ADA KETERANGAN;O;O;Unsure;3;Cilacap;Central Java;09/09/2023;Outdoor;Coast/Shoreline
MD CUP;;Unknown;TIDAK ADA KETERANGAN;O;O;Unsure;5;Cilacap;Central Java;09/09/2023;Outdoor;Coast/Shoreline
SANDAL;Unbranded;;SANDAL;HP;O;Unsure;4;Cilacap;Central Java;09/09/2023;Outdoor;Coast/Shoreline
VIT;Tirta Investama;;PLASTIC BOTTLES;FP;PET;SL;2;Cilacap;Central Java;09/09/2023;Outdoor;Coast/Shoreline
PAROTI;;Sumber Alfaria Trijaya;FOOD PACKAGING;FP;PET;SL;1;Cilacap;Central Java;09/09/2023;Outdoor;Coast/Shoreline
PLASTIC;Unbranded;;KRESEK;PM;LDPE;SL;100;Cilacap;Central Java;09/09/2023;Outdoor;Coast/Shoreline
KAPAL API;Santos Jaya Abadi;;FOOD PACKAGING;FP;PET;SL;29;Cilacap;Central Java;09/09/2023;Outdoor;Coast/Shoreline
SUNLIGHT;Unilever;;SABUN;HP;PET;ML;6;Cilacap;Central Java;09/09/2023;Outdoor;Coast/Shoreline
ENAK;Siantar Top;;CEMILAN;FP;PET;SL;2;Cilacap;Central Java;09/09/2023;Outdoor;Coast/Shoreline
INDOCAFE;Indofood;;DRINK;FP;PET;SL;3;Cilacap;Central Java;09/09/2023;Outdoor;Coast/Shoreline
INDOCAFE;Indofood;;DRINK;FP;PET;SL;13;Cilacap;Central Java;09/09/2023;Outdoor;Coast/Shoreline
KOPI GOOD DAY;;Santos Jaya Abadi;DRINK;FP;PET;SL;9;Cilacap;Central Java;09/09/2023;Outdoor;Coast/Shoreline
ENERGEN;Mayora Indah;;DRINK;FP;PET;SL;6;Cilacap;Central Java;09/09/2023;Outdoor;Coast/Shoreline
KOPI ABC;Santos Jaya Abadi;;DRINK;FP;PET;SL;12;Cilacap;Central Java;09/09/2023;Outdoor;Coast/Shoreline
WHITE COFFEE;Java Prima Abadi;;DRINK;FP;PET;SL;5;Cilacap;Central Java;09/09/2023;Outdoor;Coast/Shoreline
SUKRO OVEN;;Dua Kelinci;FOOD PACKAGING;FP;PET;SL;21;Cilacap;Central Java;09/09/2023;Outdoor;Coast/Shoreline
ROMA MALKIST;Mayora Indah;;FOOD PACKAGING;FP;PET;SL;3;Cilacap;Central Java;09/09/2023;Outdoor;Coast/Shoreline
MINIPAO;;PT Elson Bernardi;FOOD PACKAGING;FP;PET;SL;1;Cilacap;Central Java;09/09/2023;Outdoor;Coast/Shoreline
BIHUN CAP JAGUNG;;PT Daesang Agung Indonesia;FOOD PACKAGING;FP;PET;SL;1;Cilacap;Central Java;09/09/2023;Outdoor;Coast/Shoreline
TIC TIC;Siantar Top;;FOOD PACKAGING;FP;PET;SL;3;Cilacap;Central Java;09/09/2023;Outdoor;Coast/Shoreline
SO KLIN;Wings;;DETERGEN;HP;HDPE;ML;1;Cilacap;Central Java;09/09/2023;Outdoor;Coast/Shoreline
PASTA GIGI;;Unknown;DETERGEN;PC;HDPE;ML;3;Cilacap;Central Java;09/09/2023;Outdoor;Coast/Shoreline
FILMA;Smart;;MINYAK GORENG;FP;PET;SL;3;Cilacap;Central Java;09/09/2023;Outdoor;Coast/Shoreline
MAMY POKO;Unicharm;;POKOK;HP;HDPE;ML;2;Cilacap;Central Java;09/09/2023;Outdoor;Coast/Shoreline
KETCHUP;Nutri-Asia Inc.;Unknown;FOOD PACKAGING;FP;PET;SL;6;Cilacap;Central Java;09/09/2023;Outdoor;Coast/Shoreline
POTABEE;Wings;;FOOD PACKAGING;FP;PET;SL;8;Cilacap;Central Java;09/09/2023;Outdoor;Coast/Shoreline
TARO;Premier Marketing Public Company Limited;;FOOD PACKAGING;FP;PET;SL;3;Cilacap;Central Java;09/09/2023;Outdoor;Coast/Shoreline
HATARI;ASW Food;;FOOD PACKAGING;FP;PET;SL;6;Cilacap;Central Java;09/09/2023;Outdoor;Coast/Shoreline
CHITATO;Indofood;;FOOD PACKAGING;FP;PET;SL;10;Cilacap;Central Java;09/09/2023;Outdoor;Coast/Shoreline
GULAKU;Sugar Group;;FOOD PACKAGING;FP;O;SL;1;Cilacap;Central Java;09/09/2023;Outdoor;Coast/Shoreline
AQUA;Danone;;PLASTIC BOTTLES;FP;PET;SL;1;Cilacap;Central Java;09/09/2023;Outdoor;Coast/Shoreline
SANDAL;Unbranded;;SANDAL;HP;PVC;ML;6;Cilacap;Central Java;09/09/2023;Outdoor;Coast/Shoreline
ULTRA MILK;Ultrajaya;;DRINK;FP;PET;ML;13;Cilacap;Central Java;09/09/2023;Outdoor;Coast/Shoreline
ANNAIC;Unbranded;;GELAS PLASTIK;FP;PET;SL;9;Cilacap;Central Java;09/09/2023;Outdoor;Coast/Shoreline
VIT;Tirta Investama;;GELAS PLASTIK;FP;PET;SL;3;Cilacap;Central Java;09/09/2023;Outdoor;Coast/Shoreline
WALENS;;PT Nissin Biscuit Indonesia;FOOD PACKAGING;FP;PET;SL;1;Cilacap;Central Java;09/09/2023;Outdoor;Coast/Shoreline
SEDAAP;Wings;;FOOD PACKAGING;FP;PET;SL;11;Cilacap;Central Java;09/09/2023;Outdoor;Coast/Shoreline
INDOMIE;Indofood;;FOOD PACKAGING;FP;PET;SL;10;Cilacap;Central Java;09/09/2023;Outdoor;Coast/Shoreline
PIKOPI;;Santos Jaya Abadi;DRINK;FP;PET;SL;1;Cilacap;Central Java;09/09/2023;Outdoor;Coast/Shoreline
CLEO;Tanobel Food;;PLASTIC BOTTLES;FP;PET;SL;2;Cilacap;Central Java;09/09/2023;Outdoor;Coast/Shoreline
NUTRISARI;NutriFood;;DRINK;FP;PET;SL;11;Cilacap;Central Java;09/09/2023;Outdoor;Coast/Shoreline
YAKULT;Yakult;;DRINK;FP;PET;SL;3;Cilacap;Central Java;09/09/2023;Outdoor;Coast/Shoreline
LE MINERALE;Mayora Indah;;DRINK;FP;PET;SL;1;Cilacap;Central Java;09/09/2023;Outdoor;Coast/Shoreline
FLORIDINA;Wings Indonesia;;DRINK;FP;PET;SL;1;Cilacap;Central Java;09/09/2023;Outdoor;Coast/Shoreline
BIHUN CAP JAGUNG;;PT Daesang Agung Indonesia;FOOD PACKAGING;FP;PET;SL;2;Cilacap;Central Java;09/09/2023;Outdoor;Coast/Shoreline
AOKA;Indonesia Bakery Family;;FOOD PACKAGING;FP;PET;SL;5;Cilacap;Central Java;09/09/2023;Outdoor;Coast/Shoreline
ICE CREAM;;Unknown;FOOD PACKAGING;FP;PET;SL;6;Cilacap;Central Java;09/09/2023;Outdoor;Coast/Shoreline
SAOS;;Unknown;FOOD PACKAGING;FP;PET;SL;9;Cilacap;Central Java;09/09/2023;Outdoor;Coast/Shoreline
NABATI;Nabati Group.;;FOOD PACKAGING;FP;PET;SL;12;Cilacap;Central Java;09/09/2023;Outdoor;Coast/Shoreline
ARDEN;;Mayora Indah;FOOD PACKAGING;FP;PET;SL;3;Cilacap;Central Java;09/09/2023;Outdoor;Coast/Shoreline
OREO;Dongsuh Foods;;FOOD PACKAGING;FP;PET;SL;5;Cilacap;Central Java;09/09/2023;Outdoor;Coast/Shoreline
PENYEDAP RASA;;Unknown;FOOD PACKAGING;FP;PET;SL;5;Cilacap;Central Java;09/09/2023;Outdoor;Coast/Shoreline
TEPUNG;;Unknown;FOOD PACKAGING;FP;PET;SL;2;Cilacap;Central Java;09/09/2023;Outdoor;Coast/Shoreline
TEH TONG TJI;;Tong Tji Tea Indonesia ;DRINK;FP;PET;SL;2;Cilacap;Central Java;09/09/2023;Outdoor;Coast/Shoreline
CIMORY;Mountain Dairy;;DRINK;FP;PET;SL;5;Cilacap;Central Java;09/09/2023;Outdoor;Coast/Shoreline
MEDICINE;;Unknown;MEDICINE;O;PET;SL;9;Cilacap;Central Java;09/09/2023;Outdoor;Coast/Shoreline
BUNGKUS ROKOK;;Unknown;CIGARETTE;O;HDPE;ML;36;Cilacap;Central Java;09/09/2023;Outdoor;Coast/Shoreline
SO KLIN;Wings;;DETERGEN;HP;PET;SL;2;Cilacap;Central Java;09/09/2023;Outdoor;Coast/Shoreline
KUNCI MAS;;SMART;MINYAK GORENG;FP;PET;SL;3;Cilacap;Central Java;09/09/2023;Outdoor;Coast/Shoreline
HEXOS;Konimex;;PERMEN;FP;PET;SL;3;Cilacap;Central Java;09/09/2023;Outdoor;Coast/Shoreline
PANTENE;Colgate-Palmolive;;SHAMPOO;HP;PET;ML;1;Cilacap;Central Java;09/09/2023;Outdoor;Coast/Shoreline
POCKY;;Glico;FOOD PACKAGING;FP;PET;SL;1;Cilacap;Central Java;09/09/2023;Outdoor;Coast/Shoreline
PERMEN;;Unknown;PERMEN;FP;PET;SL;2;Cilacap;Central Java;09/09/2023;Outdoor;Coast/Shoreline
DOMPET;;Unknown;DOMPET;O;LDPE;ML;1;Cilacap;Central Java;09/09/2023;Outdoor;Coast/Shoreline
WINGS;Sayap Mas Utama;;KERUPUK WINGS;FP;PET;SL;3;Cilacap;Central Java;09/09/2023;Outdoor;Coast/Shoreline
VIT;Tirta Investama;;AIR MINERAL;FP;PET;SL;4;Cilacap;Central Java;09/09/2023;Outdoor;Coast/Shoreline
SEDAAP;Wings;;MIE INSTAN;FP;LDPE;SL;17;Cilacap;Central Java;09/09/2023;Outdoor;Coast/Shoreline
PAPER CUP;Unbranded;;CUP;FP;PS;SL;4;Cilacap;Central Java;09/09/2023;Outdoor;Coast/Shoreline
ULTRA MILK;Ultrajaya;;KOTAK SUSU;FP;PS;ML;4;Cilacap;Central Java;09/09/2023;Outdoor;Coast/Shoreline
AOKA;Indonesia Bakery Family;;BREAD;FP;LDPE;SL;17;Cilacap;Central Java;09/09/2023;Outdoor;Coast/Shoreline
CIGARETTE;;Unknown;BUNGKUS ROTI;SM;O;ML;11;Cilacap;Central Java;09/09/2023;Outdoor;Coast/Shoreline
SHAMPOO;;Unknown;BUNGKUS SAMPO;PC;LDPE;ML;11;Cilacap;Central Java;09/09/2023;Outdoor;Coast/Shoreline
HANDSCOON;;Unknown;RUBBER GLOVES;PC;PVC;SL;12;Cilacap;Central Java;09/09/2023;Outdoor;Coast/Shoreline
PLASTIC;Unbranded;;;PM;LDPE;Unsure;39;Cilacap;Central Java;09/09/2023;Outdoor;Coast/Shoreline
BANGO;Unilever;;KETCHUP;FP;LDPE;SL;2;Cilacap;Central Java;09/09/2023;Outdoor;Coast/Shoreline
MINYAK GORENG;;Unknown;;HP;PET;SL;10;Cilacap;Central Java;09/09/2023;Outdoor;Coast/Shoreline
COFFEE;7 Eleven;Unknown;PLASTIC BAGS;FP;PET;SL;13;Cilacap;Central Java;09/09/2023;Outdoor;Coast/Shoreline
SASA;Sasa Inti;;PENYEDAP RASA;FP;LDPE;SL;9;Cilacap;Central Java;09/09/2023;Outdoor;Coast/Shoreline
SANDAL;Unbranded;;;HP;PVC;SL;2;Cilacap;Central Java;09/09/2023;Outdoor;Coast/Shoreline
MINYAK GPU;;PT Eagle Indo Pharma;;O;O;SL;1;Cilacap;Central Java;09/09/2023;Outdoor;Coast/Shoreline
KALPA;Mayora Indah;;SNACK;FP;PET;SL;28;Cilacap;Central Java;09/09/2023;Outdoor;Coast/Shoreline
RINSO;Unilever;;DETERGEN;HP;PET;SL;9;Cilacap;Central Java;09/09/2023;Outdoor;Coast/Shoreline
POP MIE;Indofood;;MIE INSTAN;FP;PS;SL;12;Cilacap;Central Java;09/09/2023;Outdoor;Coast/Shoreline
SUNLIGHT;Unilever;;SUNLIGHT;HP;LDPE;SL;2;Cilacap;Central Java;09/09/2023;Outdoor;Coast/Shoreline
CUP;Unbranded;;;FG;PET;SL;7;Cilacap;Central Java;09/09/2023;Outdoor;Coast/Shoreline
MERRIES;Kao Corporation Chemicals company;;PAMPERS BAYI;HP;O;SL;4;Cilacap;Central Java;09/09/2023;Outdoor;Coast/Shoreline
STYROFOAM;Unbranded;;;HP;PS;ML;3;Cilacap;Central Java;09/09/2023;Outdoor;Coast/Shoreline
WIPOL;Unilever;;;HP;PET;SL;1;Cilacap;Central Java;09/09/2023;Outdoor;Coast/Shoreline
AGAR-AGAR;;Unknown;;FP;PET;SL;1;Cilacap;Central Java;09/09/2023;Outdoor;Coast/Shoreline
TEPUNG;;Unknown;;FP;PET;SL;2;Cilacap;Central Java;09/09/2023;Outdoor;Coast/Shoreline
SUSU BUNGKUS;;Unknown;;FP;PET;Unsure;4;Cilacap;Central Java;09/09/2023;Outdoor;Coast/Shoreline
WARDAH;Paragon Technology;;;PC;O;Unsure;2;Cilacap;Central Java;09/09/2023;Outdoor;Coast/Shoreline
BOTOL KACA;;Unknown;;O;O;Unsure;1;Cilacap;Central Java;09/09/2023;Outdoor;Coast/Shoreline
PADDLE POP;Unilever;;;FP;LDPE;SL;7;Cilacap;Central Java;09/09/2023;Outdoor;Coast/Shoreline
SEDOTAN GARPU SENDOK;;Unknown;;HP;PET;ML;7;Cilacap;Central Java;09/09/2023;Outdoor;Coast/Shoreline
MAINAN ANAK;;Unknown;;PC;PP;SL;1;Cilacap;Central Java;09/09/2023;Outdoor;Coast/Shoreline
MIKA;;Unknown;;HP;PET;Unsure;6;Cilacap;Central Java;09/09/2023;Outdoor;Coast/Shoreline
MAMA LEMON;Lion Wings;;;HP;PET;SL;1;Cilacap;Central Java;09/09/2023;Outdoor;Coast/Shoreline
SAOS;;Unknown;;FP;PET;SL;1;Cilacap;Central Java;09/09/2023;Outdoor;Coast/Shoreline
TUTUP BOTOL;;Unknown;;FP;PP;SL;7;Cilacap;Central Java;09/09/2023;Outdoor;Coast/Shoreline
ISOPLUS;Wings;;AIR MINUM ISOTONIK;FP;PET;SL;1;Cilacap;Central Java;09/09/2023;Outdoor;Coast/Shoreline
PALMIA;;Salim Ivomas Pratama;MARGARIN;FP;PET;ML;1;Cilacap;Central Java;09/09/2023;Outdoor;Coast/Shoreline
INDOMILK;Indofood;;SUSU KOTAK;FP;O;ML;1;Cilacap;Central Java;09/09/2023;Outdoor;Coast/Shoreline
VIT;Tirta Investama;;AIR MINERAL;FP;PET;SL;1;Cilacap;Central Java;09/09/2023;Outdoor;Coast/Shoreline
GROW;;PT Gudang Baru Berkah;CIGARETTE;SM;O;ML;3;Cilacap;Central Java;09/09/2023;Outdoor;Coast/Shoreline
SEDAAP;Wings;;MIE INSTAN;FP;PS;SL;8;Cilacap;Central Java;09/09/2023;Outdoor;Coast/Shoreline
NEXTAR;Nabati;;SNACK;FP;LDPE;SL;1;Cilacap;Central Java;09/09/2023;Outdoor;Coast/Shoreline
AOKA;Indonesia Bakery Family;;SNACK;FP;LDPE;SL;1;Cilacap;Central Java;09/09/2023;Outdoor;Coast/Shoreline
BONANZA;;Unknown;SNACK;FP;LDPE;SL;1;Cilacap;Central Java;09/09/2023;Outdoor;Coast/Shoreline
KIT MOTOR;; PT SC Johnson and Son Indonesia;PEMBERSIH;HP;LDPE;ML;2;Cilacap;Central Java;09/09/2023;Outdoor;Coast/Shoreline
LA;British American Tobacco;;CIGARETTE;SM;O;ML;2;Cilacap;Central Java;09/09/2023;Outdoor;Coast/Shoreline
DIPLOMAT;;Wismilak Group;CIGARETTE;SM;O;ML;1;Cilacap;Central Java;09/09/2023;Outdoor;Coast/Shoreline
DILAN;;Garuda Food;SNACK;FP;LDPE;SL;1;Cilacap;Central Java;09/09/2023;Outdoor;Coast/Shoreline
GUDANG GARAM;Gudang Garam Tbk.;;CIGARETTE;SM;O;ML;3;Cilacap;Central Java;09/09/2023;Outdoor;Coast/Shoreline
KOMO;CV Top Asli;;SNACK;FP;LDPE;SL;1;Cilacap;Central Java;09/09/2023;Outdoor;Coast/Shoreline
YORA;Tirta Agung Wijaya;;AIR MINUM;FP;PET;SL;2;Cilacap;Central Java;09/09/2023;Outdoor;Coast/Shoreline
MILO;Nestle;;;FP;LDPE;SL;1;Cilacap;Central Java;09/09/2023;Outdoor;Coast/Shoreline
VIT;Tirta Investama;;;FP;PET;SL;2;Cilacap;Central Java;09/09/2023;Outdoor;Coast/Shoreline
MOMOGI;Sari Murni;;;FP;LDPE;SL;1;Cilacap;Central Java;09/09/2023;Outdoor;Coast/Shoreline
YAKULT;Yakult;;;FP;HDPE;SL;1;Cilacap;Central Java;09/09/2023;Outdoor;Coast/Shoreline
AQUA;Danone;;;FP;PET;SL;3;Cilacap;Central Java;09/09/2023;Outdoor;Coast/Shoreline
SANDAL;Unbranded;;;O;O;ML;3;Cilacap;Central Java;09/09/2023;Outdoor;Coast/Shoreline
FRESTEA;The Coca-Cola Company;;;FP;PET;ML;1;Cilacap;Central Java;09/09/2023;Outdoor;Coast/Shoreline
TEH NUSANTARA;;Mommilk Group Indonesia;;FP;PET;SL;1;Cilacap;Central Java;09/09/2023;Outdoor;Coast/Shoreline
KRESEK;;Unknown;;HP;LDPE;SL;5;Cilacap;Central Java;09/09/2023;Outdoor;Coast/Shoreline
OREO;Dongsuh Foods;;;FP;LDPE;SL;1;Cilacap;Central Java;09/09/2023;Outdoor;Coast/Shoreline
SAMPOERNA;Philip Morris International;;;SM;O;ML;2;Cilacap;Central Java;09/09/2023;Outdoor;Coast/Shoreline
ARDEN;;Mayora Indah;;FP;PP;SL;1;Cilacap;Central Java;09/09/2023;Outdoor;Coast/Shoreline
ARIES SNACK BERHADIAH;;Unknown;;FP;PP;SL;1;Cilacap;Central Java;09/09/2023;Outdoor;Coast/Shoreline
BESI;;Unknown;;O;O;Unsure;1;Cilacap;Central Java;09/09/2023;Outdoor;Coast/Shoreline
FRENCH FRIES;Siantar Top;;;FP;LDPE;SL;1;Cilacap;Central Java;09/09/2023;Outdoor;Coast/Shoreline
FRISIAN FLAG;FrieslandCampina;;;FP;O;ML;3;Cilacap;Central Java;09/09/2023;Outdoor;Coast/Shoreline
COTTON BUD;;Unknown;;PC;O;Unsure;1;Cilacap;Central Java;09/09/2023;Outdoor;Coast/Shoreline
ANOAH;;Unknown;CIGARETTE;SM;O;ML;1;Cilacap;Central Java;09/09/2023;Outdoor;Coast/Shoreline
KOPI GOOD DAY;;Mayora Indah;;FP;LDPE;SL;2;Cilacap;Central Java;09/09/2023;Outdoor;Coast/Shoreline
PILUS GARUDA;Tudung Group;;;FP;LDPE;SL;1;Cilacap;Central Java;09/09/2023;Outdoor;Coast/Shoreline
GOLDA;Wings;;;FP;PET;SL;1;Cilacap;Central Java;09/09/2023;Outdoor;Coast/Shoreline
HATARI;ASW Food;;;FP;LDPE;SL;1;Cilacap;Central Java;09/09/2023;Outdoor;Coast/Shoreline
MASKER;Unbranded;;;PC;PP;SL;81;Cilacap;Central Java;09/09/2023;Outdoor;Coast/Shoreline
PLASTIC;Unbranded;;;PM;PP;SL;1;Cilacap;Central Java;09/09/2023;Outdoor;Coast/Shoreline
KOI;;PT KOI Café Indonesia;;SM;O;ML;1;Cilacap;Central Java;09/09/2023;Outdoor;Coast/Shoreline
LUXIO;;Unknown;;SM;O;ML;1;Cilacap;Central Java;09/09/2023;Outdoor;Coast/Shoreline
POP MIE;Indofood;;;FP;LDPE;SL;3;Cilacap;Central Java;09/09/2023;Outdoor;Coast/Shoreline
STRAWS;Unbranded;;;FP;PET;SL;105;Cilacap;Central Java;09/09/2023;Outdoor;Coast/Shoreline
SUPERSTAR;Mayora Indah;;;FP;LDPE;SL;1;Cilacap;Central Java;09/09/2023;Outdoor;Coast/Shoreline
TALI RAFIA;;Unknown;;HP;PET;SL;1;Cilacap;Central Java;09/09/2023;Outdoor;Coast/Shoreline
SAMBAL ASLI;Multisari;;;FP;LDPE;SL;1;Cilacap;Central Java;09/09/2023;Outdoor;Coast/Shoreline
ANDALAN;Gudang Baru;;;SM;O;ML;1;Cilacap;Central Java;09/09/2023;Outdoor;Coast/Shoreline
PADIMAS;Stanly Trijaya Mandiri;;;FP;LDPE;SL;1;Cilacap;Central Java;09/09/2023;Outdoor;Coast/Shoreline
GELAS PLASTIK;Unbranded;;;FP;PET;SL;2;Cilacap;Central Java;09/09/2023;Outdoor;Coast/Shoreline
WINGS;Sayap Mas Utama;;;HP;PET;SL;1;Cilacap;Central Java;09/09/2023;Outdoor;Coast/Shoreline
ROTI KURNIA;;Unknown;;FP;LDPE;SL;1;Cilacap;Central Java;09/09/2023;Outdoor;Coast/Shoreline
PROMINA;Indofood;;;FP;LDPE;SL;1;Cilacap;Central Java;09/09/2023;Outdoor;Coast/Shoreline
PLASTIC FORK;Unbranded;;;FP;PS;SL;18;Cilacap;Central Java;09/09/2023;Outdoor;Coast/Shoreline
MOGU MOGU;Sappe;;;FP;PET;SL;1;Cilacap;Central Java;09/09/2023;Outdoor;Coast/Shoreline
ROTI ALIF;;Unknown;;FP;LDPE;SL;1;Cilacap;Central Java;09/09/2023;Outdoor;Coast/Shoreline
SARI ROTI;Nippon Indosari Corpindo;;;FP;PP;SL;2;Cilacap;Central Java;09/09/2023;Outdoor;Coast/Shoreline
POP MIE;Indofood;;;FP;PS;SL;11;Cilacap;Central Java;09/09/2023;Outdoor;Coast/Shoreline
STYROFOAM;Unbranded;;;PM;PS;SL;14;Cilacap;Central Java;09/09/2023;Outdoor;Coast/Shoreline
NABATI TIME BREAK;Nabati;;;FP;LDPE;SL;2;Cilacap;Central Java;09/09/2023;Outdoor;Coast/Shoreline
TOLAK ANGIN;Sidomuncul;;;FP;LDPE;SL;3;Cilacap;Central Java;09/09/2023;Outdoor;Coast/Shoreline
MASAKO;Ajinomoto;;;FP;LDPE;SL;1;Cilacap;Central Java;09/09/2023;Outdoor;Coast/Shoreline
HANDSCOON;;Unknown;;PC;PP;SL;5;Cilacap;Central Java;09/09/2023;Outdoor;Coast/Shoreline
GUMMY LOLIPOP;;Unknown;;FP;PP;SL;2;Cilacap;Central Java;09/09/2023;Outdoor;Coast/Shoreline
SUNSILK;Unilever;;;PC;LDPE;SL;1;Cilacap;Central Java;09/09/2023;Outdoor;Coast/Shoreline
LIFEBUOY;Unilever;;;PC;LDPE;SL;1;Cilacap;Central Java;09/09/2023;Outdoor;Coast/Shoreline
JECO;;Unknown;;SM;O;ML;1;Cilacap;Central Java;09/09/2023;Outdoor;Coast/Shoreline
PUTRI PANDA;Putri Panda;;;FP;LDPE;SL;1;Cilacap;Central Java;09/09/2023;Outdoor;Coast/Shoreline
HARMONI;;Unknown;;SM;O;ML;1;Cilacap;Central Java;09/09/2023;Outdoor;Coast/Shoreline
WALLS;Unilever;;;FP;PP;SL;1;Cilacap;Central Java;09/09/2023;Outdoor;Coast/Shoreline
INAKO JELLY;;PT Niramas Utama;;FP;PP;SL;4;Cilacap;Central Java;09/09/2023;Outdoor;Coast/Shoreline
PLASTIK KEMASAN;;Unknown;;PM;PS;SL;5;Cilacap;Central Java;09/09/2023;Outdoor;Coast/Shoreline
NESLITE;;Unknown;;SM;O;ML;1;Cilacap;Central Java;09/09/2023;Outdoor;Coast/Shoreline
INDOCAFE;Indofood;;;FP;LDPE;SL;1;Cilacap;Central Java;09/09/2023;Outdoor;Coast/Shoreline
SEDAAP;Wings;;;FP;PP;SL;1;Cilacap;Central Java;09/09/2023;Outdoor;Coast/Shoreline
NUTRISARI;NutriFood;;;FP;LDPE;SL;1;Cilacap;Central Java;09/09/2023;Outdoor;Coast/Shoreline
KAPAL API;Santos Jaya Abadi;;;FP;LDPE;SL;2;Cilacap;Central Java;09/09/2023;Outdoor;Coast/Shoreline
BETTER;Mayora Indah;;;FP;LDPE;SL;1;Cilacap;Central Java;09/09/2023;Outdoor;Coast/Shoreline
CLEO;Tanobel Food;;;FP;PET;SL;1;Cilacap;Central Java;09/09/2023;Outdoor;Coast/Shoreline
SEJAHTERA 92;;CV Sejahtera Malang;;SM;O;ML;2;Cilacap;Central Java;09/09/2023;Outdoor;Coast/Shoreline
WISMILAK;;Wismilak Group;;SM;O;ML;1;Cilacap;Central Java;09/09/2023;Outdoor;Coast/Shoreline
SANIA;Bina Karya Prima;;;FP;O;ML;1;Cilacap;Central Java;09/09/2023;Outdoor;Coast/Shoreline
CASING HANDPHONE;;Unknown;;O;O;Unsure;1;Cilacap;Central Java;09/09/2023;Outdoor;Coast/Shoreline
FLORIDINA;Wings Indonesia;;;FP;PET;SL;1;Cilacap;Central Java;09/09/2023;Outdoor;Coast/Shoreline
MILKITA;Unifam;;;FP;LDPE;SL;1;Cilacap;Central Java;09/09/2023;Outdoor;Coast/Shoreline
TEH PUCUK;Mayora Indah;;;FP;PET;SL;1;Cilacap;Central Java;09/09/2023;Outdoor;Coast/Shoreline
ZYLUC;Gloria Bisco;;;FP;O;SL;1;Cilacap;Central Java;09/09/2023;Outdoor;Coast/Shoreline
BANDAGE;;Unknown;;PC;O;ML;1;Cilacap;Central Java;09/09/2023;Outdoor;Coast/Shoreline
SPRITE;The Coca-Cola Company;;;FP;PET;SL;1;Cilacap;Central Java;09/09/2023;Outdoor;Coast/Shoreline
KOPI ABC;Santos Jaya Abadi;;;FP;LDPE;ML;2;Cilacap;Central Java;09/09/2023;Outdoor;Coast/Shoreline
FRISIAN FLAG;FrieslandCampina;;;FP;O;SL;1;Cilacap;Central Java;09/09/2023;Outdoor;Coast/Shoreline
SO KLIN;Wings;;;HP;LDPE;ML;1;Cilacap;Central Java;09/09/2023;Outdoor;Coast/Shoreline
EKONOMI;Wings;;;HP;LDPE;ML;2;Cilacap;Central Java;09/09/2023;Outdoor;Coast/Shoreline
LOLY;;Unknown;;FP;O;Unsure;1;Cilacap;Central Java;09/09/2023;Outdoor;Coast/Shoreline
DOWNY;Procter & Gamble;;;HP;LDPE;SL;3;Cilacap;Central Java;09/09/2023;Outdoor;Coast/Shoreline
TAS;;Unknown;;O;O;Unsure;1;Cilacap;Central Java;09/09/2023;Outdoor;Coast/Shoreline
LAURIER;Kao Corporation Chemicals company;;BANDAGE;PC;PET;SL;2;Cilacap;Central Java;09/09/2023;Outdoor;Coast/Shoreline
PLASTIK BENING;;Unknown;PLATIS;PM;PET;SL;55;Cilacap;Central Java;09/09/2023;Outdoor;Coast/Shoreline
MIWON;;PT Daesang Agung Indonesia;PENYEDAP RASA;FP;PET;SL;1;Cilacap;Central Java;09/09/2023;Outdoor;Coast/Shoreline
UNKNOWN;Unbranded;;KRESEK;HP;PET;SL;35;Cilacap;Central Java;09/09/2023;Outdoor;Coast/Shoreline
MINYAKITA;;Apical Group;MINYAK GORENG;FP;PET;SL;1;Cilacap;Central Java;09/09/2023;Outdoor;Coast/Shoreline
SASA;Sasa Inti;;TEPUNG;FP;PET;SL;1;Cilacap;Central Java;09/09/2023;Outdoor;Coast/Shoreline
MAMA LEMON;Lion Wings;;SABUN CUCI PIRING;HP;PET;SL;1;Cilacap;Central Java;09/09/2023;Outdoor;Coast/Shoreline
HATARI;ASW Food;;BISKUIT;FP;PET;SL;1;Cilacap;Central Java;09/09/2023;Outdoor;Coast/Shoreline
PADDLE POP;Unilever;;ICE CREAM;FP;PET;SL;3;Cilacap;Central Java;09/09/2023;Outdoor;Coast/Shoreline
RINSO;Unilever;;DETERGEN;HP;PET;SL;1;Cilacap;Central Java;09/09/2023;Outdoor;Coast/Shoreline
AOKA;Indonesia Bakery Family;;BREAD;FP;PET;SL;4;Cilacap;Central Java;09/09/2023;Outdoor;Coast/Shoreline
MIE KREMEZZ;Tiga Pilar Sejahtera;;SNACK;FP;PET;SL;1;Cilacap;Central Java;09/09/2023;Outdoor;Coast/Shoreline
KISS;Mayora Indah;;PERMEN;FP;PET;SL;1;Cilacap;Central Java;09/09/2023;Outdoor;Coast/Shoreline
PALEM;;PT Catur Wangsa Indah;DETERJEN;HP;PET;SL;1;Cilacap;Central Java;09/09/2023;Outdoor;Coast/Shoreline
KOPI GOOD DAY;;Santos Jaya Abadi;COFFEE;FP;PET;SL;12;Cilacap;Central Java;09/09/2023;Outdoor;Coast/Shoreline
SUKRO OVEN;;Dua Kelinci;SNACK;FP;PET;SL;1;Cilacap;Central Java;09/09/2023;Outdoor;Coast/Shoreline
CHOCOLATOS;Garuda Food;;SNACK;FP;PET;SL;1;Cilacap;Central Java;09/09/2023;Outdoor;Coast/Shoreline
NUGGET CHAMP;;PT Charoen Pokphand Indonesia Tbk;NUGGET;FP;PET;SL;1;Cilacap;Central Java;09/09/2023;Outdoor;Coast/Shoreline
SARI ASEM;Ultrajaya;;SUSU KOTAK;FP;PET;SL;1;Cilacap;Central Java;09/09/2023;Outdoor;Coast/Shoreline
CHOCO PIE;Lotte Confectionary Co;;BISKUIT;FP;PET;SL;1;Cilacap;Central Java;09/09/2023;Outdoor;Coast/Shoreline
SWALLOW;sinar Jaya Perkasa;;SANDAL;HP;O;ML;11;Cilacap;Central Java;09/09/2023;Outdoor;Coast/Shoreline
FINNA NUSANTARA;;PT Sekar Laut;KERUPUK;FP;PET;SL;1;Cilacap;Central Java;09/09/2023;Outdoor;Coast/Shoreline
PANGPANG;;Indomaret;SNACK;FP;PET;SL;1;Cilacap;Central Java;09/09/2023;Outdoor;Coast/Shoreline
STRAWS;Unbranded;;SEDOTAN;FP;PET;SL;61;Cilacap;Central Java;09/09/2023;Outdoor;Coast/Shoreline
HAPPY NAPPY;;PT Softex Indonesia;PAMPERS;PC;O;ML;9;Cilacap;Central Java;09/09/2023;Outdoor;Coast/Shoreline
PLASTIK PUTIH;;Unknown;PLASTIK PUTIH;HP;PET;SL;60;Cilacap;Central Java;09/09/2023;Outdoor;Coast/Shoreline
MASKER;Unbranded;;MASKER;PC;PP;ML;2;Cilacap;Central Java;09/09/2023;Outdoor;Coast/Shoreline
POP MIE;Indofood;;MIE INSTAN;FP;PS;ML;5;Cilacap;Central Java;09/09/2023;Outdoor;Coast/Shoreline
SEDAAP;Wings;;MIE INSTAN;FP;PET;SL;1;Cilacap;Central Java;09/09/2023;Outdoor;Coast/Shoreline
AQUA;Danone;;AIR MINERAL;FP;PET;SL;6;Cilacap;Central Java;09/09/2023;Outdoor;Coast/Shoreline
MARIMAS;Marimas Putera Kencana;;DRINK;FP;PET;SL;4;Cilacap;Central Java;09/09/2023;Outdoor;Coast/Shoreline
CUSSONS BABY;Cussons;;TISSUE BASAH;PC;PET;SL;1;Cilacap;Central Java;09/09/2023;Outdoor;Coast/Shoreline
ERJE;;Unknown;CIGARETTE;SM;O;ML;21;Cilacap;Central Java;09/09/2023;Outdoor;Coast/Shoreline
PLASTIC FORK;Unbranded;;GARPU;FP;PET;ML;14;Cilacap;Central Java;09/09/2023;Outdoor;Coast/Shoreline
CUP;Unbranded;;GELAS PLASTIK;FP;PS;SL;1;Cilacap;Central Java;09/09/2023;Outdoor;Coast/Shoreline
SEMEN PADAK;;PT Semen Padang;SEMEN;O;PVC;ML;1;Cilacap;Central Java;09/09/2023;Outdoor;Coast/Shoreline
TEA JUS;Wings;;DRINK;FP;PET;ML;1;Cilacap;Central Java;09/09/2023;Outdoor;Coast/Shoreline
BENG BENG;Mayora Inda;;SNACK;FP;PET;ML;2;Cilacap;Central Java;09/09/2023;Outdoor;Coast/Shoreline
RING;;PT. Pacific Food Indonesia;SNACK;FP;PET;ML;1;Cilacap;Central Java;09/09/2023;Outdoor;Coast/Shoreline
BIMOLI;Salim Ivomas Pratama Tbk.;;MINYAK GORENG;FP;PET;SL;1;Cilacap;Central Java;09/09/2023;Outdoor;Coast/Shoreline
GARUDA;Tudung Group;;SNACK;FP;PET;SL;1;Cilacap;Central Java;09/09/2023;Outdoor;Coast/Shoreline
SAOS;;Unknown;SAOS;FP;PET;SL;3;Cilacap;Central Java;09/09/2023;Outdoor;Coast/Shoreline
TUTUP BOTOL;;Unknown;TUTUP BOTEL;FP;PET;SL;3;Cilacap;Central Java;09/09/2023;Outdoor;Coast/Shoreline
CHOCO CHIPS;Simba;;SNACK;FP;PET;SL;1;Cilacap;Central Java;09/09/2023;Outdoor;Coast/Shoreline
SEDAAP;Wings;;BUNGKUS BUMBU;FP;PET;ML;5;Cilacap;Central Java;09/09/2023;Outdoor;Coast/Shoreline
PLASTIK BENING;;Unknown;PLASTIC BAGS;PM;PET;SL;67;Cilacap;Central Java;09/09/2023;Outdoor;Coast/Shoreline
MADURASA;Madurasa Unggulan Nusantara;;HONEY;FP;PET;ML;1;Cilacap;Central Java;09/09/2023;Outdoor;Coast/Shoreline
SPRITE;The Coca-Cola Company;;DRINK;FP;PET;SL;1;Cilacap;Central Java;09/09/2023;Outdoor;Coast/Shoreline
EKONOMI;Wings;;SABUN CUCI PIRING;HP;PET;ML;1;Cilacap;Central Java;09/09/2023;Outdoor;Coast/Shoreline
REFINA;;PT UNIChemCandi Indonesia;GARAM;FP;PET;ML;1;Cilacap;Central Java;09/09/2023;Outdoor;Coast/Shoreline
PILUS GARUDA;Tudung Group;;SNACK;FP;PET;SL;1;Cilacap;Central Java;09/09/2023;Outdoor;Coast/Shoreline
FIT;Pran;;BOTOL AIR MINERAL;FP;PET;SL;1;Cilacap;Central Java;09/09/2023;Outdoor;Coast/Shoreline
INDOMIE;Indofood;;MIE INSTAN;FP;PET;SL;2;Cilacap;Central Java;09/09/2023;Outdoor;Coast/Shoreline
STRAWS;Unbranded;;SEDOTAN;FP;HDPE;SL;65;Cilacap;Central Java;09/09/2023;Outdoor;Coast/Shoreline
NASA;;PT Natural Nusantara;PASTA GIGI;PC;HDPE;ML;1;Cilacap;Central Java;09/09/2023;Outdoor;Coast/Shoreline
SANDAL;Unbranded;;SANDAL;HP;PP;ML;1;Cilacap;Central Java;09/09/2023;Outdoor;Coast/Shoreline
DAIA;Wings;;DETERGEN;HP;PET;ML;1;Cilacap;Central Java;09/09/2023;Outdoor;Coast/Shoreline
GREEN SOFT;;APP Sinarmas;TISSUE;HP;PET;SL;1;Cilacap;Central Java;09/09/2023;Outdoor;Coast/Shoreline
PLASTIK BENING;;Unknown;PLASTIC BAGS;PM;PET;SL;65;Cilacap;Central Java;09/09/2023;Outdoor;Coast/Shoreline
SUPERSTAR;Mayora Indah;;SNACK;FP;PET;ML;1;Cilacap;Central Java;09/09/2023;Outdoor;Coast/Shoreline
ZINC;PT Lion Wings;;SHAMPOO;PC;PET;ML;10;Cilacap;Central Java;09/09/2023;Outdoor;Coast/Shoreline
GARUDA;Tudung Group;;SNACK;FP;PET;SL;1;Cilacap;Central Java;09/09/2023;Outdoor;Coast/Shoreline
ALFAMART;Alfamart;;SNACK;FP;PET;SL;1;Cilacap;Central Java;09/09/2023;Outdoor;Coast/Shoreline
STYROFOAM;Unbranded;;STYROFOAM;PM;PET;SL;9;Cilacap;Central Java;09/09/2023;Outdoor;Coast/Shoreline
MATCH;;Unknown;MATCH;SM;PET;ML;2;Cilacap;Central Java;09/09/2023;Outdoor;Coast/Shoreline
FREDER;;Unknown;RUBBER GLOVES;HP;PET;ML;2;Cilacap;Central Java;09/09/2023;Outdoor;Coast/Shoreline
STRAWS;Unbranded;;;FP;PET;SL;40;Cilacap;Central Java;09/09/2023;Outdoor;Coast/Shoreline
INDOAPRIL;;Indomaret;;FP;PET;SL;1;Cilacap;Central Java;09/09/2023;Outdoor;Coast/Shoreline
PANDA;Meiji;;;FP;PET;SL;3;Cilacap;Central Java;09/09/2023;Outdoor;Coast/Shoreline
KAWA KAWA;;PT Balaraja Barat Indah;;O;O;SL;1;Cilacap;Central Java;09/09/2023;Outdoor;Coast/Shoreline
NESCAFE;Nestle;;COFFEE;FP;PET;SL;1;Cilacap;Central Java;09/09/2023;Outdoor;Coast/Shoreline
GROOVE;;Unknown;BEER;FP;PET;SL;1;Cilacap;Central Java;09/09/2023;Outdoor;Coast/Shoreline
ORANGE;;Unknown;BEER;FP;PET;SL;1;Cilacap;Central Java;09/09/2023;Outdoor;Coast/Shoreline
UNKNOWN;Unbranded;;MEDICINE;PC;PET;SL;1;Cilacap;Central Java;09/09/2023;Outdoor;Coast/Shoreline
JORDAN BAKERY;Jordan Bakery;;FOOD PACKAGING;FP;PET;SL;6;Cilacap;Central Java;09/09/2023;Outdoor;Coast/Shoreline
SEDAAP;Wings;;FOOD PACKAGING;FP;PET;SL;2;Cilacap;Central Java;09/09/2023;Outdoor;Coast/Shoreline
MIE SUKSES;Wings;;FOOD PACKAGING;FP;PET;SL;1;Cilacap;Central Java;09/09/2023;Outdoor;Coast/Shoreline
INDOFOOD;Indofood;;FOOD PACKAGING;FP;PET;SL;3;Cilacap;Central Java;09/09/2023;Outdoor;Coast/Shoreline
PROMINA;Indofood;;FOOD PACKAGING;FP;PET;SL;2;Cilacap;Central Java;09/09/2023;Outdoor;Coast/Shoreline
ROMA MALKIST;Mayora Indah;;SNACK;FP;PET;SL;3;Cilacap;Central Java;09/09/2023;Outdoor;Coast/Shoreline
PADDLE POP;Unilever;;ICE CREAM;FP;PET;SL;2;Cilacap;Central Java;09/09/2023;Outdoor;Coast/Shoreline
SIDORE MR. NATTA;;Asia Kamond Food;DRINK;FP;PET;SL;1;Cilacap;Central Java;09/09/2023;Outdoor;Coast/Shoreline
RUMPUT LAUT;Aneka Boga Nusantara;;FOOD PACKAGING;FP;PET;SL;1;Cilacap;Central Java;09/09/2023;Outdoor;Coast/Shoreline
SELAMAT;Ceres;;FOOD PACKAGING;FP;PET;SL;1;Cilacap;Central Java;09/09/2023;Outdoor;Coast/Shoreline
KOPI ABC;Santos Jaya Abadi;;COFFEE;FP;PET;SL;6;Cilacap;Central Java;09/09/2023;Outdoor;Coast/Shoreline
KAPAL API;Santos Jaya Abadi;;COFFEE;FP;PET;SL;10;Cilacap;Central Java;09/09/2023;Outdoor;Coast/Shoreline
PANTHER CUP;;PT Kino Indonesia;DRINK;FP;PET;SL;2;Cilacap;Central Java;09/09/2023;Outdoor;Coast/Shoreline
FRENCH FRIES;Siantar Top;;FOOD PACKAGING;FP;PET;SL;1;Cilacap;Central Java;09/09/2023;Outdoor;Coast/Shoreline
SUKRO;Dua Kelinci;;PEANUT;FP;PET;SL;2;Cilacap;Central Java;09/09/2023;Outdoor;Coast/Shoreline
CHITATO;Indofood;;FOOD PACKAGING;FP;PET;SL;1;Cilacap;Central Java;09/09/2023;Outdoor;Coast/Shoreline
TEH BOTOL SOSRO;Sinar Sosro;;DRINK PACK;FP;HDPE;SL;1;Cilacap;Central Java;09/09/2023;Outdoor;Coast/Shoreline
KOPI GOOD DAY;;Santos Jaya Abadi;DRINK;FP;PET;SL;9;Cilacap;Central Java;09/09/2023;Outdoor;Coast/Shoreline
MARSHMALLOW;Unbranded;;FOOD PACKAGING;FP;PET;SL;1;Cilacap;Central Java;09/09/2023;Outdoor;Coast/Shoreline
NUVO;Wings;;PRODUK RUMAH TANGGA;HP;PET;SL;1;Cilacap;Central Java;09/09/2023;Outdoor;Coast/Shoreline
SUNLIGHT;Unilever;;PRODUK RUMAH TANGGA;HP;PET;ML;2;Cilacap;Central Java;09/09/2023;Outdoor;Coast/Shoreline
GUDANG GARAM;Gudang Garam Tbk.;;CIGARETTE;SM;LDPE;ML;28;Cilacap;Central Java;09/09/2023;Outdoor;Coast/Shoreline
BENG BENG;Mayora Inda;;FOOD PACKAGING;FP;PET;SL;8;Cilacap;Central Java;09/09/2023;Outdoor;Coast/Shoreline
SIIP;Nabati Snack;;FOOD PACKAGING;FP;PET;SL;7;Cilacap;Central Java;09/09/2023;Outdoor;Coast/Shoreline
ULTRA MILK;Ultrajaya;;DRINK;FP;HDPE;SL;10;Cilacap;Central Java;09/09/2023;Outdoor;Coast/Shoreline
JAZ1;Kao Corporation Chemicals company;;DETERGEN;HP;PET;SL;1;Cilacap;Central Java;09/09/2023;Outdoor;Coast/Shoreline
TEA JUS;Wings;;DRINK;FP;PET;SL;3;Cilacap;Central Java;09/09/2023;Outdoor;Coast/Shoreline
KUE PIA GOLDEN;;Unknown;FOOD PACKAGING;FP;PET;SL;3;Cilacap;Central Java;09/09/2023;Outdoor;Coast/Shoreline
ROSE BRAND;CV Bumi Waras;;FOOD PACKAGING;FP;PET;SL;2;Cilacap;Central Java;09/09/2023;Outdoor;Coast/Shoreline
BETTER;Mayora Indah;;FOOD PACKAGING;FP;PET;SL;1;Cilacap;Central Java;09/09/2023;Outdoor;Coast/Shoreline
RICHY RICE;;Interfood Sukses Jasindo;FOOD PACKAGING;FP;PET;SL;1;Cilacap;Central Java;09/09/2023;Outdoor;Coast/Shoreline
CHOCOLATOS;Garuda Food;;FOOD PACKAGING;FP;PET;SL;1;Cilacap;Central Java;09/09/2023;Outdoor;Coast/Shoreline
PAPER CUP;Unbranded;;GELAS KERTAS;FP;PET;SL;1;Cilacap;Central Java;09/09/2023;Outdoor;Coast/Shoreline
MAMY LOVE;;Sinergi Adimitra Jaya;TISSUE;PC;PET;ML;1;Cilacap;Central Java;09/09/2023;Outdoor;Coast/Shoreline
SAMPOERNA;Philip Morris International;;CIGARETTE;SM;LDPE;ML;1;Cilacap;Central Java;09/09/2023;Outdoor;Coast/Shoreline
MASI;;Unknown;RUBBER GLOVES;O;O;SL;1;Cilacap;Central Java;09/09/2023;Outdoor;Coast/Shoreline
UNKNOWN;Unbranded;;UNKNOWN;FP;PET;SL;1;Cilacap;Central Java;09/09/2023;Outdoor;Coast/Shoreline
ROTI MANIS;Nippon Indosari Corpindo;;FOOD PACKAGING;FP;PET;SL;1;Cilacap;Central Java;09/09/2023;Outdoor;Coast/Shoreline
ALTIS;Santos Jaya Abadi;;DRINK;FP;PET;SL;1;Cilacap;Central Java;09/09/2023;Outdoor;Coast/Shoreline
KEJUCAKE;;Kraft Indonesia;FOOD PACKAGING;FP;PET;SL;1;Cilacap;Central Java;09/09/2023;Outdoor;Coast/Shoreline
CONNEXT;;Unknown;CIGARETTE;SM;LDPE;ML;1;Cilacap;Central Java;09/09/2023;Outdoor;Coast/Shoreline
FRISIAN FLAG;FrieslandCampina;;DRINK;FP;HDPE;SL;1;Cilacap;Central Java;09/09/2023;Outdoor;Coast/Shoreline
SEDAAP;Wings;;FOOD PACKAGING;FP;PET;SL;4;Cilacap;Central Java;09/09/2023;Outdoor;Coast/Shoreline
WHITE COFFEE;Java Prima Abadi;;DRINK;FP;PET;SL;2;Cilacap;Central Java;09/09/2023;Outdoor;Coast/Shoreline
POP MIE;Indofood;;FOOD PACKAGING;FP;PET;SL;2;Cilacap;Central Java;09/09/2023;Outdoor;Coast/Shoreline
PEMBALUT CHARM;;Uni-Charm Indonesia;BANDAGE;PC;PET;SL;3;Cilacap;Central Java;09/09/2023;Outdoor;Coast/Shoreline
AQUA;Danone;;DRINK;FP;PET;SL;1;Cilacap;Central Java;09/09/2023;Outdoor;Coast/Shoreline
TANGO;Tango;;FOOD PACKAGING;FP;PET;SL;2;Cilacap;Central Java;09/09/2023;Outdoor;Coast/Shoreline
KARA;;PT KARA SANTAN PERTAMA;FOOD PACKAGING;FP;PET;SL;4;Cilacap;Central Java;09/09/2023;Outdoor;Coast/Shoreline
GARUDA;Tudung Group;;FOOD PACKAGING;FP;PET;SL;1;Cilacap;Central Java;09/09/2023;Outdoor;Coast/Shoreline
BIHUN CAP JAGUNG;;PT Daesang Agung Indonesia;FOOD PACKAGING;FP;PET;SL;1;Cilacap;Central Java;09/09/2023;Outdoor;Coast/Shoreline
MILO;Nestle;;DRINK;FP;PET;SL;1;Cilacap;Central Java;09/09/2023;Outdoor;Coast/Shoreline
SO KLIN;Wings;;DETERGEN;PC;PET;SL;1;Cilacap;Central Java;09/09/2023;Outdoor;Coast/Shoreline
PURE LIFE;Nestle;;PLASTIC BOTTLES;FP;PET;SL;2;Cilacap;Central Java;09/09/2023;Outdoor;Coast/Shoreline
TEH GELAS;Orang Tua;;PLASTIC BOTTLES;FP;PET;SL;1;Cilacap;Central Java;09/09/2023;Outdoor;Coast/Shoreline
HEMAVITON;Tempo Scan Pacific;;PLASTIC BOTTLES;FP;O;SL;2;Cilacap;Central Java;09/09/2023;Outdoor;Coast/Shoreline
ENERGEN;Mayora Indah;;DRINK;FP;PET;SL;1;Cilacap;Central Java;09/09/2023;Outdoor;Coast/Shoreline
POTABEE;Wings;;FOOD PACKAGING;FP;PET;SL;1;Cilacap;Central Java;09/09/2023;Outdoor;Coast/Shoreline
POPCORN;BFY Brands;;FOOD PACKAGING;FP;PET;SL;1;Cilacap;Central Java;09/09/2023;Outdoor;Coast/Shoreline
MISTER POTATO;;Pacific Food Indonesia;FOOD PACKAGING;FP;PET;SL;1;Cilacap;Central Java;09/09/2023;Outdoor;Coast/Shoreline
OKKY JELLY DRINK;Tudung Group;;DRINK;FP;PET;SL;1;Cilacap;Central Java;09/09/2023;Outdoor;Coast/Shoreline
PLASTIC;Unbranded;;;O;O;SL;650;Cilacap;Central Java;09/09/2023;Outdoor;Coast/Shoreline
STYROFOAM;Unbranded;;;O;O;SL;11;Cilacap;Central Java;09/09/2023;Outdoor;Coast/Shoreline
STRAWS;Unbranded;;;O;O;SL;154;Cilacap;Central Java;09/09/2023;Outdoor;Coast/Shoreline
SPOON;Unbranded;;;O;O;SL;34;Cilacap;Central Java;09/09/2023;Outdoor;Coast/Shoreline
TUTUP BOTOL;;Unknown;;O;O;SL;4;Cilacap;Central Java;09/09/2023;Outdoor;Coast/Shoreline
BALLPOINT;;Unknown;;O;O;SL;2;Cilacap;Central Java;09/09/2023;Outdoor;Coast/Shoreline
AQUA;Danone;;;FP;PET;ML;7;Cilacap;Central Java;09/09/2023;Outdoor;Coast/Shoreline
FLORIDINA;Wings Indonesia;;;FP;PET;ML;2;Cilacap;Central Java;09/09/2023;Outdoor;Coast/Shoreline
VIT;Tirta Investama;;;FP;PET;ML;2;Cilacap;Central Java;09/09/2023;Outdoor;Coast/Shoreline
POP MIE;Indofood;;;FP;PS;SL;5;Cilacap;Central Java;09/09/2023;Outdoor;Coast/Shoreline
MINYAKITA;;Apical Group;;FP;PET;SL;1;Cilacap;Central Java;09/09/2023;Outdoor;Coast/Shoreline
SEDAAP;Wings;;;FP;PS;ML;12;Cilacap;Central Java;09/09/2023;Outdoor;Coast/Shoreline
YORA;Tirta Agung Wijaya;;;FP;PET;SL;1;Cilacap;Central Java;09/09/2023;Outdoor;Coast/Shoreline
PRISTINE;;PT Super Wahana Tehno;;FP;PET;ML;1;Cilacap;Central Java;09/09/2023;Outdoor;Coast/Shoreline
FRISIAN FLAG;FrieslandCampina;;;FP;HDPE;SL;3;Cilacap;Central Java;09/09/2023;Outdoor;Coast/Shoreline
ALFAMART;Alfamart;;;FP;PET;ML;1;Cilacap;Central Java;09/09/2023;Outdoor;Coast/Shoreline
SO KLIN;Wings;;;HP;HDPE;SL;2;Cilacap;Central Java;09/09/2023;Outdoor;Coast/Shoreline
DAIA;Wings;;;HP;LDPE;SL;2;Cilacap;Central Java;09/09/2023;Outdoor;Coast/Shoreline
MOONCAKE;;Unknown;;HP;LDPE;Unsure;1;Cilacap;Central Java;09/09/2023;Outdoor;Coast/Shoreline
PADIMAS;Stanly Trijaya Mandiri;;;FP;LDPE;SL;1;Cilacap;Central Java;09/09/2023;Outdoor;Coast/Shoreline
TOGO;;PT. Serena Indopangan Industri;;FP;LDPE;SL;1;Cilacap;Central Java;09/09/2023;Outdoor;Coast/Shoreline
PROMINA;Indofood;;;FP;LDPE;SL;1;Cilacap;Central Java;09/09/2023;Outdoor;Coast/Shoreline
OKKY JELLY DRINK;Tudung Group;;;FP;LDPE;SL;1;Cilacap;Central Java;09/09/2023;Outdoor;Coast/Shoreline
PEPSODENT;Unilever;;;HP;LDPE;SL;1;Cilacap;Central Java;09/09/2023;Outdoor;Coast/Shoreline
PIKOPI;;Santos Jaya Abadi;;FP;LDPE;SL;1;Cilacap;Central Java;09/09/2023;Outdoor;Coast/Shoreline
EKONOMI;Wings;;;HP;LDPE;SL;2;Cilacap;Central Java;09/09/2023;Outdoor;Coast/Shoreline
CAMPINA;FrieslandCampina;;;FP;LDPE;SL;1;Cilacap;Central Java;09/09/2023;Outdoor;Coast/Shoreline
PADDLE POP;Unilever;;;FP;LDPE;SL;3;Cilacap;Central Java;09/09/2023;Outdoor;Coast/Shoreline
BISCOLATA;;Unknown;;FP;LDPE;Unsure;1;Cilacap;Central Java;09/09/2023;Outdoor;Coast/Shoreline
BETTER;Mayora Indah;;;FP;O;SL;2;Cilacap;Central Java;09/09/2023;Outdoor;Coast/Shoreline
MATCH;;Unknown;;SM;LDPE;SL;1;Cilacap;Central Java;09/09/2023;Outdoor;Coast/Shoreline
CHOCO PIE;Lotte Confectionary Co;;;FP;HDPE;SL;1;Cilacap;Central Java;09/09/2023;Outdoor;Coast/Shoreline
ROTI PIA;;Unknown;;FP;HDPE;SL;1;Cilacap;Central Java;09/09/2023;Outdoor;Coast/Shoreline
MIE GELAS;Mayora Indah;;;FP;HDPE;SL;2;Cilacap;Central Java;09/09/2023;Outdoor;Coast/Shoreline
KERUPUK IKAN TENGGIRI;;Unknown;;FP;HDPE;SL;1;Cilacap;Central Java;09/09/2023;Outdoor;Coast/Shoreline
ALAM SARI;;Unknown;;FP;HDPE;SL;1;Cilacap;Central Java;09/09/2023;Outdoor;Coast/Shoreline
SEKAR SARI;;Sekar Sari Snack Cikarang;;FP;HDPE;SL;1;Cilacap;Central Java;09/09/2023;Outdoor;Coast/Shoreline
KARANG DADAK;;Unknown;;FP;LDPE;SL;1;Cilacap;Central Java;09/09/2023;Outdoor;Coast/Shoreline
SUNLIGHT;Unilever;;;HP;PET;SL;1;Cilacap;Central Java;09/09/2023;Outdoor;Coast/Shoreline
UNBRANDED;Unbranded;;;FP;PET;SL;1;Cilacap;Central Java;09/09/2023;Outdoor;Coast/Shoreline
AOKA;Indonesia Bakery Family;;;FP;HDPE;SL;10;Cilacap;Central Java;09/09/2023;Outdoor;Coast/Shoreline
MI TELUR;;Unknown;;FP;HDPE;SL;1;Cilacap;Central Java;09/09/2023;Outdoor;Coast/Shoreline
KOMO;CV Top Asli;;;FP;HDPE;SL;3;Cilacap;Central Java;09/09/2023;Outdoor;Coast/Shoreline
DAIA;Wings;;;FP;HDPE;SL;1;Cilacap;Central Java;09/09/2023;Outdoor;Coast/Shoreline
GOPEK;Gopek Cipta Utama;;;FP;HDPE;SL;1;Cilacap;Central Java;09/09/2023;Outdoor;Coast/Shoreline
PASEO;Asia Pulp & Paper Group;;;FP;HDPE;SL;1;Cilacap;Central Java;09/09/2023;Outdoor;Coast/Shoreline
PUTRI PANDA;Putri Panda;;;FP;HDPE;SL;6;Cilacap;Central Java;09/09/2023;Outdoor;Coast/Shoreline
PILUS GARUDA;Tudung Group;;;FP;HDPE;SL;1;Cilacap;Central Java;09/09/2023;Outdoor;Coast/Shoreline
ROTI SISIR;Jordan bakery;;;FP;HDPE;SL;1;Cilacap;Central Java;09/09/2023;Outdoor;Coast/Shoreline
KACANG TIC TAC;;Garuda Food;;FP;HDPE;SL;1;Cilacap;Central Java;09/09/2023;Outdoor;Coast/Shoreline
KISS;Mayora Indah;;;FP;HDPE;SL;1;Cilacap;Central Java;09/09/2023;Outdoor;Coast/Shoreline
QTELA;Indofood;;;FP;HDPE;SL;1;Cilacap;Central Java;09/09/2023;Outdoor;Coast/Shoreline
GORIORIO;Siantar Top;;;FP;HDPE;SL;1;Cilacap;Central Java;09/09/2023;Outdoor;Coast/Shoreline
REAL GOOD;So Good Food;;;FP;HDPE;SL;1;Cilacap;Central Java;09/09/2023;Outdoor;Coast/Shoreline
ZYLUC;Gloria Bisco;;;FP;HDPE;SL;1;Cilacap;Central Java;09/09/2023;Outdoor;Coast/Shoreline
MIE GELAS;Mayora Indah;;;FP;PS;SL;3;Cilacap;Central Java;09/09/2023;Outdoor;Coast/Shoreline
EKOMIE;Wings;;;FP;HDPE;SL;2;Cilacap;Central Java;09/09/2023;Outdoor;Coast/Shoreline
CHIKI;Indofood;;;FP;HDPE;SL;1;Cilacap;Central Java;09/09/2023;Outdoor;Coast/Shoreline
MANDALI;;Unknown;;FP;HDPE;SL;1;Cilacap;Central Java;09/09/2023;Outdoor;Coast/Shoreline
SERASA;;HM Sampoerna, Tbk;;SM;O;SL;1;Cilacap;Central Java;09/09/2023;Outdoor;Coast/Shoreline
BOT;;Unknown;;PC;O;SL;1;Cilacap;Central Java;09/09/2023;Outdoor;Coast/Shoreline
TOP TEN;CV Top Asli;;;FP;LDPE;SL;1;Cilacap;Central Java;09/09/2023;Outdoor;Coast/Shoreline
ENAAK;;Siantar Top;;FP;LDPE;SL;1;Cilacap;Central Java;09/09/2023;Outdoor;Coast/Shoreline
KACANG CIKUR DADALI;;CV Bintang Karya Rasa;;FP;LDPE;SL;1;Cilacap;Central Java;09/09/2023;Outdoor;Coast/Shoreline
JAZ1;Kao Corporation Chemicals company;;;FP;LDPE;SL;1;Cilacap;Central Java;09/09/2023;Outdoor;Coast/Shoreline
CHOCO RIO;;OK Foods;;FP;LDPE;SL;1;Cilacap;Central Java;09/09/2023;Outdoor;Coast/Shoreline
MINGOOLA;;Unknown;;FP;LDPE;SL;1;Cilacap;Central Java;09/09/2023;Outdoor;Coast/Shoreline
SENDOK;;Unknown;;FP;HDPE;SL;6;Cilacap;Central Java;09/09/2023;Outdoor;Coast/Shoreline
SPIX;Siantar Top;;;FP;LDPE;SL;1;Cilacap;Central Java;09/09/2023;Outdoor;Coast/Shoreline
GARUDA;Tudung Group;;;FP;LDPE;SL;1;Cilacap;Central Java;09/09/2023;Outdoor;Coast/Shoreline
KACANG CIKUR POGO;;Unknown;;FP;LDPE;SL;1;Cilacap;Central Java;09/09/2023;Outdoor;Coast/Shoreline
DIO;;Djarum;CIGARETTE;SM;O;SL;1;Cilacap;Central Java;09/09/2023;Outdoor;Coast/Shoreline
FANTA;The Coca-Cola Company;;;FP;LDPE;SL;1;Cilacap;Central Java;09/09/2023;Outdoor;Coast/Shoreline
KINO;Kino Sentra Industrindo;;;FP;LDPE;SL;1;Cilacap;Central Java;09/09/2023;Outdoor;Coast/Shoreline
BALIMAS;;Unknown;;FP;LDPE;SL;1;Cilacap;Central Java;09/09/2023;Outdoor;Coast/Shoreline
MISTER POTATO;;Pacific Food Indonesia;;FP;LDPE;SL;1;Cilacap;Central Java;09/09/2023;Outdoor;Coast/Shoreline
KACANG TELOR;;Dua Kelinci;;FP;LDPE;SL;1;Cilacap;Central Java;09/09/2023;Outdoor;Coast/Shoreline
ALE-ALE;Wings;;;FP;LDPE;SL;1;Cilacap;Central Java;09/09/2023;Outdoor;Coast/Shoreline
FINTO;Forisa Nusa Persada;;;FP;LDPE;SL;1;Cilacap;Central Java;09/09/2023;Outdoor;Coast/Shoreline
SAMBAL;;Unknown;;FP;LDPE;SL;1;Cilacap;Central Java;09/09/2023;Outdoor;Coast/Shoreline
SAMBAL MAHKOTA;Sari wangi;;;FP;LDPE;SL;1;Cilacap;Central Java;09/09/2023;Outdoor;Coast/Shoreline
SEGITIGA BIRU;Indofood;;;FP;LDPE;SL;1;Cilacap;Central Java;09/09/2023;Outdoor;Coast/Shoreline
WADAH AGAR-AGAR;;Unknown;;FP;LDPE;SL;3;Cilacap;Central Java;09/09/2023;Outdoor;Coast/Shoreline
TEMPAT SAOS;;Unknown;;FP;LDPE;SL;1;Cilacap;Central Java;09/09/2023;Outdoor;Coast/Shoreline
GARAM DAUN;;Unknown;;FP;LDPE;SL;1;Cilacap;Central Java;09/09/2023;Outdoor;Coast/Shoreline
BIO;;Unknown;;FP;LDPE;SL;1;Cilacap;Central Java;09/09/2023;Outdoor;Coast/Shoreline
BASO SAPI;;Unknown;;FP;LDPE;SL;1;Cilacap;Central Java;09/09/2023;Outdoor;Coast/Shoreline
YUF;;Unknown;;FP;LDPE;SL;1;Cilacap;Central Java;09/09/2023;Outdoor;Coast/Shoreline
GUDANG GARAM;Gudang Garam Tbk.;;;FP;LDPE;SL;1;Cilacap;Central Java;09/09/2023;Outdoor;Coast/Shoreline
KEMASAN PLASTIK;;Unknown;;FP;LDPE;SL;1;Cilacap;Central Java;09/09/2023;Outdoor;Coast/Shoreline
TUTUP BOTOL;;Unknown;;FP;LDPE;SL;1;Cilacap;Central Java;09/09/2023;Outdoor;Coast/Shoreline
SUPERSTAR;Mayora Indah;;;FP;LDPE;SL;1;Cilacap;Central Java;09/09/2023;Outdoor;Coast/Shoreline
KECAP ABC;ABC;;;FP;PET;ML;1;Cilacap;Central Java;09/09/2023;Outdoor;Coast/Shoreline
ULTRA MILK;Ultrajaya;;;FP;PET;ML;13;Cilacap;Central Java;09/09/2023;Outdoor;Coast/Shoreline
WALLS;Unilever;;;FP;PET;SL;2;Cilacap;Central Java;09/09/2023;Outdoor;Coast/Shoreline
KALPA;Mayora Indah;;;FP;PET;ML;5;Cilacap;Central Java;09/09/2023;Outdoor;Coast/Shoreline
KAPAL API;Santos Jaya Abadi;;;FP;PET;ML;5;Cilacap;Central Java;09/09/2023;Outdoor;Coast/Shoreline
DUA KELINCI;Dua Kelinci;;;FP;PET;ML;1;Cilacap;Central Java;09/09/2023;Outdoor;Coast/Shoreline
HATARI;ASW Food;;;FP;PET;ML;2;Cilacap;Central Java;09/09/2023;Outdoor;Coast/Shoreline
JETZ;Indofood;;;FP;PET;ML;1;Cilacap;Central Java;09/09/2023;Outdoor;Coast/Shoreline
CHIKI BALL;Indofood;;;FP;PET;ML;1;Cilacap;Central Java;09/09/2023;Outdoor;Coast/Shoreline
KANZLER;;PT Macroprima Panganutama;;FP;PET;ML;1;Cilacap;Central Java;09/09/2023;Outdoor;Coast/Shoreline
TEH GELAS;Orang Tua;;;FP;PET;SL;2;Cilacap;Central Java;09/09/2023;Outdoor;Coast/Shoreline
KOPI GOOD DAY;;Santos Jaya Abadi;;FP;PET;ML;7;Cilacap;Central Java;09/09/2023;Outdoor;Coast/Shoreline
AOKA;Indonesia Bakery Family;;;FP;PET;SL;3;Cilacap;Central Java;09/09/2023;Outdoor;Coast/Shoreline
KOKO;Cocola;;;FP;PET;SL;24;Cilacap;Central Java;09/09/2023;Outdoor;Coast/Shoreline
TEH KOTAK;Ultrajaya;;;FP;PET;ML;2;Cilacap;Central Java;09/09/2023;Outdoor;Coast/Shoreline
LAYS;PepsiCo;;;FP;PET;SL;1;Cilacap;Central Java;09/09/2023;Outdoor;Coast/Shoreline
NESCAFE;Nestle;;;FP;PET;SL;1;Cilacap;Central Java;09/09/2023;Outdoor;Coast/Shoreline
AICE;Aice;;;FP;PET;SL;2;Cilacap;Central Java;09/09/2023;Outdoor;Coast/Shoreline
MIZONE;Danone;;;FP;PET;SL;1;Cilacap;Central Java;09/09/2023;Outdoor;Coast/Shoreline
MITU;Megasari Makmur;;;PC;LDPE;SL;1;Cilacap;Central Java;09/09/2023;Outdoor;Coast/Shoreline
LUSSENS;;Unknown;;PC;LDPE;SL;1;Cilacap;Central Java;09/09/2023;Outdoor;Coast/Shoreline
SHARON;;Sumber Alfaria Trijaya;;FP;PET;SL;2;Cilacap;Central Java;09/09/2023;Outdoor;Coast/Shoreline
POCARI SWEAT;Otsuka;;;FP;PET;SL;3;Cilacap;Central Java;09/09/2023;Outdoor;Coast/Shoreline
FRESTEA;The Coca-Cola Company;;;FP;PET;SL;1;Cilacap;Central Java;09/09/2023;Outdoor;Coast/Shoreline
GOLDA;Wings;;;FP;PET;SL;1;Cilacap;Central Java;09/09/2023;Outdoor;Coast/Shoreline
COCA COLA;The Coca-Cola Company;;;FP;PET;SL;1;Cilacap;Central Java;09/09/2023;Outdoor;Coast/Shoreline
CHIL GO;Morinaga;;;FP;PET;SL;1;Cilacap;Central Java;09/09/2023;Outdoor;Coast/Shoreline
VIT;Tirta Investama;;;FP;PET;ML;2;Cilacap;Central Java;09/09/2023;Outdoor;Coast/Shoreline
CIMORY;Mountain Dairy;;;FP;PET;ML;8;Cilacap;Central Java;09/09/2023;Outdoor;Coast/Shoreline
BENG BENG;Mayora Inda;;;FP;PET;ML;29;Cilacap;Central Java;09/09/2023;Outdoor;Coast/Shoreline
ROMA;Mayora Indah;;;FP;PET;ML;4;Cilacap;Central Java;09/09/2023;Outdoor;Coast/Shoreline
UNKNOWN;Unbranded;;;FP;O;Unsure;11;Cilacap;Central Java;09/09/2023;Outdoor;Coast/Shoreline
NUTRISARI;NutriFood;;;FP;PET;ML;25;Cilacap;Central Java;09/09/2023;Outdoor;Coast/Shoreline
WHITE COFFEE;Java Prima Abadi;;;FP;PET;ML;10;Cilacap;Central Java;09/09/2023;Outdoor;Coast/Shoreline
CIGARETTE;;Unknown;;SM;O;ML;35;Cilacap;Central Java;09/09/2023;Outdoor;Coast/Shoreline
CHIKI;Indofood;;;FP;PET;ML;3;Cilacap;Central Java;09/09/2023;Outdoor;Coast/Shoreline
TESSA;;PT Graha Kerindo Utama;;HP;PET;ML;2;Cilacap;Central Java;09/09/2023;Outdoor;Coast/Shoreline
SHARON;;Sumber Alfaria Trijaya;;FP;PET;SL;1;Cilacap;Central Java;09/09/2023;Outdoor;Coast/Shoreline
HEMAVITON;Tempo Scan Pacific;;;FP;PET;SL;1;Cilacap;Central Java;09/09/2023;Outdoor;Coast/Shoreline
SIANTAR TOP;;Siantar Top;;FP;PET;SL;11;Cilacap;Central Java;09/09/2023;Outdoor;Coast/Shoreline
MASAKO;Ajinomoto;;;FP;PET;SL;10;Cilacap;Central Java;09/09/2023;Outdoor;Coast/Shoreline
NABATI;Nabati Group.;;;FP;PET;SL;21;Cilacap;Central Java;09/09/2023;Outdoor;Coast/Shoreline
MINYAK AMALIA;;Unknown;;FP;PET;SL;1;Cilacap;Central Java;09/09/2023;Outdoor;Coast/Shoreline
PEMBALUT CHARM;;Uni-Charm Indonesia;;PC;PET;ML;2;Cilacap;Central Java;09/09/2023;Outdoor;Coast/Shoreline
INDOCAFE;Indofood;;;FP;PET;SL;2;Cilacap;Central Java;09/09/2023;Outdoor;Coast/Shoreline
FRISIAN FLAG;FrieslandCampina;;;FP;PET;SL;15;Cilacap;Central Java;09/09/2023;Outdoor;Coast/Shoreline
YAKULT;Yakult;;;FP;PET;ML;2;Cilacap;Central Java;09/09/2023;Outdoor;Coast/Shoreline
GARUDA;Tudung Group;;;FP;PET;SL;10;Cilacap;Central Java;09/09/2023;Outdoor;Coast/Shoreline
HAPPY TOS;Sinar Kencana Agung;;;FP;PET;SL;1;Cilacap;Central Java;09/09/2023;Outdoor;Coast/Shoreline
NISSIN;Monde M.Y. San Corporation;;;FP;PET;SL;1;Cilacap;Central Java;09/09/2023;Outdoor;Coast/Shoreline
KOPI GAJAH;Sumber Kopi Prima;;;FP;PET;SL;3;Cilacap;Central Java;09/09/2023;Outdoor;Coast/Shoreline
SUKRO;Dua Kelinci;;;FP;PET;SL;12;Cilacap;Central Java;09/09/2023;Outdoor;Coast/Shoreline
TORABIKA;Mayora Indah;;;FP;PET;SL;1;Cilacap;Central Java;09/09/2023;Outdoor;Coast/Shoreline
MARIMAS;Marimas Putera Kencana;;;FP;PET;SL;1;Cilacap;Central Java;09/09/2023;Outdoor;Coast/Shoreline
POP ICE;Forisa;;;FP;PET;SL;14;Cilacap;Central Java;09/09/2023;Outdoor;Coast/Shoreline
OREO;Dongsuh Foods;;;FP;PET;SL;1;Cilacap;Central Java;09/09/2023;Outdoor;Coast/Shoreline
TEA JUS;Wings;;;FP;PET;SL;11;Cilacap;Central Java;09/09/2023;Outdoor;Coast/Shoreline
PAROTI;;Sumber Alfaria Trijaya;;FP;PET;SL;1;Cilacap;Central Java;09/09/2023;Outdoor;Coast/Shoreline
WIPOL;Unilever;;;HP;PET;ML;2;Cilacap;Central Java;09/09/2023;Outdoor;Coast/Shoreline
INDOFOOD;Indofood;;KETCHUP;FP;PET;ML;4;Cilacap;Central Java;09/09/2023;Outdoor;Coast/Shoreline
AQUA;Danone;;;FP;PET;SL;2;Cilacap;Central Java;09/09/2023;Outdoor;Coast/Shoreline
SASA;Sasa Inti;;;FP;PET;SL;7;Cilacap;Central Java;09/09/2023;Outdoor;Coast/Shoreline
POP MIE;Indofood;;;FP;PET;ML;13;Cilacap;Central Java;09/09/2023;Outdoor;Coast/Shoreline
KAPAL API;Santos Jaya Abadi;;;FP;PET;SL;40;Cilacap;Central Java;09/09/2023;Outdoor;Coast/Shoreline
SEDAAP;Wings;;;FP;PET;SL;2;Cilacap;Central Java;09/09/2023;Outdoor;Coast/Shoreline
BANGO;Unilever;;;FP;PET;SL;5;Cilacap;Central Java;09/09/2023;Outdoor;Coast/Shoreline
ALBA PASTILES;;PT Gelora Nusantara Persada;;FP;PET;SL;1;Cilacap;Central Java;09/09/2023;Outdoor;Coast/Shoreline
MILO;Nestle;;;FP;PET;SL;12;Cilacap;Central Java;09/09/2023;Outdoor;Coast/Shoreline
MINYAKITA;;Apical Group;;FP;PET;SL;3;Cilacap;Central Java;09/09/2023;Outdoor;Coast/Shoreline
KOPI GOOD DAY;;Santos Jaya Abadi;;FP;PET;SL;33;Cilacap;Central Java;09/09/2023;Outdoor;Coast/Shoreline
KOPI ABC;Santos Jaya Abadi;;;FP;PET;SL;19;Cilacap;Central Java;09/09/2023;Outdoor;Coast/Shoreline
TEH PUCUK;Mayora Indah;;;FP;PET;SL;1;Cilacap;Central Java;09/09/2023;Outdoor;Coast/Shoreline
RANS RUMUT LAUT;;Tokinori Kilau Perkasi;;FP;PET;ML;1;Cilacap;Central Java;09/09/2023;Outdoor;Coast/Shoreline
LE MINERALE;Mayora Indah;;;FP;PET;ML;3;Cilacap;Central Java;09/09/2023;Outdoor;Coast/Shoreline
TORPEDO;fashion food co.,ltd.;;;FP;PET;SL;2;Cilacap;Central Java;09/09/2023;Outdoor;Coast/Shoreline
ROYCO;Campbell Soup Company;;;FP;PET;SL;6;Cilacap;Central Java;09/09/2023;Outdoor;Coast/Shoreline
SUNLIGHT;Unilever;;;FP;PET;SL;4;Cilacap;Central Java;09/09/2023;Outdoor;Coast/Shoreline
PROCLIN;;Godrej Indoneisa;;FP;PET;ML;1;Cilacap;Central Java;09/09/2023;Outdoor;Coast/Shoreline
KAPAL API;Santos Jaya Abadi;;;FP;PET;SL;30;Cilacap;Central Java;09/09/2023;Outdoor;Coast/Shoreline
MAYASEA;;Unknown;;FP;PET;SL;1;Cilacap;Central Java;09/09/2023;Outdoor;Coast/Shoreline
YOTORNET;;Unknown;;FP;PET;SL;4;Cilacap;Central Java;09/09/2023;Outdoor;Coast/Shoreline
CHITATO;Indofood;;;FP;PET;SL;7;Cilacap;Central Java;09/09/2023;Outdoor;Coast/Shoreline
MINYAK CAMAR;;PT Kutai Refinery Nusantara;;FP;PET;SL;1;Cilacap;Central Java;09/09/2023;Outdoor;Coast/Shoreline
SARI WANGI;Angri Wangi Indonesia;;;FP;PET;SL;2;Cilacap;Central Java;09/09/2023;Outdoor;Coast/Shoreline
OISHI;Liwayway Holdings Company Limited;;;FP;PET;SL;3;Cilacap;Central Java;09/09/2023;Outdoor;Coast/Shoreline
TARO;Premier Marketing Public Company Limited;;;FP;PET;SL;5;Cilacap;Central Java;09/09/2023;Outdoor;Coast/Shoreline
GOPEK;Gopek Cipta Utama;;;FP;PET;SL;8;Cilacap;Central Java;09/09/2023;Outdoor;Coast/Shoreline
INDOMIE;Indofood;;;FP;PET;SL;1;Cilacap;Central Java;09/09/2023;Outdoor;Coast/Shoreline
SEDAAP;Wings;;;FP;PET;SL;10;Cilacap;Central Java;09/09/2023;Outdoor;Coast/Shoreline
DESAKU;;PT Motasa Indonesia;;FP;PET;SL;4;Cilacap;Central Java;09/09/2023;Outdoor;Coast/Shoreline
BON CABE;Kobe;;;FP;PET;ML;2;Cilacap;Central Java;09/09/2023;Outdoor;Coast/Shoreline
CHITATO;Indofood;;;FP;PET;SL;1;Cilacap;Central Java;09/09/2023;Outdoor;Coast/Shoreline
QTELA;Indofood;;;FP;PET;SL;2;Cilacap;Central Java;09/09/2023;Outdoor;Coast/Shoreline
MISTER POTATO;;Pacific Food Indonesia;;FP;PET;ML;6;Cilacap;Central Java;09/09/2023;Outdoor;Coast/Shoreline
Teh Javana;Wings;;LABEL;FP;LDPE;SL;1;Kupang;East Nusa Tenggara;15/09/2023;Outdoor;Coast/Shoreline
Teh Javana;Wings;;BOTTLE;FP;PET;SL;2;Kupang;East Nusa Tenggara;15/09/2023;Outdoor;Coast/Shoreline
Teh Javana;Wings;;BOTTLE CAP;FP;PP;SL;1;Kupang;East Nusa Tenggara;15/09/2023;Outdoor;Coast/Shoreline
Nu Green Tea;;ABC President;BOTTLE;FP;PET;SL;2;Kupang;East Nusa Tenggara;15/09/2023;Outdoor;Coast/Shoreline
Nu Green Tea;;ABC President;LABEL;FP;LDPE;SL;2;Kupang;East Nusa Tenggara;15/09/2023;Outdoor;Coast/Shoreline
Ultra Milk;Ultrajaya;;BEVERAGE BOX;FP;O;ML;2;Kupang;East Nusa Tenggara;15/09/2023;Outdoor;Coast/Shoreline
Vernum;Local Brand;;CUP;FP;PET;SL;6;Kupang;East Nusa Tenggara;15/09/2023;Outdoor;Coast/Shoreline
Viquam;;Local Brand;CUP;FP;PET;SL;1;Kupang;East Nusa Tenggara;15/09/2023;Outdoor;Coast/Shoreline
Nata De Coco;National Coconut Corporation;;CUP;FP;PET;SL;1;Kupang;East Nusa Tenggara;15/09/2023;Outdoor;Coast/Shoreline
AQUA;Danone;;BOTTLE CAP;FP;HDPE;SL;12;Kupang;East Nusa Tenggara;15/09/2023;Outdoor;Coast/Shoreline
Lasegar;Sinde;;BOTTLE;FP;PET;SL;1;Kupang;East Nusa Tenggara;15/09/2023;Outdoor;Coast/Shoreline
Lasegar;Sinde;;BOTTLE CAP;FP;HDPE;SL;1;Kupang;East Nusa Tenggara;15/09/2023;Outdoor;Coast/Shoreline
Mizone;Danone;;BOTTLE CAP;FP;PP;SL;1;Kupang;East Nusa Tenggara;15/09/2023;Outdoor;Coast/Shoreline
COOLANT;sari enesis indah;;BOTTLE;FP;PET;SL;1;Kupang;East Nusa Tenggara;15/09/2023;Outdoor;Coast/Shoreline
COOLANT;sari enesis indah;;LABEL;FP;HDPE;SL;1;Kupang;East Nusa Tenggara;15/09/2023;Outdoor;Coast/Shoreline
LA;British American Tobacco;;CIGARETTE;SM;O;ML;1;Kupang;East Nusa Tenggara;15/09/2023;Outdoor;Coast/Shoreline
153;Batu Karang Indonesia;;CIGARETTE;SM;O;ML;2;Kupang;East Nusa Tenggara;15/09/2023;Outdoor;Coast/Shoreline
No Brand;Unbranded;;PLASTIC BALLS;FP;PET;SL;5;Kupang;East Nusa Tenggara;15/09/2023;Outdoor;Coast/Shoreline
Sprite;The Coca-Cola Company;;BOTTLE;FP;PET;SL;1;Kupang;East Nusa Tenggara;15/09/2023;Outdoor;Coast/Shoreline
No Brand;Unbranded;;FOOD PACKAGING;FP;HDPE;SL;1;Kupang;East Nusa Tenggara;15/09/2023;Outdoor;Coast/Shoreline
Bolu Strawberry;;Local Brand;FOOD PACKAGING;FP;LDPE;SL;1;Kupang;East Nusa Tenggara;15/09/2023;Outdoor;Coast/Shoreline
Superstar;Mayora Indah;;FOOD PACKAGING;FP;LDPE;ML;1;Kupang;East Nusa Tenggara;15/09/2023;Outdoor;Coast/Shoreline
No Brand;Unbranded;;BOTTLE CAP;HP;PP;SL;3;Kupang;East Nusa Tenggara;15/09/2023;Outdoor;Coast/Shoreline
Chocolatos;Garuda Food;;FOOD PACKAGING;FP;LDPE;ML;1;Kupang;East Nusa Tenggara;15/09/2023;Outdoor;Coast/Shoreline
Masako;Ajinomoto;;FOOD PACKAGING;FP;LDPE;ML;1;Kupang;East Nusa Tenggara;15/09/2023;Outdoor;Coast/Shoreline
Vita Jelly;Orang Tua;;FOOD PACKAGING;FP;LDPE;SL;1;Kupang;East Nusa Tenggara;15/09/2023;Outdoor;Coast/Shoreline
Kiko;Pandaria Makmur (Kiko Fact);PT United Family Food;BEVERAGE BOX;FP;PET;SL;20;Kupang;East Nusa Tenggara;15/09/2023;Outdoor;Coast/Shoreline
Mizone;Danone;;BOTTLE ;FP;PET;SL;2;Kupang;East Nusa Tenggara;15/09/2023;Outdoor;Coast/Shoreline
No Brand;Unbranded;;PLASTIC;O;O;SL;77;Kupang;East Nusa Tenggara;15/09/2023;Outdoor;Coast/Shoreline
Choco Chocolate;;Local Brand;FOOD PACKAGING;FP;LDPE;ML;1;Kupang;East Nusa Tenggara;15/09/2023;Outdoor;Coast/Shoreline
No Brand;Unbranded;;Plastic Strap;O;O;SL;23;Kupang;East Nusa Tenggara;15/09/2023;Outdoor;Coast/Shoreline
AQUA;Danone;;BOTTLE CAP;FP;PP;SL;1;Kupang;East Nusa Tenggara;15/09/2023;Outdoor;Coast/Shoreline
Sosis So Nice;So Good Food;;FOOD PACKAGING;FP;LDPE;SL;20;Kupang;East Nusa Tenggara;15/09/2023;Outdoor;Coast/Shoreline
Saga Bold;Unbranded;Local Brand;CIGARETTE;SM;O;ML;4;Kupang;East Nusa Tenggara;15/09/2023;Outdoor;Coast/Shoreline
Cuka;Unbranded;Local Brand;BOTTLE;FP;HDPE;Unsure;3;Kupang;East Nusa Tenggara;15/09/2023;Outdoor;Coast/Shoreline
Cuka;Unbranded;Local Brand;BOTTLE CAP;O;O;Unsure;1;Kupang;East Nusa Tenggara;15/09/2023;Outdoor;Coast/Shoreline
Teh Pucuk;Mayora Indah;;BOTTLE;FP;PET;Unsure;3;Kupang;East Nusa Tenggara;15/09/2023;Outdoor;Coast/Shoreline
Teh Pucuk;Mayora Indah;;BOTTLE CAP;FP;PP;Unsure;2;Kupang;East Nusa Tenggara;15/09/2023;Outdoor;Coast/Shoreline
Fanta;The Coca-Cola Company;;BOTTLE;FP;PET;Unsure;6;Kupang;East Nusa Tenggara;15/09/2023;Outdoor;Coast/Shoreline
Fanta;The Coca-Cola Company;;BOTTLE CAP;FP;PP;Unsure;4;Kupang;East Nusa Tenggara;15/09/2023;Outdoor;Coast/Shoreline
Oelmas;CV. Indoniaga kab. TTU;;CUP;FP;PP;SL;6;Kupang;East Nusa Tenggara;15/09/2023;Outdoor;Coast/Shoreline
Vernum;Local Brand;;CUP;FP;PP;SL;3;Kupang;East Nusa Tenggara;15/09/2023;Outdoor;Coast/Shoreline
Energen;Mayora Indah;;FOOD PACKAGING;FP;LDPE;ML;1;Kupang;East Nusa Tenggara;15/09/2023;Outdoor;Coast/Shoreline
Beng-Beng;Mayora Indah;;FOOD PACKAGING;FP;LDPE;ML;2;Kupang;East Nusa Tenggara;15/09/2023;Outdoor;Coast/Shoreline
Milo;Nestle;;FOOD PACKAGING;FP;O;ML;22;Kupang;East Nusa Tenggara;15/09/2023;Outdoor;Coast/Shoreline
Frestea;The Coca-Cola Company;;BOTTLE ;FP;PET;Unsure;1;Kupang;East Nusa Tenggara;15/09/2023;Outdoor;Coast/Shoreline
AQUA;Danone;;BOTTLE ;FP;PET;SL;25;Kupang;East Nusa Tenggara;15/09/2023;Outdoor;Coast/Shoreline
No Brand;Unbranded;;Plastic Strap;O;O;Unsure;45;Kupang;East Nusa Tenggara;15/09/2023;Outdoor;Coast/Shoreline
No Brand;Unbranded;;BOTTLE CAP;FP;PP;SL;20;Kupang;East Nusa Tenggara;15/09/2023;Outdoor;Coast/Shoreline
Le Minerale;Mayora Indah;;BOTTLE ;FP;PET;SL;20;Kupang;East Nusa Tenggara;15/09/2023;Outdoor;Coast/Shoreline
Pulpy;The Coca-Cola Company;;BOTTLE ;FP;PET;SL;1;Kupang;East Nusa Tenggara;15/09/2023;Outdoor;Coast/Shoreline
Pulpy;The Coca-Cola Company;;BOTTLE CAP;FP;PP;SL;1;Kupang;East Nusa Tenggara;15/09/2023;Outdoor;Coast/Shoreline
Kiko;Pandaria Makmur (Kiko Fact);;BEVERAGE BOX;FP;PET;SL;49;Kupang;East Nusa Tenggara;15/09/2023;Outdoor;Coast/Shoreline
Cleo;Tanobel Food;;BOTTLE;FP;PET;SL;1;Kupang;East Nusa Tenggara;15/09/2023;Outdoor;Coast/Shoreline
Cleo;Tanobel Food;;LABEL;FP;LDPE;SL;1;Kupang;East Nusa Tenggara;15/09/2023;Outdoor;Coast/Shoreline
Floridina;Wings Indonesia;;BOTTLE;FP;PET;SL;3;Kupang;East Nusa Tenggara;15/09/2023;Outdoor;Coast/Shoreline
Floridina;Wings Indonesia;;LABEL;FP;LDPE;SL;3;Kupang;East Nusa Tenggara;15/09/2023;Outdoor;Coast/Shoreline
AQUA;Danone;;BOTTLE ;FP;PET;SL;40;Kupang;East Nusa Tenggara;15/09/2023;Outdoor;Coast/Shoreline
AQUA;Danone;;BOTTLE CAP;FP;PP;SL;41;Kupang;East Nusa Tenggara;15/09/2023;Outdoor;Coast/Shoreline
No Brand;Unbranded;;BOTTLE ;FP;PET;SL;1;Kupang;East Nusa Tenggara;15/09/2023;Outdoor;Coast/Shoreline
Teh Pucuk;Mayora Indah;;BOTTLE ;FP;PET;SL;34;Kupang;East Nusa Tenggara;15/09/2023;Outdoor;Coast/Shoreline
No Brand;Unbranded;;Plastic Strap;FG;O;ML;40;Kupang;East Nusa Tenggara;15/09/2023;Outdoor;Coast/Shoreline
Fanta;The Coca-Cola Company;;BOTTLE ;FP;PET;SL;8;Kupang;East Nusa Tenggara;15/09/2023;Outdoor;Coast/Shoreline
Goriorio;Siantar Top;;FOOD PACKAGING;FP;PET;ML;1;Kupang;East Nusa Tenggara;15/09/2023;Outdoor;Coast/Shoreline
Ichitan;Ichitan Group;;BOTTLE ;FP;PET;SL;2;Kupang;East Nusa Tenggara;15/09/2023;Outdoor;Coast/Shoreline
Sprite;The Coca-Cola Company;;BOTTLE ;FP;PET;SL;2;Kupang;East Nusa Tenggara;15/09/2023;Outdoor;Coast/Shoreline
Le Minerale;Mayora Indah;;BOTTLE ;FP;PET;SL;14;Kupang;East Nusa Tenggara;15/09/2023;Outdoor;Coast/Shoreline
Pocari Sweat;Otsuka;;BOTTLE ;FP;PET;SL;4;Kupang;East Nusa Tenggara;15/09/2023;Outdoor;Coast/Shoreline
Vita Jelly;Orang Tua;;BOTTLE ;FP;PET;SL;1;Kupang;East Nusa Tenggara;15/09/2023;Outdoor;Coast/Shoreline
Ricna Qua;;Local Brand;CUP;FP;PET;SL;4;Kupang;East Nusa Tenggara;15/09/2023;Outdoor;Coast/Shoreline
No Brand;Unbranded;;PLASTIC PACKAGING;PM;LDPE;SL;58;Kupang;East Nusa Tenggara;15/09/2023;Outdoor;Coast/Shoreline
Pakmaya;;Local Brand;BEVERAGE BOX;FP;O;ML;1;Kupang;East Nusa Tenggara;15/09/2023;Outdoor;Coast/Shoreline
Vegas;;Local Brand;CIGARETTE;SM;O;ML;2;Kupang;East Nusa Tenggara;15/09/2023;Outdoor;Coast/Shoreline
Big Babol;Perfetti van Melle;;Candy;FP;LDPE;SL;1;Kupang;East Nusa Tenggara;15/09/2023;Outdoor;Coast/Shoreline
Lifeboy;Unilever;;Soap;PC;LDPE;ML;5;Kupang;East Nusa Tenggara;15/09/2023;Outdoor;Coast/Shoreline
Daia;Wings;;Soap;PC;LDPE;SL;3;Kupang;East Nusa Tenggara;15/09/2023;Outdoor;Coast/Shoreline
Aice;Aice;;PLASTIC PACKAGING;FP;LDPE;ML;1;Kupang;East Nusa Tenggara;15/09/2023;Outdoor;Coast/Shoreline
No Brand;Unbranded;;Sterofoam ;PM;PS;SL;1;Kupang;East Nusa Tenggara;15/09/2023;Outdoor;Coast/Shoreline
No Brand;Unbranded;;Botol Oli;HP;HDPE;SL;2;Kupang;East Nusa Tenggara;15/09/2023;Outdoor;Coast/Shoreline
Ale-Ale;Wings;;CUP;FP;PET;SL;1;Kupang;East Nusa Tenggara;15/09/2023;Outdoor;Coast/Shoreline
Mama Lemon;Lion Wings;;Soap;HP;HDPE;SL;1;Kupang;East Nusa Tenggara;15/09/2023;Outdoor;Coast/Shoreline
Vernum;Local Brand;;CUP;FP;PET;SL;3;Kupang;East Nusa Tenggara;15/09/2023;Outdoor;Coast/Shoreline
Indomie;Indofood;;FOOD PACKAGING;FP;LDPE;SL;2;Kupang;East Nusa Tenggara;15/09/2023;Outdoor;Coast/Shoreline
Saga Bold;;Local Brand;Cigarette;SM;O;ML;6;Kupang;East Nusa Tenggara;15/09/2023;Outdoor;Coast/Shoreline
No Brand;Unbranded;;Vinegar Bottle;HP;HDPE;SL;2;Kupang;East Nusa Tenggara;15/09/2023;Outdoor;Coast/Shoreline
Pulpy;The Coca-Cola Company;;BOTTLE ;FP;PET;SL;1;Kupang;East Nusa Tenggara;15/09/2023;Outdoor;Coast/Shoreline
Keris;;Local Brand;Toy;O;PET;SL;1;Kupang;East Nusa Tenggara;15/09/2023;Outdoor;Coast/Shoreline
Kiko;Pandaria Makmur (Kiko Fact);PT United Family Food;BEVERAGE BOX;FP;LDPE;SL;4;Kupang;East Nusa Tenggara;15/09/2023;Outdoor;Coast/Shoreline
Floridina;Wings Indonesia;;BOTTLE ;FP;PET;SL;1;Kupang;East Nusa Tenggara;15/09/2023;Outdoor;Coast/Shoreline
Fair & Lovely;Unilever;;Cosmetic Packaging;PC;O;ML;1;Kupang;East Nusa Tenggara;15/09/2023;Outdoor;Coast/Shoreline
153;Batu Karang Indonesia;;Cigarette;SM;O;ML;1;Kupang;East Nusa Tenggara;15/09/2023;Outdoor;Coast/Shoreline
Biskuat;Mega global food;;FOOD PACKAGING;FP;LDPE;ML;1;Kupang;East Nusa Tenggara;15/09/2023;Outdoor;Coast/Shoreline
So Klin;Wings;;Detergen;PC;LDPE;ML;1;Kupang;East Nusa Tenggara;15/09/2023;Outdoor;Coast/Shoreline
Pop Ice;Forisa;;BEVERAGE PACKAGING;FP;LDPE;ML;1;Kupang;East Nusa Tenggara;15/09/2023;Outdoor;Coast/Shoreline
Oelmas;CV. Indoniaga kab. TTU;;CUP;FP;PET;SL;3;Kupang;East Nusa Tenggara;15/09/2023;Outdoor;Coast/Shoreline
Stick Duo Joger;;Local Brand;FOOD PACKAGING;FP;LDPE;ML;1;Kupang;East Nusa Tenggara;15/09/2023;Outdoor;Coast/Shoreline
Kacang Layar;;Local Brand;FOOD PACKAGING;FP;LDPE;ML;1;Kupang;East Nusa Tenggara;15/09/2023;Outdoor;Coast/Shoreline
ABC Mocca;Santos Jaya Abadi;;BEVERAGE PACKAGING;FP;LDPE;ML;3;Kupang;East Nusa Tenggara;15/09/2023;Outdoor;Coast/Shoreline
Teh Rio;Wings;;CUP;FP;PET;SL;1;Kupang;East Nusa Tenggara;15/09/2023;Outdoor;Coast/Shoreline
Le Minerale;Mayora Indah;;BOTTLE ;FP;PET;SL;1;Kupang;East Nusa Tenggara;15/09/2023;Outdoor;Coast/Shoreline
Le Minerale;Mayora Indah;;BOTTLE CAP;FP;PP;SL;2;Kupang;East Nusa Tenggara;15/09/2023;Outdoor;Coast/Shoreline
AQUA;Danone;;BOTTLE ;FP;PET;SL;30;Kupang;East Nusa Tenggara;15/09/2023;Outdoor;Coast/Shoreline
AQUA;Danone;;BOTTLE CAP;FP;PP;SL;24;Kupang;East Nusa Tenggara;15/09/2023;Outdoor;Coast/Shoreline
Floridina;Wings Indonesia;;BOTTLE ;FP;PET;SL;3;Kupang;East Nusa Tenggara;15/09/2023;Outdoor;Coast/Shoreline
Floridina;Wings Indonesia;;BOTTLE CAP;FP;PP;SL;1;Kupang;East Nusa Tenggara;15/09/2023;Outdoor;Coast/Shoreline
Chocolatos;Garuda Food;;FOOD PACKAGING;FP;LDPE;ML;1;Kupang;East Nusa Tenggara;15/09/2023;Outdoor;Coast/Shoreline
Kiko;Pandaria Makmur (Kiko Fact);PT United Family Food;LABEL;FP;LDPE;ML;1;Kupang;East Nusa Tenggara;15/09/2023;Outdoor;Coast/Shoreline
No Brand;Unbranded;;PLASTIC PACKAGING;PM;LDPE;SL;4;Kupang;East Nusa Tenggara;15/09/2023;Outdoor;Coast/Shoreline
No Brand;Unbranded;;Plastic Strap;O;O;ML;30;Kupang;East Nusa Tenggara;15/09/2023;Outdoor;Coast/Shoreline
Vernum;Local Brand;;CUP;FP;PET;SL;2;Kupang;East Nusa Tenggara;15/09/2023;Outdoor;Coast/Shoreline
Rexona;Unilever;;DEODORANT;PC;O;ML;1;Kupang;East Nusa Tenggara;15/09/2023;Outdoor;Coast/Shoreline
Ladamas;;Local Brand;Seasoning Packaging;FP;LDPE;ML;1;Kupang;East Nusa Tenggara;15/09/2023;Outdoor;Coast/Shoreline
Bolu Strawberry;;Local Brand;FOOD PACKAGING;FP;LDPE;ML;2;Kupang;East Nusa Tenggara;15/09/2023;Outdoor;Coast/Shoreline
Surya;Gudang Garam Tbk.;;Cigarette Pack;SM;O;ML;3;Kupang;East Nusa Tenggara;15/09/2023;Outdoor;Coast/Shoreline
AQUA;Danone;;BOTTLE ;FP;PET;SL;41;Kupang;East Nusa Tenggara;15/09/2023;Outdoor;Coast/Shoreline
Mamypoko;LG Household & Health Care;;Pampers;PC;O;ML;10;Kupang;East Nusa Tenggara;15/09/2023;Outdoor;Coast/Shoreline
No Brand;Unbranded;;Plastic Strap;FG;O;ML;38;Kupang;East Nusa Tenggara;15/09/2023;Outdoor;Coast/Shoreline
Cendrawasih;;Local Brand;FOOD COLORING;FG;O;Unsure;1;Kupang;East Nusa Tenggara;15/09/2023;Outdoor;Coast/Shoreline
Dancow;Nestle;;BEVERAGE PACKAGING;FP;LDPE;ML;2;Kupang;East Nusa Tenggara;15/09/2023;Outdoor;Coast/Shoreline
Top Coffe;Wings;;BEVERAGE PACKAGING;FP;LDPE;ML;3;Kupang;East Nusa Tenggara;15/09/2023;Outdoor;Coast/Shoreline
Tugu Buaya;Indraco Global Indonesia;;COFFE;FP;LDPE;SL;4;Kupang;East Nusa Tenggara;15/09/2023;Outdoor;Coast/Shoreline
Mizone;Danone;;BOTTLE ;FP;PET;SL;5;Kupang;East Nusa Tenggara;15/09/2023;Outdoor;Coast/Shoreline
Milku;Wings;;BOTTLE ;FP;PET;SL;6;Kupang;East Nusa Tenggara;15/09/2023;Outdoor;Coast/Shoreline
No Brand;Unbranded;;MILK;FP;LDPE;ML;1;Kupang;East Nusa Tenggara;15/09/2023;Outdoor;Coast/Shoreline
Nu Green Tea;;ABC President;BOTTLE ;FP;PET;SL;1;Kupang;East Nusa Tenggara;15/09/2023;Outdoor;Coast/Shoreline
No Brand;Unbranded;;COOKING OIL;FP;PET;SL;2;Kupang;East Nusa Tenggara;15/09/2023;Outdoor;Coast/Shoreline
No Brand;Unbranded;;PIPE;HP;PVC;SL;1;Kupang;East Nusa Tenggara;15/09/2023;Outdoor;Coast/Shoreline
AQUA;Danone;;BOTTLE ;FP;PET;SL;64;Kupang;East Nusa Tenggara;15/09/2023;Outdoor;Coast/Shoreline
Pepsodent;Unilever;;TOOTHPASTE;PC;PP;ML;1;Kupang;East Nusa Tenggara;15/09/2023;Outdoor;Coast/Shoreline
No Brand;Unbranded;;GLOVES;HP;O;SL;1;Kupang;East Nusa Tenggara;15/09/2023;Outdoor;Coast/Shoreline
No Brand;Unbranded;;CLOTH SACKS;O;O;Unsure;1;Kupang;East Nusa Tenggara;15/09/2023;Outdoor;Coast/Shoreline
No Brand;Unbranded;;BOTTLE ;FP;PET;SL;2;Kupang;East Nusa Tenggara;15/09/2023;Outdoor;Coast/Shoreline
No Brand;Unbranded;;BRACELET;O;O;Unsure;1;Kupang;East Nusa Tenggara;15/09/2023;Outdoor;Coast/Shoreline
No Brand;Unbranded;;PAINTBRUSH;HP;O;SL;1;Kupang;East Nusa Tenggara;15/09/2023;Outdoor;Coast/Shoreline
Fanta;The Coca-Cola Company;;BOTTLE CAP;FP;PP;SL;1;Kupang;East Nusa Tenggara;15/09/2023;Outdoor;Coast/Shoreline
Melly;;Local Brand;SLIPPERS;PC;O;SL;1;Kupang;East Nusa Tenggara;15/09/2023;Outdoor;Coast/Shoreline
No Brand;Unbranded;;ICE CREAM;FP;LDPE;SL;1;Kupang;East Nusa Tenggara;15/09/2023;Outdoor;Coast/Shoreline
Marie;RBC;;FOOD PACKAGING;FP;LDPE;ML;1;Kupang;East Nusa Tenggara;15/09/2023;Outdoor;Coast/Shoreline
No Brand;Unbranded;;MEDICINE;PC;O;ML;1;Kupang;East Nusa Tenggara;15/09/2023;Outdoor;Coast/Shoreline
UBN Biscuit;;PT United Waru Biscuit;FOOD PACKAGING;FP;LDPE;ML;1;Kupang;East Nusa Tenggara;15/09/2023;Outdoor;Coast/Shoreline
Mineral Flow;;Local Brand;BOTTLE ;FP;PET;SL;1;Kupang;East Nusa Tenggara;15/09/2023;Outdoor;Coast/Shoreline
No Brand;Unbranded;;FOOD PACKAGING;FP;LDPE;ML;1;Kupang;East Nusa Tenggara;15/09/2023;Outdoor;Coast/Shoreline
Ojoy;;Starsun Kreasindo Industry;BEVERAGE PACKAGING;FP;LDPE;ML;1;Kupang;East Nusa Tenggara;15/09/2023;Outdoor;Coast/Shoreline
No Brand;Unbranded;;CUP;FP;PET;SL;4;Kupang;East Nusa Tenggara;15/09/2023;Outdoor;Coast/Shoreline
AQUA;Danone;;BOTTLE ;FP;PET;SL;8;Kupang;East Nusa Tenggara;15/09/2023;Outdoor;Coast/Shoreline
No Brand;Unbranded;;Plastic Strap;O;O;ML;4;Kupang;East Nusa Tenggara;15/09/2023;Outdoor;Coast/Shoreline
No Brand;Unbranded;;OIL;O;O;SL;1;Kupang;East Nusa Tenggara;15/09/2023;Outdoor;Coast/Shoreline
No Brand;Unbranded;;BOTTLE ;FP;PET;SL;27;Kupang;East Nusa Tenggara;15/09/2023;Outdoor;Coast/Shoreline
Good Day Coffe;;PT Santos Jaya Abadi;BOTTLE ;FP;PET;SL ;1;Kupang;East Nusa Tenggara;15/09/2023;Outdoor;Coast/Shoreline
Good Day Coffe;;PT Santos Jaya Abadi;BOTTLE CAP;FP;PP;SL;1;Kupang;East Nusa Tenggara;15/09/2023;Outdoor;Coast/Shoreline
Good Day Coffe;;PT Santos Jaya Abadi;LABEL;FP;LDPE;SL;1;Kupang;East Nusa Tenggara;15/09/2023;Outdoor;Coast/Shoreline
Kris;Kris Plastics Private Ltd.;;Handbody;PC;PET;SL;1;Kupang;East Nusa Tenggara;15/09/2023;Outdoor;Coast/Shoreline
Kris;Kris Plastics Private Ltd.;;BOTTLE CAP;FP;PP;SL;1;Kupang;East Nusa Tenggara;15/09/2023;Outdoor;Coast/Shoreline
Mie Goreng Jawa Cup Cup;;PT BRU;FOOD PACKAGING;FP;LDPE;ML;1;Kupang;East Nusa Tenggara;15/09/2023;Outdoor;Coast/Shoreline
So nice;So Good;;JAR ;FP;PP;SL;1;Kupang;East Nusa Tenggara;15/09/2023;Outdoor;Coast/Shoreline
Dilan Chocolate Crunchy;;PT GarudaFood Putra Putri Jaya Tbk;FOOD PACKAGING;FP;LDPE;ML;1;Kupang;East Nusa Tenggara;15/09/2023;Outdoor;Coast/Shoreline
Tic Tac;Ferrero Group;;FOOD PACKAGING;FP;LDPE;ML;1;Kupang;East Nusa Tenggara;15/09/2023;Outdoor;Coast/Shoreline
Superco;Khong Guan;;FOOD PACKAGING;FP;LDPE;ML;1;Kupang;East Nusa Tenggara;15/09/2023;Outdoor;Coast/Shoreline
Roti Beta;Local Brand;;FOOD PACKAGING;FP;LDPE;SL ;4;Kupang;East Nusa Tenggara;15/09/2023;Outdoor;Coast/Shoreline
Pulpy;The Coca-Cola Company;;BOTTLE ;FP;PET;SL;7;Kupang;East Nusa Tenggara;15/09/2023;Outdoor;Coast/Shoreline
Pulpy;The Coca-Cola Company;;BOTTLE CAP;FP;PP;SL;2;Kupang;East Nusa Tenggara;15/09/2023;Outdoor;Coast/Shoreline
Kopi Tugu Buaya;;PT Indraco Jaya Perkasa Gresik;LABEL;FP;LDPE;ML;4;Kupang;East Nusa Tenggara;15/09/2023;Outdoor;Coast/Shoreline
No Brand;Unbranded;;BOTTLE CAP;FP;PP;SL;7;Kupang;East Nusa Tenggara;15/09/2023;Outdoor;Coast/Shoreline
Mizone;Danone;;BOTTLE ;FP;PET;SL;10;Kupang;East Nusa Tenggara;15/09/2023;Outdoor;Coast/Shoreline
Buavita;Unilever;;BEVERAGE BOX;FP;O;ML;1;Kupang;East Nusa Tenggara;15/09/2023;Outdoor;Coast/Shoreline
Dancow;Nestle;;BEVERAGE BOX;FP;LDPE;ML;2;Kupang;East Nusa Tenggara;15/09/2023;Outdoor;Coast/Shoreline
Mie Sedap;Wings;;LABEL;FP;LDPE;ML;3;Kupang;East Nusa Tenggara;15/09/2023;Outdoor;Coast/Shoreline
Mizone;Danone;;BOTTLE CAP;FP;PP;SL;2;Kupang;East Nusa Tenggara;15/09/2023;Outdoor;Coast/Shoreline
Sprite;The Coca-Cola Company;;BOTTLE ;FP;PET;SL;5;Kupang;East Nusa Tenggara;15/09/2023;Outdoor;Coast/Shoreline
Sprite;The Coca-Cola Company;;BOTTLE CAP;FP ;PP;SL;4;Kupang;East Nusa Tenggara;15/09/2023;Outdoor;Coast/Shoreline
Frestea;The Coca-Cola Company;;BOTTLE ;FP;PET;SL;3;Kupang;East Nusa Tenggara;15/09/2023;Outdoor;Coast/Shoreline
Frestea;The Coca-Cola Company;;BOTTLE CAP;FP;PET;SL;2;Kupang;East Nusa Tenggara;15/09/2023;Outdoor;Coast/Shoreline
Oli AHM MPX 1;;Astra Honda Motor (AHM);OIL;O;O;SL;1;Kupang;East Nusa Tenggara;15/09/2023;Outdoor;Coast/Shoreline
Oli AHM MPX 1;;Astra Honda Motor (AHM);OIL;O;PP;SL;1;Kupang;East Nusa Tenggara;15/09/2023;Outdoor;Coast/Shoreline
AQUA;Danone;;BOTTLE ;FP;PET;SL;25;Kupang;East Nusa Tenggara;15/09/2023;Outdoor;Coast/Shoreline
AQUA;Danone;;BOTTLE CAP;FP;PP;SL;15;Kupang;East Nusa Tenggara;15/09/2023;Outdoor;Coast/Shoreline
No Brand;Unbranded;;Plastic Strap;O;O;ML;25;Kupang;East Nusa Tenggara;15/09/2023;Outdoor;Coast/Shoreline
Teh Pucuk;Mayora Indah;;BOTTLE ;FP;PET;SL;12;Kupang;East Nusa Tenggara;15/09/2023;Outdoor;Coast/Shoreline
Teh Pucuk;Mayora Indah;;BOTTLE CAP;FP;PP;SL;6;Kupang;East Nusa Tenggara;15/09/2023;Outdoor;Coast/Shoreline
Oli Pertamina;;PT Pertamina Lubricants;OIL;O;O;SL;1;Kupang;East Nusa Tenggara;15/09/2023;Outdoor;Coast/Shoreline
Snackit Marshmallow;;PT Dutamasindo Labora Jaya ;FOOD PACKAGING;FP;LDPE;ML;1;Kupang;East Nusa Tenggara;15/09/2023;Outdoor;Coast/Shoreline
Hot Hot;Bronson Prima Industri;;CANDY;FP;LDPE;ML;1;Kupang;East Nusa Tenggara;15/09/2023;Outdoor;Coast/Shoreline
No Brand;Unbranded;;CUP;FP;PET;SL;2;Kupang;East Nusa Tenggara;15/09/2023;Outdoor;Coast/Shoreline
Laisqua;;Local Brand;CUP;FP;PET;SL;2;Kupang;East Nusa Tenggara;15/09/2023;Outdoor;Coast/Shoreline
Club;Indofood;;BOTTLE ;FP;PET;SL;1;Kupang;East Nusa Tenggara;15/09/2023;Outdoor;Coast/Shoreline
Nabati;Nabati Group.;;FOOD PACKAGING;FP;LDPE;ML;1;Kupang;East Nusa Tenggara;15/09/2023;Outdoor;Coast/Shoreline
No Brand;Unbranded;;BOTTLE ;FP;PET;SL;2;Kupang;East Nusa Tenggara;15/09/2023;Outdoor;Coast/Shoreline
No Brand;Unbranded;;BOTTLE CAP;FP;PP;SL;2;Kupang;East Nusa Tenggara;15/09/2023;Outdoor;Coast/Shoreline
Aice;Aice;;Ice Cream;FP;LDPE;ML;1;Kupang;East Nusa Tenggara;15/09/2023;Outdoor;Coast/Shoreline
Sambal Terasi;Sekar Laut;;FOOD PACKAGING;FP;LDPE;ML;1;Kupang;East Nusa Tenggara;15/09/2023;Outdoor;Coast/Shoreline
Pocari Sweat;Otsuka;;BOTTLE ;FP;PET;SL;1;Kupang;East Nusa Tenggara;15/09/2023;Outdoor;Coast/Shoreline
Pocari Sweat;Otsuka;;BOTTLE CAP;FP;PP;SL;1;Kupang;East Nusa Tenggara;15/09/2023;Outdoor;Coast/Shoreline
No Brand;Unbranded;;Plastic Strap;O;O;ML;32;Kupang;East Nusa Tenggara;15/09/2023;Outdoor;Coast/Shoreline
Vita Jelly;Orang Tua;;CUP;FP;PET;SL;1;Kupang;East Nusa Tenggara;15/09/2023;Outdoor;Coast/Shoreline
AQUA;Danone;;BOTTLE ;FP;PET;SL;25;Kupang;East Nusa Tenggara;15/09/2023;Outdoor;Coast/Shoreline
AQUA;Danone;;BOTTLE CAP;FP;PP;SL;14;Kupang;East Nusa Tenggara;15/09/2023;Outdoor;Coast/Shoreline
Milku;Wings;;BOTTLE ;FP;PET;SL;1;Kupang;East Nusa Tenggara;15/09/2023;Outdoor;Coast/Shoreline
Milku;Wings;;BOTTLE CAP;FP;PET;SL;1;Kupang;East Nusa Tenggara;15/09/2023;Outdoor;Coast/Shoreline
Ale-Ale;Wings;;CUP;FP;PET;SL;1;Kupang;East Nusa Tenggara;15/09/2023;Outdoor;Coast/Shoreline
Mie Gelas;Mayora Indah;;FOOD PACKAGING;FP;LDPE;ML;1;Kupang;East Nusa Tenggara;15/09/2023;Outdoor;Coast/Shoreline
Bimoli;Salim Ivomas Pratama Tbk.;;oil bottle;FP;PET;SL;1;Kupang;East Nusa Tenggara;15/09/2023;Outdoor;Coast/Shoreline
Fanta;The Coca-Cola Company;;BOTTLE ;FP;PET;SL;1;Kupang;East Nusa Tenggara;15/09/2023;Outdoor;Coast/Shoreline
Ale-Ale;Wings;;CUP;FP;PET;SL;3;Kupang;East Nusa Tenggara;15/09/2023;Outdoor;Coast/Shoreline
Oelmas;CV. Indoniaga kab. TTU;;CUP;FP;PP;SL;5;Kupang;East Nusa Tenggara;15/09/2023;Outdoor;Coast/Shoreline
Laisqua;;Local Brand;CUP;FP;PP;SL;3;Kupang;East Nusa Tenggara;15/09/2023;Outdoor;Coast/Shoreline
Mizone;Danone;;BOTTLE ;FP;PET;SL;7;Kupang;East Nusa Tenggara;15/09/2023;Outdoor;Coast/Shoreline
No Brand;Unbranded;;BOTTLE ;FP;PET;SL;21;Kupang;East Nusa Tenggara;15/09/2023;Outdoor;Coast/Shoreline
Aice;Aice;;LABEL;FP;LDPE;ML;1;Kupang;East Nusa Tenggara;15/09/2023;Outdoor;Coast/Shoreline
Teh Rio;Wings;;CUP;FP;PET;SL;1;Kupang;East Nusa Tenggara;15/09/2023;Outdoor;Coast/Shoreline
Kiko;Pandaria Makmur (Kiko Fact);PT United Family Food;BEVERAGE BOX;FP;PET;SL;12;Kupang;East Nusa Tenggara;15/09/2023;Outdoor;Coast/Shoreline
No Brand;Unbranded;;BOTTLE CAP;FP;HDPE;SL;11;Kupang;East Nusa Tenggara;15/09/2023;Outdoor;Coast/Shoreline
No Brand;Unbranded;;NET;O;O;SL;1;Kupang;East Nusa Tenggara;15/09/2023;Outdoor;Coast/Shoreline
No Brand;Unbranded;;BEVERAGE BOX;FP;LDPE;ML;1;Kupang;East Nusa Tenggara;15/09/2023;Outdoor;Coast/Shoreline
No Brand;Unbranded;;BEVERAGE BOX;FP;LDPE;ML;1;Kupang;East Nusa Tenggara;15/09/2023;Outdoor;Coast/Shoreline
Pusan Serealfit;;PT Pusan Manis Gula;BEVERAGE BOX;FP;LDPE;ML;1;Kupang;East Nusa Tenggara;15/09/2023;Outdoor;Coast/Shoreline
AQUA;Bronson Prima Industri;;BOTTLE ;FP;PET;SL;35;Kupang;East Nusa Tenggara;15/09/2023;Outdoor;Coast/Shoreline
No Brand;Unbranded;;Plastic Strap;FG;O;ML;35;Kupang;East Nusa Tenggara;15/09/2023;Outdoor;Coast/Shoreline
AQUA;Danone;;BOTTLE ;FP;PET;SL;7;Kupang;East Nusa Tenggara;15/09/2023;Outdoor;Coast/Shoreline
Fanta;The Coca-Cola Company;;BOTTLE ;FP;PET;SL;5;Kupang;East Nusa Tenggara;15/09/2023;Outdoor;Coast/Shoreline
Milku;Wings;;BOTTLE ;FP;PET;SL;2;Kupang;East Nusa Tenggara;15/09/2023;Outdoor;Coast/Shoreline
Fanta;The Coca-Cola Company;;LABEL;FP;LDPE;ML;1;Kupang;East Nusa Tenggara;15/09/2023;Outdoor;Coast/Shoreline
Milku;Wings;;LABEL;FP;LDPE;ML;2;Kupang;East Nusa Tenggara;15/09/2023;Outdoor;Coast/Shoreline
Adem Sari;Sari Enesis Indah;;BOTTLE ;FP;PET;SL;1;Kupang;East Nusa Tenggara;15/09/2023;Outdoor;Coast/Shoreline
Floridina;Wings Indonesia;;LABEL;FP;LDPE;ML;1;Kupang;East Nusa Tenggara;15/09/2023;Outdoor;Coast/Shoreline
Pocari Sweat;Otsuka;;BOTTLE ;FP;PET;SL;2;Kupang;East Nusa Tenggara;15/09/2023;Outdoor;Coast/Shoreline
Pocari Sweat;Otsuka;;BOTTLE CAP;FP;PP;SL;1;Kupang;East Nusa Tenggara;15/09/2023;Outdoor;Coast/Shoreline
Floridina;Wings Indonesia;;BOTTLE;FP;PET;SL;4;Kupang;East Nusa Tenggara;15/09/2023;Outdoor;Coast/Shoreline
Floridina;Wings Indonesia;;BOTTLE CAP;FP;PP;SL;1;Kupang;East Nusa Tenggara;15/09/2023;Outdoor;Coast/Shoreline
Coca Cola;The Coca-Cola Company;;BOTTLE CAP;FP;HDPE;SL;1;Kupang;East Nusa Tenggara;15/09/2023;Outdoor;Coast/Shoreline
Golda Coffee;Wings;;BOTTLE ;FP;PET;SL;4;Kupang;East Nusa Tenggara;15/09/2023;Outdoor;Coast/Shoreline
Frestea;The Coca-Cola Company;;BOTTLE ;FP;PET;SL;3;Kupang;East Nusa Tenggara;15/09/2023;Outdoor;Coast/Shoreline
Dancow;Nestle;;BEVERAGE BOX;FP;LDPE;ML;2;Kupang;East Nusa Tenggara;15/09/2023;Outdoor;Coast/Shoreline
Gery Salut;Garuda Food;;BEVERAGE BOX;FP;LDPE;ML;1;Kupang;East Nusa Tenggara;15/09/2023;Outdoor;Coast/Shoreline
No Brand;Unbranded;;LABEL;FP;LDPE;ML;1;Kupang;East Nusa Tenggara;15/09/2023;Outdoor;Coast/Shoreline
Vita Jelly;Orang Tua;;CUP;FP;PET;SL;1;Kupang;East Nusa Tenggara;15/09/2023;Outdoor;Coast/Shoreline
Bonafide;Bonafide Water;;CUP;FP;PET;SL;10;Kupang;East Nusa Tenggara;15/09/2023;Outdoor;Coast/Shoreline
AQUA;Danone;;BOTTLE ;FP;PET;SL;38;Kupang;East Nusa Tenggara;15/09/2023;Outdoor;Coast/Shoreline
No Brand;Unbranded;;Plastic Strap;FG;O;ML;40;Kupang;East Nusa Tenggara;15/09/2023;Outdoor;Coast/Shoreline
Saga Bold;;Local Brand;Cigarette;SM;O;ML;1;Kupang;East Nusa Tenggara;15/09/2023;Outdoor;Coast/Shoreline
Gudang Garam;Gudang Garam Tbk.;;Cigarette;SM;O;ML;2;Kupang;East Nusa Tenggara;15/09/2023;Outdoor;Coast/Shoreline
AQUA;Danone;;BOTTLE ;FP;PET;SL;41;Kupang;East Nusa Tenggara;15/09/2023;Outdoor;Coast/Shoreline
No Brand;Unbranded;;Plastic Strap;FG;O;ML;35;Kupang;East Nusa Tenggara;15/09/2023;Outdoor;Coast/Shoreline
No Brand;Unbranded;;string;FG;O;SL;6;Kupang;East Nusa Tenggara;15/09/2023;Outdoor;Coast/Shoreline
AQUA;Danone;;BOTTLE CAP;FP;HDPE;SL;36;Kupang;East Nusa Tenggara;15/09/2023;Outdoor;Coast/Shoreline
Teh Pucuk;Mayora Indah;;BOTTLE ;FP;PET;SL;23;Kupang;East Nusa Tenggara;15/09/2023;Outdoor;Coast/Shoreline
Teh Pucuk;Mayora Indah;;BOTTLE CAP;FP;HDPE;SL;3;Kupang;East Nusa Tenggara;15/09/2023;Outdoor;Coast/Shoreline
Le Minerale;Mayora Indah;;BOTTLE ;FP;PET;SL;7;Kupang;East Nusa Tenggara;15/09/2023;Outdoor;Coast/Shoreline
Pulpy;The Coca-Cola Company;;BOTTLE ;FP;PET;SL;4;Kupang;East Nusa Tenggara;15/09/2023;Outdoor;Coast/Shoreline
Dancow;Nestle;;BEVERAGE BOX;FP;O;ML;3;Kupang;East Nusa Tenggara;15/09/2023;Outdoor;Coast/Shoreline
Masako;Ajinomoto;;BEVERAGE BOX;FP;LDPE;ML;4;Kupang;East Nusa Tenggara;15/09/2023;Outdoor;Coast/Shoreline
Pop Ice;Forisa;;BEVERAGE BOX;FP;O;ML;2;Kupang;East Nusa Tenggara;15/09/2023;Outdoor;Coast/Shoreline
Laisqua;;Local Brand;CUP;FP;PET;SL;4;Kupang;East Nusa Tenggara;15/09/2023;Outdoor;Coast/Shoreline
Scarlett;;PT Motto Beringin Abadi;BOTTLE;PC;O;SL;1;Kupang;East Nusa Tenggara;15/09/2023;Outdoor;Coast/Shoreline
Cimory;Mountain Dairy;;MILK;FP;PET;ML;1;Kupang;East Nusa Tenggara;15/09/2023;Outdoor;Coast/Shoreline
Chocolatos;Garuda Food;;BEVERAGE BOX;FP;LDPE;ML;5;Kupang;East Nusa Tenggara;15/09/2023;Outdoor;Coast/Shoreline
Kalpa;Mayora Indah;;BEVERAGE BOX;FP;LDPE;ML;2;Kupang;East Nusa Tenggara;15/09/2023;Outdoor;Coast/Shoreline
Malkist;PT Mayora Indah Tbk;;BEVERAGE BOX;FP;LDPE;ML;2;Kupang;East Nusa Tenggara;15/09/2023;Outdoor;Coast/Shoreline
Roti Beta;Local Brand;;BEVERAGE BOX;FP;LDPE;ML;2;Kupang;East Nusa Tenggara;15/09/2023;Outdoor;Coast/Shoreline
Vernum;Local Brand;;CUP;FP;PET;SL;1;Kupang;East Nusa Tenggara;15/09/2023;Outdoor;Coast/Shoreline
Pasti Sedap (Knorr Proffesional);;Unilever;BEVERAGE BOX;FP;LDPE;ML;4;Kupang;East Nusa Tenggara;15/09/2023;Outdoor;Coast/Shoreline
Top Coffe;Wings;;BEVERAGE BOX;FP;LDPE;ML;3;Kupang;East Nusa Tenggara;15/09/2023;Outdoor;Coast/Shoreline
Mama Lime;PT Lion Wings;;SOAP;FP;LDPE;ML;1;Kupang;East Nusa Tenggara;15/09/2023;Outdoor;Coast/Shoreline
Downy;Procter & Gamble;;BEVERAGE BOX;PC;LDPE;ML;1;Kupang;East Nusa Tenggara;15/09/2023;Outdoor;Coast/Shoreline
Milku;Wings;;BOTTLE;FP;PET;SL;1;Kupang;East Nusa Tenggara;15/09/2023;Outdoor;Coast/Shoreline
Lux;Unilever;;BEVERAGE BOX;PC;LDPE;ML;1;Kupang;East Nusa Tenggara;15/09/2023;Outdoor;Coast/Shoreline
Sambal Terasi;Sekar Laut;;BEVERAGE BOX;FP;LDPE;ML;1;Kupang;East Nusa Tenggara;15/09/2023;Outdoor;Coast/Shoreline
Frisian Flag Milky;;Frisian Flag;Kemasan Susu;FP;PET;ML;1;Kupang;East Nusa Tenggara;15/09/2023;Outdoor;Coast/Shoreline
Kopiko;Mayora Indah;;BEVERAGE BOX;FP;LDPE;ML;2;Kupang;East Nusa Tenggara;15/09/2023;Outdoor;Coast/Shoreline
Alpenlibe;Van Melle;;BEVERAGE BOX;FP;LDPE;ML;2;Kupang;East Nusa Tenggara;15/09/2023;Outdoor;Coast/Shoreline
Arrow Black;Sigaret Kretek Mesin;;Cigarette Pack;SM;O;ML;1;Kupang;East Nusa Tenggara;15/09/2023;Outdoor;Coast/Shoreline
Surya;Gudang Garam Tbk.;;Cigarette Pack;SM;O;ML;9;Kupang;East Nusa Tenggara;15/09/2023;Outdoor;Coast/Shoreline
Menara;;Local Brand;Cigarette Pack;SM;O;ML;5;Kupang;East Nusa Tenggara;15/09/2023;Outdoor;Coast/Shoreline
Scorpio;;Local Brand;Cigarette Pack;SM;O;ML;1;Kupang;East Nusa Tenggara;15/09/2023;Outdoor;Coast/Shoreline
Troy;Djarum;;Cigarette Pack;SM;O;ML;1;Kupang;East Nusa Tenggara;15/09/2023;Outdoor;Coast/Shoreline
Gajah Baru;;PT Gudang Baru;Cigarette Pack;SM;O;ML;1;Kupang;East Nusa Tenggara;15/09/2023;Outdoor;Coast/Shoreline
Teh Rio;Wings;;BEVERAGE PACKAGING;FP;PET;SL;1;Kupang;East Nusa Tenggara;15/09/2023;Outdoor;Coast/Shoreline
Teh Rio;Wings;;LABEL;FP;LDPE;ML;1;Kupang;East Nusa Tenggara;15/09/2023;Outdoor;Coast/Shoreline
Pulpy;The Coca-Cola Company;;BOTTLE ;FP;PET;SL;5;Kupang;East Nusa Tenggara;15/09/2023;Outdoor;Coast/Shoreline
Pocari Sweat;Otsuka;;BOTTLE ;FP;PET;SL;2;Kupang;East Nusa Tenggara;15/09/2023;Outdoor;Coast/Shoreline
Mizone;Danone;;BOTTLE ;FP;PET;SL;1;Kupang;East Nusa Tenggara;15/09/2023;Outdoor;Coast/Shoreline
Aqua;Danone;;BOTTLE CAP;FP;PP;SL;1;Kupang;East Nusa Tenggara;15/09/2023;Outdoor;Coast/Shoreline
So Klin;Wings;;BOTTLE;HP;PET;SL;1;Kupang;East Nusa Tenggara;15/09/2023;Outdoor;Coast/Shoreline
So Klin;Wings;;LABEL;HP;LDPE;SL;1;Kupang;East Nusa Tenggara;15/09/2023;Outdoor;Coast/Shoreline
So Klin;Wings;;BOTTLE CAP;HP;PP;SL;1;Kupang;East Nusa Tenggara;15/09/2023;Outdoor;Coast/Shoreline
Le Minerale;Mayora Indah;;BOTTLE CAP;FP;PP;SL;1;Kupang;East Nusa Tenggara;15/09/2023;Outdoor;Coast/Shoreline
Ale-Ale;Wings;;BEVERAGE PACKAGING;FP;PET;SL;1;Kupang;East Nusa Tenggara;15/09/2023;Outdoor;Coast/Shoreline
Vita Jelly;Orang Tua;;BEVERAGE PACKAGING;FP;PET;SL;1;Kupang;East Nusa Tenggara;15/09/2023;Outdoor;Coast/Shoreline
Kuku Bima;Sido Muncul;;LABEL;FP;LDPE;ML;6;Kupang;East Nusa Tenggara;15/09/2023;Outdoor;Coast/Shoreline
Sedaap;Wings;;Seasoning PackagingLABEL;FP;LDPE;ML;14;Kupang;East Nusa Tenggara;15/09/2023;Outdoor;Coast/Shoreline
AQUA;Danone;;BOTTLE ;FP;PET;SL;36;Kupang;East Nusa Tenggara;15/09/2023;Outdoor;Coast/Shoreline
Tictac;Dua Kelinci;;BEVERAGE BOX;FP;LDPE;ML;1;Kupang;East Nusa Tenggara;15/09/2023;Outdoor;Coast/Shoreline
Mamypoko;LG Household & Health Care;;BEVERAGE BOX;PC;LDPE;ML;22;Kupang;East Nusa Tenggara;15/09/2023;Outdoor;Coast/Shoreline
Tugu Buaya;Indraco Global Indonesia;;BEVERAGE BOX;FP;LDPE;SL;2;Kupang;East Nusa Tenggara;15/09/2023;Outdoor;Coast/Shoreline
Ultra Milk;Ultrajaya;;BEVERAGE BOX;FP;O;ML;3;Kupang;East Nusa Tenggara;15/09/2023;Outdoor;Coast/Shoreline
Vita Jelly;Orang Tua;;CUP;FP;PP;SL;1;Kupang;East Nusa Tenggara;15/09/2023;Outdoor;Coast/Shoreline
Vita Jelly;Orang Tua;;LABEL;FP;LDPE;SL;1;Kupang;East Nusa Tenggara;15/09/2023;Outdoor;Coast/Shoreline
Ale-Ale;Wings;;CUP;FP;PP;SL;7;Kupang;East Nusa Tenggara;15/09/2023;Outdoor;Coast/Shoreline
No Brand;Unbranded;;PLASTIC;HP;HDPE;SL;15;Kupang;East Nusa Tenggara;15/09/2023;Outdoor;Coast/Shoreline
Ale-Ale;Wings;;CUP;FP;PP;SL;6;Kupang;East Nusa Tenggara;15/09/2023;Outdoor;Coast/Shoreline
Menara;;Local Brand;Cigarette Pack;SM;O;ML;1;Kupang;East Nusa Tenggara;15/09/2023;Outdoor;Coast/Shoreline
No Brand;Unbranded;;Cigarette Pack;SM;O;ML;1;Kupang;East Nusa Tenggara;15/09/2023;Outdoor;Coast/Shoreline
153;Batu Karang Indonesia;;Cigarette Pack;SM;O;ML;1;Kupang;East Nusa Tenggara;15/09/2023;Outdoor;Coast/Shoreline
Surya;Gudang Garam Tbk.;;Cigarette Pack;SM;O;ML;2;Kupang;East Nusa Tenggara;15/09/2023;Outdoor;Coast/Shoreline
Aqua;Danone;;BOTTLE ;FP;PET;SL;18;Kupang;East Nusa Tenggara;15/09/2023;Outdoor;Coast/Shoreline
No Brand;Unbranded;;Plastic Strap;FG;O;SL;10;Kupang;East Nusa Tenggara;15/09/2023;Outdoor;Coast/Shoreline
Aqua;Danone;;BOTTLE CAP;FP;PET;SL;8;Kupang;East Nusa Tenggara;15/09/2023;Outdoor;Coast/Shoreline
Fanta;The Coca-Cola Company;;BOTTLE ;FP;PET;SL;1;Kupang;East Nusa Tenggara;15/09/2023;Outdoor;Coast/Shoreline
No Brand;Unbranded;;Plastic Strap;FP;O;SL;1;Kupang;East Nusa Tenggara;15/09/2023;Outdoor;Coast/Shoreline
Fanta;The Coca-Cola Company;;BOTTLE CAP;FP;PP;SL;1;Kupang;East Nusa Tenggara;15/09/2023;Outdoor;Coast/Shoreline
Milku;Wings;;BOTTLE ;FP;PET;SL;1;Kupang;East Nusa Tenggara;15/09/2023;Outdoor;Coast/Shoreline
Sedaap;Wings;;Cooking oil;FP;PET;ML;1;Kupang;East Nusa Tenggara;15/09/2023;Outdoor;Coast/Shoreline
Teh Pucuk;Mayora Indah;;BOTTLE ;FP;PET;SL;1;Kupang;East Nusa Tenggara;15/09/2023;Outdoor;Coast/Shoreline
Mogu Mogu;Sappe;;BEVERAGE BOX;FP;LDPE;ML;1;Kupang;East Nusa Tenggara;15/09/2023;Outdoor;Coast/Shoreline
No Brand;Unbranded;;PLASTIC;FP;LDPE;SL;19;Kupang;East Nusa Tenggara;15/09/2023;Outdoor;Coast/Shoreline
No Brand;Unbranded;;BOTTLE;O;PET;SL;15;Kupang;East Nusa Tenggara;15/09/2023;Outdoor;Coast/Shoreline
Kiko;Pandaria Makmur (Kiko Fact);PT United Family Food;BEVERAGE BOX;FP;PET;SL;1;Kupang;East Nusa Tenggara;15/09/2023;Outdoor;Coast/Shoreline
Laisqua;;Local Brand;CUP;FP;PET;SL;1;Kupang;East Nusa Tenggara;15/09/2023;Outdoor;Coast/Shoreline
Laisqua;;Local Brand;LABEL;FP;LDPE;ML;1;Kupang;East Nusa Tenggara;15/09/2023;Outdoor;Coast/Shoreline
Mizone;Danone;;BOTTLE ;FP;PET;SL;3;Kupang;East Nusa Tenggara;15/09/2023;Outdoor;Coast/Shoreline
Milku;Wings;;BOTTLE ;FP;PET;SL;1;Kupang;East Nusa Tenggara;15/09/2023;Outdoor;Coast/Shoreline
Mogu Mogu;Sappe;;BOTTLE ;FP;PET;SL;1;Kupang;East Nusa Tenggara;15/09/2023;Outdoor;Coast/Shoreline
No Brand;Unbranded;;BOTTLE ;FP;PET;SL;2;Kupang;East Nusa Tenggara;15/09/2023;Outdoor;Coast/Shoreline
No Brand;Unbranded;;BOTTLE ;FP;PET;SL;1;Kupang;East Nusa Tenggara;15/09/2023;Outdoor;Coast/Shoreline
Indomie;Indofood;;FOOD PACKAGING;FP;LDPE;ML;1;Kupang;East Nusa Tenggara;15/09/2023;Outdoor;Coast/Shoreline
No Brand;Unbranded;;Plastic Strap;FG;O;ML;1;Kupang;East Nusa Tenggara;15/09/2023;Outdoor;Coast/Shoreline
Kiko;Pandaria Makmur (Kiko Fact);PT United Family Food;;FP;LDPE;SL;1;Kupang;East Nusa Tenggara;15/09/2023;Outdoor;Coast/Shoreline
Jasjus;Wings;;;FP;LDPE;ML;2;Kupang;East Nusa Tenggara;15/09/2023;Outdoor;Coast/Shoreline
No Brand;Unbranded;;Tarp;PM;O;SL;3;Kupang;East Nusa Tenggara;15/09/2023;Outdoor;Coast/Shoreline
No Brand;Unbranded;;plastic strap;FG;O;SL;11;Kupang;East Nusa Tenggara;15/09/2023;Outdoor;Coast/Shoreline
No Brand;Unbranded;;BEVERAGE BOX;FG;PS;ML;3;Kupang;East Nusa Tenggara;15/09/2023;Outdoor;Coast/Shoreline
Vernum;Local Brand;;CUP;FP;PET;SL;4;Kupang;East Nusa Tenggara;15/09/2023;Outdoor;Coast/Shoreline
Saga Bold;;Local Brand;Cigarette Pack;SM;O;ML;5;Kupang;East Nusa Tenggara;15/09/2023;Outdoor;Coast/Shoreline
Sampoerna;Philip Morris International;;Cigarette Pack;SM;O;ML;1;Kupang;East Nusa Tenggara;15/09/2023;Outdoor;Coast/Shoreline
AQUA;Danone;;BOTTLE ;FP;PET;SL;25;Kupang;East Nusa Tenggara;15/09/2023;Outdoor;Coast/Shoreline
No Brand;Unbranded;;Plastic Strap;FG;O;SL;49;Kupang;East Nusa Tenggara;15/09/2023;Outdoor;Coast/Shoreline
AQUA;Danone;;BOTTLE CAP;FP;PP;SL;35;Kupang;East Nusa Tenggara;15/09/2023;Outdoor;Coast/Shoreline
AQUA;Danone;;BOTTLE ;FP;PET;SL;25;Kupang;East Nusa Tenggara;15/09/2023;Outdoor;Coast/Shoreline
Vita Jelly;Orang Tua;;CUP;FP;PET;SL;7;Kupang;East Nusa Tenggara;15/09/2023;Outdoor;Coast/Shoreline
Vita Jelly;Orang Tua;;LABEL;FP;LDPE;SL;4;Kupang;East Nusa Tenggara;15/09/2023;Outdoor;Coast/Shoreline
Laisqua;;Local Brand;CUP;FP;PET;SL;5;Kupang;East Nusa Tenggara;15/09/2023;Outdoor;Coast/Shoreline
Laisqua;;Local Brand;LABEL;FP;LDPE;ML;3;Kupang;East Nusa Tenggara;15/09/2023;Outdoor;Coast/Shoreline
Oelmas;CV. Indoniaga kab. TTU;;CUP;FP;PET;SL;6;Kupang;East Nusa Tenggara;15/09/2023;Outdoor;Coast/Shoreline
Oelmas;CV. Indoniaga kab. TTU;;LABEL;FP;LDPE;ML;6;Kupang;East Nusa Tenggara;15/09/2023;Outdoor;Coast/Shoreline
Vernum;Local Brand;;CUP;FP;PET;SL;4;Kupang;East Nusa Tenggara;15/09/2023;Outdoor;Coast/Shoreline
Vernum;Local Brand;;LABEL;FP;LDPE;ML;2;Kupang;East Nusa Tenggara;15/09/2023;Outdoor;Coast/Shoreline
Ale-Ale;Wings;;CUP;FP;PET;SL;2;Kupang;East Nusa Tenggara;15/09/2023;Outdoor;Coast/Shoreline
No Brand;Unbranded;;CUP;FP;PET;SL;1;Kupang;East Nusa Tenggara;15/09/2023;Outdoor;Coast/Shoreline
No Brand;Unbranded;;LABEL;FP;LDPE;ML;1;Kupang;East Nusa Tenggara;15/09/2023;Outdoor;Coast/Shoreline
Bonafide;Bonafide Water;;CUP;FP;PET;SL;1;Kupang;East Nusa Tenggara;15/09/2023;Outdoor;Coast/Shoreline
Bonafide;Bonafide Water;;LABEL;FP;LDPE;ML;1;Kupang;East Nusa Tenggara;15/09/2023;Outdoor;Coast/Shoreline
No Brand;Unbranded;;CUP;FP;PET;SL;1;Kupang;East Nusa Tenggara;15/09/2023;Outdoor;Coast/Shoreline
Sprite;The Coca-Cola Company;;BOTTLE ;FP;PET;SL;4;Kupang;East Nusa Tenggara;15/09/2023;Outdoor;Coast/Shoreline
Sprite;The Coca-Cola Company;;BOTTLE CAP;FP;PP;SL;4;Kupang;East Nusa Tenggara;15/09/2023;Outdoor;Coast/Shoreline
Coco Bit;;PT Anugrah Indofood Barokah Makmur;BOTTLE CAP;FP;PP;SL;1;Kupang;East Nusa Tenggara;15/09/2023;Outdoor;Coast/Shoreline
Le Minerale;Mayora Indah;;BOTTLE ;FP;PET;SL;2;Kupang;East Nusa Tenggara;15/09/2023;Outdoor;Coast/Shoreline
Le Minerale;Mayora Indah;;BOTTLE CAP;FP;PP;SL;2;Kupang;East Nusa Tenggara;15/09/2023;Outdoor;Coast/Shoreline
Kiko;Pandaria Makmur (Kiko Fact);PT United Family Food;BEVERAGE BOX;FP;PET;SL;1;Kupang;East Nusa Tenggara;15/09/2023;Outdoor;Coast/Shoreline
Crystalline;Orang Tua;;BOTTLE ;FP;PET;SL;2;Kupang;East Nusa Tenggara;15/09/2023;Outdoor;Coast/Shoreline
Crystalline;Orang Tua;;BOTTLE CAP;FP;PP;SL;2;Kupang;East Nusa Tenggara;15/09/2023;Outdoor;Coast/Shoreline
Crystalline;Orang Tua;;LABEL;FP;LDPE;ML;2;Kupang;East Nusa Tenggara;15/09/2023;Outdoor;Coast/Shoreline
Roti Beta;Local Brand;;BEVERAGE BOX;FP;LDPE;ML;7;Kupang;East Nusa Tenggara;15/09/2023;Outdoor;Coast/Shoreline
Superstar;Mayora Indah;;BEVERAGE BOX;FP;LDPE;ML;1;Kupang;East Nusa Tenggara;15/09/2023;Outdoor;Coast/Shoreline
No Brand;Unbranded;;PLASTIC;FP;LDPE;SL;1;Kupang;East Nusa Tenggara;15/09/2023;Outdoor;Coast/Shoreline
Surya;Gudang Garam Tbk.;;Cigarette Pack;SM;O;ML;1;Kupang;East Nusa Tenggara;15/09/2023;Outdoor;Coast/Shoreline
Chocolatos;Garuda Food;;BEVERAGE BOX;FP;LDPE;ML;2;Kupang;East Nusa Tenggara;15/09/2023;Outdoor;Coast/Shoreline
Slai O'lai;Mayora Indah;;BEVERAGE BOX;FP;LDPE;ML;1;Kupang;East Nusa Tenggara;15/09/2023;Outdoor;Coast/Shoreline
Frisian Flag;FrieslandCampina;;;FP;LDPE;ML;1;Kupang;East Nusa Tenggara;15/09/2023;Outdoor;Coast/Shoreline
Mamypoko;LG Household & Health Care;;PAMPERS;PC;PS;ML;1;Kupang;East Nusa Tenggara;15/09/2023;Outdoor;Coast/Shoreline
No Brand;Unbranded;;PLASTIC;O;LDPE;SL;25;Kupang;East Nusa Tenggara;15/09/2023;Outdoor;Coast/Shoreline
Mie Sedap;Wings;;FOOD PACKAGING;FP;LDPE;ML;2;Kupang;East Nusa Tenggara;15/09/2023;Outdoor;Coast/Shoreline
Nu Green Tea;;ABC President;BOTTLE ;FP;PET;SL;1;Kupang;East Nusa Tenggara;15/09/2023;Outdoor;Coast/Shoreline
Sedaap;Wings;;cooking oil;FP;PET;SL;1;Kupang;East Nusa Tenggara;15/09/2023;Outdoor;Coast/Shoreline
Ale-Ale;Wings;;CUP;FP;PET;SL;5;Kupang;East Nusa Tenggara;15/09/2023;Outdoor;Coast/Shoreline
So Klin;Wings;;Detergent;HP;HDPE;SL;1;Kupang;East Nusa Tenggara;15/09/2023;Outdoor;Coast/Shoreline
So Klin;Wings;;LABEL;HP;LDPE;ML;1;Kupang;East Nusa Tenggara;15/09/2023;Outdoor;Coast/Shoreline
Listerine;Johnson & Johnson;;BOTTLE;HP;PET;SL;1;Kupang;East Nusa Tenggara;15/09/2023;Outdoor;Coast/Shoreline
Listerine;Johnson & Johnson;;BOTTLE CAP;HP;PP;SL;1;Kupang;East Nusa Tenggara;15/09/2023;Outdoor;Coast/Shoreline
AQUA;Danone;;BOTTLE ;FP;PET;SL;53;Kupang;East Nusa Tenggara;15/09/2023;Outdoor;Coast/Shoreline
AQUA;Danone;;BOTTLE CAP;FP;PP;SL;28;Kupang;East Nusa Tenggara;15/09/2023;Outdoor;Coast/Shoreline
No Brand;Unbranded;;Plastic Strap;FG;O;SL;46;Kupang;East Nusa Tenggara;15/09/2023;Outdoor;Coast/Shoreline
Club;Indofood;;BOTTLE ;FP;PET;SL;2;Kupang;East Nusa Tenggara;15/09/2023;Outdoor;Coast/Shoreline
Club;Indofood;;LABEL;FP;LDPE;SL;1;Kupang;East Nusa Tenggara;15/09/2023;Outdoor;Coast/Shoreline
Teh Pucuk;Mayora Indah;;BOTTLE CAP;FP;PP;SL;3;Kupang;East Nusa Tenggara;15/09/2023;Outdoor;Coast/Shoreline
Teh Pucuk;Mayora Indah;;BOTTLE ;FP;PET;SL;7;Kupang;East Nusa Tenggara;15/09/2023;Outdoor;Coast/Shoreline
No Brand;Unbranded;;BOTTLE ;FP;PET;SL;7;Kupang;East Nusa Tenggara;15/09/2023;Outdoor;Coast/Shoreline
No Brand;Unbranded;;BOTTLE CAP;FP;PP;SL;7;Kupang;East Nusa Tenggara;15/09/2023;Outdoor;Coast/Shoreline
Le Minerale;Mayora Indah;;BOTTLE ;FP;PET;SL;3;Kupang;East Nusa Tenggara;15/09/2023;Outdoor;Coast/Shoreline
Le Minerale;Mayora Indah;;BOTTLE CAP;FP;PP;SL;2;Kupang;East Nusa Tenggara;15/09/2023;Outdoor;Coast/Shoreline
Sprite;The Coca-Cola Company;;BOTTLE ;FP;PET;SL;1;Kupang;East Nusa Tenggara;15/09/2023;Outdoor;Coast/Shoreline
Coca Cola;The Coca-Cola Company;;BOTTLE ;FP;PET;SL;1;Kupang;East Nusa Tenggara;15/09/2023;Outdoor;Coast/Shoreline
Floridina;Wings Indonesia;;BOTTLE ;FP;PET;SL;2;Kupang;East Nusa Tenggara;15/09/2023;Outdoor;Coast/Shoreline
Milku;Wings;;LABEL;FP;LDPE;ML;1;Kupang;East Nusa Tenggara;15/09/2023;Outdoor;Coast/Shoreline
AQUA;Danone;;BOTTLE ;FP;PET;SL;26;Kupang;East Nusa Tenggara;15/09/2023;Outdoor;Coast/Shoreline
AQUA;Danone;;BOTTLE CAP;FP;PP;SL;27;Kupang;East Nusa Tenggara;15/09/2023;Outdoor;Coast/Shoreline
AQUA;Danone;;LABEL;FP;O;SL;27;Kupang;East Nusa Tenggara;15/09/2023;Outdoor;Coast/Shoreline
Teh Pucuk;Mayora Indah;;BOTTLE ;FP;PET;SL;7;Kupang;East Nusa Tenggara;15/09/2023;Outdoor;Coast/Shoreline
Teh Pucuk;Mayora Indah;;BOTTLE CAP;FP;PP;SL;6;Kupang;East Nusa Tenggara;15/09/2023;Outdoor;Coast/Shoreline
Teh Pucuk;Mayora Indah;;LABEL;FP;LDPE;ML;7;Kupang;East Nusa Tenggara;15/09/2023;Outdoor;Coast/Shoreline
Good Day Coffe;;PT Santos Jaya Abadi;BOTTLE ;FP;PET;SL;2;Kupang;East Nusa Tenggara;15/09/2023;Outdoor;Coast/Shoreline
Good Day Coffe;;PT Santos Jaya Abadi;BOTTLE CAP;FP;PP;SL;1;Kupang;East Nusa Tenggara;15/09/2023;Outdoor;Coast/Shoreline
Good Day Coffe;;PT Santos Jaya Abadi;LABEL;FP;LDPE;ML;1;Kupang;East Nusa Tenggara;15/09/2023;Outdoor;Coast/Shoreline
Orange Water;Djojonegoro C-1000;;BOTTLE ;FP;PET;SL;2;Kupang;East Nusa Tenggara;15/09/2023;Outdoor;Coast/Shoreline
Teh Pucuk;Mayora Indah;;BOTTLE ;FP;PET;SL;7;Kupang;East Nusa Tenggara;15/09/2023;Outdoor;Coast/Shoreline
Teh Pucuk;Mayora Indah;;BOTTLE CAP;FP;PP;SL;4;Kupang;East Nusa Tenggara;15/09/2023;Outdoor;Coast/Shoreline
No Brand;Unbranded;;BOTTLE ;FP;PET;SL;13;Kupang;East Nusa Tenggara;15/09/2023;Outdoor;Coast/Shoreline
Pulpy;The Coca-Cola Company;;BOTTLE ;FP;PET;SL;3;Kupang;East Nusa Tenggara;15/09/2023;Outdoor;Coast/Shoreline
Vernum;Local Brand;;CUP;FP;PET;SL;3;Kupang;East Nusa Tenggara;15/09/2023;Outdoor;Coast/Shoreline
Vernum;Local Brand;;LABEL;FP;LDPE;ML;2;Kupang;East Nusa Tenggara;15/09/2023;Outdoor;Coast/Shoreline
Fanta;The Coca-Cola Company;;BOTTLE ;FP;PET;SL;3;Kupang;East Nusa Tenggara;15/09/2023;Outdoor;Coast/Shoreline
No Brand;Unbranded;;BOTTLE CAP;FP;PP;SL;1;Kupang;East Nusa Tenggara;15/09/2023;Outdoor;Coast/Shoreline
VITA AER;;UNKNOWN;CUP;FP;PET;SL;50;Jayapura;Papua;17/09/2023;Outdoor;Coast/Shoreline
VITA AER;;UNKNOWN;CUP;FP;PET;SL;28;Jayapura;Papua;17/09/2023;Outdoor;Coast/Shoreline
UNKNOWN;Unbranded;;CUP;FP;PP;SL;180;Jayapura;Papua;17/09/2023;Outdoor;Coast/Shoreline
QUALALA;;PT.Alam Indah;CUP;FP;PET;SL;50;Jayapura;Papua;17/09/2023;Outdoor;Coast/Shoreline
QUALALA;;PT.Alam Indah;CUP;FP;PET;SL;50;Jayapura;Papua;17/09/2023;Outdoor;Coast/Shoreline
QUALALA;;PT.Alam Indah;CUP;FP;PET;SL;3;Jayapura;Papua;17/09/2023;Outdoor;Coast/Shoreline
QUALALA;;PT.Alam Indah;BOTTLE;FP;PET;SL;12;Jayapura;Papua;17/09/2023;Outdoor;Coast/Shoreline
QUALALA;;PT.Alam Indah;BOTTLE;FP;PET;SL;154;Jayapura;Papua;17/09/2023;Outdoor;Coast/Shoreline
QUALALA;;PT.Alam Indah;LABEL;FP;PET;SL;139;Jayapura;Papua;17/09/2023;Outdoor;Coast/Shoreline
QUALALA;;PT.Alam Indah;BOTTLE;FP;HDPE;SL;24;Jayapura;Papua;17/09/2023;Outdoor;Coast/Shoreline
QUALALA;;PT.Alam Indah;BOTTLE CAP;FP;PP;SL;224;Jayapura;Papua;17/09/2023;Outdoor;Coast/Shoreline
ROBONGHOLO;;PT. AM JAYAPURA Robongholo Nanwani;CUP;FP;PP;SL;34;Jayapura;Papua;17/09/2023;Outdoor;Coast/Shoreline
NANWANI;;PT. AM JAYAPURA Robongholo Nanwani;BOTTLE 330ML;FP;PET;SL;3;Jayapura;Papua;17/09/2023;Outdoor;Coast/Shoreline
NANWANI;;PT. AM JAYAPURA Robongholo Nanwani;LABEL;FP;PET;SL;4;Jayapura;Papua;17/09/2023;Outdoor;Coast/Shoreline
NANWANI;;PT. AM JAYAPURA Robongholo Nanwani;BOTTLE 600ML;FP;PET;SL;2;Jayapura;Papua;17/09/2023;Outdoor;Coast/Shoreline
ROBONGHOLO;;PT. AM JAYAPURA Robongholo Nanwani;BOTTLE 300ML;FP;PET;SL;2;Jayapura;Papua;17/09/2023;Outdoor;Coast/Shoreline
ROBONGHOLO;;PT. AM JAYAPURA Robongholo Nanwani;LABEL;FP;PET;SL;2;Jayapura;Papua;17/09/2023;Outdoor;Coast/Shoreline
ROBONGHOLO;;PT. AM JAYAPURA Robongholo Nanwani;BOTTLE;FP;PET;SL;1;Jayapura;Papua;17/09/2023;Outdoor;Coast/Shoreline
GOOD DAY;Britania Industries Ltd.;INDOFOOD;BOTTLE;FP;PET;SL;32;Jayapura;Papua;17/09/2023;Outdoor;Coast/Shoreline
TEH KOTAK;Ultrajaya;;;FP;O;ML;45;Jayapura;Papua;17/09/2023;Outdoor;Coast/Shoreline
ULTRA MILK;Ultrajaya;;;FP;O;ML;26;Jayapura;Papua;17/09/2023;Outdoor;Coast/Shoreline
BUAVITA;Unilever;;;FP;O;ML;5;Jayapura;Papua;17/09/2023;Outdoor;Coast/Shoreline
AYUNA;;UNKNOWN;CUP;FP;O;SL;55;Jayapura;Papua;17/09/2023;Outdoor;Coast/Shoreline
PAPUKUA;;tirta amarta jaya sentosa;CUP;FP;PET;SL;26;Jayapura;Papua;17/09/2023;Outdoor;Coast/Shoreline
AQUA;Danone;;CUP;FP;PET;SL;7;Jayapura;Papua;17/09/2023;Outdoor;Coast/Shoreline
CRYSTALLINE;Orang Tua;;CUP;FP;PET;SL;4;Jayapura;Papua;17/09/2023;Outdoor;Coast/Shoreline
PUROXA;;Dilatama Karya (AMDK) Puroxa;CUP;FP;PET;SL;24;Jayapura;Papua;17/09/2023;Outdoor;Coast/Shoreline
CLEO;Tanobel Food;;CUP;FP;PP;SL;3;Jayapura;Papua;17/09/2023;Outdoor;Coast/Shoreline
UNKNOWN;Unbranded;;CUP;FP;PP;SL;60;Jayapura;Papua;17/09/2023;Outdoor;Coast/Shoreline
SARI GANDUM;Mayora Indah;;SACHET;FP;PP;SL;11;Jayapura;Papua;17/09/2023;Outdoor;Coast/Shoreline
TEH CUP;Orang Tua;;CUP;FP;PP;SL;18;Jayapura;Papua;17/09/2023;Outdoor;Coast/Shoreline
ALE-ALE;Wings;;CUP;FP;PP;SL;5;Jayapura;Papua;17/09/2023;Outdoor;Coast/Shoreline
OKKY JELLY DRINK;Tudung Group;;CUP;FP;PP;SL;9;Jayapura;Papua;17/09/2023;Outdoor;Coast/Shoreline
FRUITAMIN;Indofood;;CUP;FP;PP;SL;2;Jayapura;Papua;17/09/2023;Outdoor;Coast/Shoreline
VITAER;;UNKNOWN;CUP;FP;PP;SL;29;Jayapura;Papua;17/09/2023;Outdoor;Coast/Shoreline
UNKNOWN;Unbranded;;CUP;FP;PP;SL;20;Jayapura;Papua;17/09/2023;Outdoor;Coast/Shoreline
UNKNOWN;Unbranded;;HOUSEHOLD APPLIANCES;HP;HDPE;SL;62;Jayapura;Papua;17/09/2023;Outdoor;Coast/Shoreline
UNKNOWN;Unbranded;;SACHET;FP;PP;ML;60;Jayapura;Papua;17/09/2023;Outdoor;Coast/Shoreline
UNKNOWN;Unbranded;;SACHET;FP;HDPE;SL;10;Jayapura;Papua;17/09/2023;Outdoor;Coast/Shoreline
UNKNOWN;Unbranded;;SEDOTAN;FP;O;SL;25;Jayapura;Papua;17/09/2023;Outdoor;Coast/Shoreline
UNKNOWN;Unbranded;;PAMPERS;PC;O;ML;1;Jayapura;Papua;17/09/2023;Outdoor;Coast/Shoreline
UNKNOWN;Unbranded;;PLASTIC SPOON;FP;PET;SL;30;Jayapura;Papua;17/09/2023;Outdoor;Coast/Shoreline
ES KIKO;Tandaria Makmur;;BEVERAGE;FP;PET;SL;9;Jayapura;Papua;17/09/2023;Outdoor;Coast/Shoreline
UNKNOWN;Unbranded;;INFUSE BOTTLE;O;PET;SL;1;Jayapura;Papua;17/09/2023;Outdoor;Coast/Shoreline
UNKNOWN;Unbranded;;MEDICINE;O;O;SL;1;Jayapura;Papua;17/09/2023;Outdoor;Coast/Shoreline
TEH PUCUK;Mayora Indah;;LABEL;FP;PET;SL;14;Jayapura;Papua;17/09/2023;Outdoor;Coast/Shoreline
FRESTEA;The Coca-Cola Company;;BOTTLE;FP;PET;SL;9;Jayapura;Papua;17/09/2023;Outdoor;Coast/Shoreline
FRESTEA;The Coca-Cola Company;;LABEL;FP;PET;SL;5;Jayapura;Papua;17/09/2023;Outdoor;Coast/Shoreline
FRESTEA;The Coca-Cola Company;;LABEL;FP;PET;SL;4;Jayapura;Papua;17/09/2023;Outdoor;Coast/Shoreline
BIMOLI;Salim Ivomas Pratama Tbk.;;BOTTLE;FP;PET;SL;1;Jayapura;Papua;17/09/2023;Outdoor;Coast/Shoreline
SPRITE;The Coca-Cola Company;;BOTTLE 350ML;FP;PET;SL;1;Jayapura;Papua;17/09/2023;Outdoor;Coast/Shoreline
QUAHA;;UNKNOWN;BOTTLE 300ML;FP;PET;SL;12;Jayapura;Papua;17/09/2023;Outdoor;Coast/Shoreline
SPRITE;The Coca-Cola Company;;BOTTLE 250ML;FP;PET;SL;6;Jayapura;Papua;17/09/2023;Outdoor;Coast/Shoreline
SPRITE;The Coca-Cola Company;;LABEL;FP;PET;SL;3;Jayapura;Papua;17/09/2023;Outdoor;Coast/Shoreline
SPRITE;The Coca-Cola Company;;BOTTLE SEDANG;FP;PET;SL;4;Jayapura;Papua;17/09/2023;Outdoor;Coast/Shoreline
BIMOLI;Salim Ivomas Pratama Tbk.;;BOTTLE;FP;PET;SL;5;Jayapura;Papua;17/09/2023;Outdoor;Coast/Shoreline
LE MINERALE;Mayora Indah;;BOTTLE 1,5L;FP;PS;SL;12;Jayapura;Papua;17/09/2023;Outdoor;Coast/Shoreline
POCARI SWEAT;Otsuka;;BOTTLE 500ML;FP;PET;SL;6;Jayapura;Papua;17/09/2023;Outdoor;Coast/Shoreline
POCARI SWEAT;Otsuka;;LABEL;FP;PET;SL;6;Jayapura;Papua;17/09/2023;Outdoor;Coast/Shoreline
COCA-COLA;The Coca-Cola Company;;BOTTLE ;FP;PET;SL;3;Jayapura;Papua;17/09/2023;Outdoor;Coast/Shoreline
COCA-COLA;The Coca-Cola Company;;LABEL;FP;PET;SL;4;Jayapura;Papua;17/09/2023;Outdoor;Coast/Shoreline
COCA-COLA;The Coca-Cola Company;;BOTTLE;FP;PET;SL;18;Jayapura;Papua;17/09/2023;Outdoor;Coast/Shoreline
FANTA;The Coca-Cola Company;;BOTTLE 250ML;FP;PET;SL;4;Jayapura;Papua;17/09/2023;Outdoor;Coast/Shoreline
LE MINERALE;Mayora Indah;;BOTTLE;FP;PS;SL;7;Jayapura;Papua;17/09/2023;Outdoor;Coast/Shoreline
TEH PUCUK;Mayora Indah;;BOTTLE;FP;PET;SL;15;Jayapura;Papua;17/09/2023;Outdoor;Coast/Shoreline
AQUA;Danone;;BOTTLE 350ML;FP;PET;SL;7;Jayapura;Papua;17/09/2023;Outdoor;Coast/Shoreline
FANTA;The Coca-Cola Company;;LABEL;FP;PET;SL;1;Jayapura;Papua;17/09/2023;Outdoor;Coast/Shoreline
TEH PUCUK;Mayora Indah;;BOTTLE;FP;PET;SL;362;Jayapura;Papua;17/09/2023;Outdoor;Coast/Shoreline
AQUA;Danone;;BOTTLE 600ML;FP;PET;SL;126;Jayapura;Papua;17/09/2023;Outdoor;Coast/Shoreline
AQUA;Danone;;LABEL;FP;PET;SL;101;Jayapura;Papua;17/09/2023;Outdoor;Coast/Shoreline
TEH PUCUK;Mayora Indah;;LABEL;FP;PET;SL;247;Jayapura;Papua;17/09/2023;Outdoor;Coast/Shoreline
VITA AER;;UNKNOWN;BOTTLE 600ML;FP;PET;SL;60;Jayapura;Papua;17/09/2023;Outdoor;Coast/Shoreline
VITA AER;;UNKNOWN;LABEL;FP;PET;SL;61;Jayapura;Papua;17/09/2023;Outdoor;Coast/Shoreline
LE MINERALE;Mayora Indah;;BOTTLE 600ML;FP;PET;SL;79;Jayapura;Papua;17/09/2023;Outdoor;Coast/Shoreline
LE MINERALE;Mayora Indah;;LABEL;FP;PET;SL;34;Jayapura;Papua;17/09/2023;Outdoor;Coast/Shoreline
PUROXA;;Dilatama Karya (AMDK) Puroxa;BOTTLE 600ML;FP;PET;SL;8;Jayapura;Papua;17/09/2023;Outdoor;Coast/Shoreline
PUROXA;;Dilatama Karya (AMDK) Puroxa;LABEL;FP;PET;SL;8;Jayapura;Papua;17/09/2023;Outdoor;Coast/Shoreline
GRESH;;UNKNOWN;BOTTLE;FP;PET;SL;39;Jayapura;Papua;17/09/2023;Outdoor;Coast/Shoreline
GRESH;;UNKNOWN;LABEL;FP;PET;SL;38;Jayapura;Papua;17/09/2023;Outdoor;Coast/Shoreline
AQUA;Danone;;BOTTLE;FP;PET;SL;50;Jayapura;Papua;17/09/2023;Outdoor;Coast/Shoreline
FLORIDINA;Wings Indonesia;;LABEL;FP;PET;SL;23;Jayapura;Papua;17/09/2023;Outdoor;Coast/Shoreline
GRESH;;UNKNOWN;BOTTLE;FP;PET;SL;3;Jayapura;Papua;17/09/2023;Outdoor;Coast/Shoreline
FLORIDINA;Wings Indonesia;;BOTTLE;FP;PET;SL;23;Jayapura;Papua;17/09/2023;Outdoor;Coast/Shoreline
GOOD DAY;Britania Industries Ltd.;;LABEL;FP;PET;SL;32;Jayapura;Papua;17/09/2023;Outdoor;Coast/Shoreline
UNKNOWN;Unbranded;;LIMBAH MEDIS;O;O;SL;1;Jayapura;Papua;17/09/2023;Outdoor;Coast/Shoreline
COCOBITE;;INDOFOOD;BOTTLE;FP;PET;SL;2;Jayapura;Papua;17/09/2023;Outdoor;Coast/Shoreline
COCOBITE;;INDOFOOD;LABEL;FP;PET;SL;2;Jayapura;Papua;17/09/2023;Outdoor;Coast/Shoreline
VITA AER;;UNKNOWN;BOTTLE 1,5L;FP;PET;SL;5;Jayapura;Papua;17/09/2023;Outdoor;Coast/Shoreline
NU;;ABC President Indonesia;BOTTLE 310ML;FP;PET;SL;4;Jayapura;Papua;17/09/2023;Outdoor;Coast/Shoreline
NU;;ABC President Indonesia;LABEL;FP;PET;SL;4;Jayapura;Papua;17/09/2023;Outdoor;Coast/Shoreline
UNKNOWN;Unbranded;;BOTTLE;FP;PET;SL;3;Jayapura;Papua;17/09/2023;Outdoor;Coast/Shoreline
PUROXA;;Dilatama Karya (AMDK) Puroxa;BOTTLE 300ML;FP;PET;SL;1;Jayapura;Papua;17/09/2023;Outdoor;Coast/Shoreline
PUROXA;;Dilatama Karya (AMDK) Puroxa;BOTTLE 1,5L;FP;PET;SL;1;Jayapura;Papua;17/09/2023;Outdoor;Coast/Shoreline
ICHITAN;Ichitan Group;;BOTTLE;FP;PET;SL;9;Jayapura;Papua;17/09/2023;Outdoor;Coast/Shoreline
NU;;ABC President Indonesia;BOTTLE 200ML;FP;PET;SL;1;Jayapura;Papua;17/09/2023;Outdoor;Coast/Shoreline
POCARI SWEAT;Otsuka;;BOTTLE 250ML;FP;PET;SL;6;Jayapura;Papua;17/09/2023;Outdoor;Coast/Shoreline
UNKNOWN;Unbranded;;CONTAINER;FP;PP;SL;1;Jayapura;Papua;17/09/2023;Outdoor;Coast/Shoreline
MINUTE MAID;Coca Cola Limited;;BOTTLE 300ML;FP;PET;SL;3;Jayapura;Papua;17/09/2023;Outdoor;Coast/Shoreline
MINUTE MAID;Coca Cola Limited;;LABEL;FP;PET;SL;3;Jayapura;Papua;17/09/2023;Outdoor;Coast/Shoreline
NESTLE;Nestle;;BOTTLE 1,5L;FP;PET;SL;3;Jayapura;Papua;17/09/2023;Outdoor;Coast/Shoreline
NESTLE;Nestle;;LABEL;FP;PET;SL;2;Jayapura;Papua;17/09/2023;Outdoor;Coast/Shoreline
MILKU;Wings;;BOTTLE 200 ML;FP;PET;SL;5;Jayapura;Papua;17/09/2023;Outdoor;Coast/Shoreline
MIZONE;Danone;;BOTTLE;FP;PET;SL;2;Jayapura;Papua;17/09/2023;Outdoor;Coast/Shoreline
FANTA;The Coca-Cola Company;;BOTTLE;FP;PET;SL;1;Jayapura;Papua;17/09/2023;Outdoor;Coast/Shoreline
WALLS;Unilever;;CUP;FP;PP;SL;1;Jayapura;Papua;17/09/2023;Outdoor;Coast/Shoreline
AICE;Aice;;CUP;FP;PP;SL;1;Jayapura;Papua;17/09/2023;Outdoor;Coast/Shoreline
INDOMILK;Indofood;;BOTTLE;FP;HDPE;SL;3;Jayapura;Papua;17/09/2023;Outdoor;Coast/Shoreline
NESTLE;Nestle;;BOTTLE;FP;PET;SL;5;Jayapura;Papua;17/09/2023;Outdoor;Coast/Shoreline
NESTLE;Nestle;;LABEL;FP;PET;SL;3;Jayapura;Papua;17/09/2023;Outdoor;Coast/Shoreline
PORORO;;Paldo Co;BOTTLE;FP;PET;SL;2;Jayapura;Papua;17/09/2023;Outdoor;Coast/Shoreline
UNKNOWN;Unbranded;;BOTTLE;FP;PET;SL;136;Jayapura;Papua;17/09/2023;Outdoor;Coast/Shoreline
ABC;Santos Jaya Abadi;;BOTTLE;FP;PET;SL;1;Jayapura;Papua;17/09/2023;Outdoor;Coast/Shoreline
SO NICE;So Good;;CAP;FP;PP;SL;2;Jayapura;Papua;17/09/2023;Outdoor;Coast/Shoreline
UNKNOWN;Unbranded;;CAP GALON;FP;HDPE;SL;1;Jayapura;Papua;17/09/2023;Outdoor;Coast/Shoreline
LE MINERALE;Mayora Indah;;BOTTLE;FP;PET;SL;1;Jayapura;Papua;17/09/2023;Outdoor;Coast/Shoreline
LE MINERALE;Mayora Indah;;LABEL;FP;PET;SL;1;Jayapura;Papua;17/09/2023;Outdoor;Coast/Shoreline
LE MINERALE;Mayora Indah;;BOTTLE CAP;FP;PP;SL;1;Jayapura;Papua;17/09/2023;Outdoor;Coast/Shoreline
POCARI SWEAT;Otsuka;;BOTTLE CAP;FP;PP;SL;12;Jayapura;Papua;17/09/2023;Outdoor;Coast/Shoreline
AQUA;Danone;;BOTTLE CAP;FP;PP;SL;281;Jayapura;Papua;17/09/2023;Outdoor;Coast/Shoreline
LE MINERALE;Mayora Indah;;BOTTLE CAP;FP;PP;SL;85;Jayapura;Papua;17/09/2023;Outdoor;Coast/Shoreline
UNKNOWN;Unbranded;;BOTTLE CAP;FP;PP;SL;9;Jayapura;Papua;17/09/2023;Outdoor;Coast/Shoreline
TEH PUCUK;Mayora Indah;;BOTTLE CAP;FP;PP;SL;185;Jayapura;Papua;17/09/2023;Outdoor;Coast/Shoreline
GOOD DAY;Britania Industries Ltd.;;BOTTLE CAP;FP;PP;SL;31;Jayapura;Papua;17/09/2023;Outdoor;Coast/Shoreline
ICHITAN;Ichitan Group;;BOTTLE CAP;FP;PP;SL;8;Jayapura;Papua;17/09/2023;Outdoor;Coast/Shoreline
FLORIDINA;Wings Indonesia;;BOTTLE CAP;FP;PP;SL;6;Jayapura;Papua;17/09/2023;Outdoor;Coast/Shoreline
PULPY;The Coca-Cola Company;;BOTTLE CAP;FP;PP;SL;4;Jayapura;Papua;17/09/2023;Outdoor;Coast/Shoreline
COCA-COLA;The Coca-Cola Company;;BOTTLE CAP;FP;PP;SL;56;Jayapura;Papua;17/09/2023;Outdoor;Coast/Shoreline
PRIMA;Imperial Brands;;BOTTLE CAP;FP;PP;SL;1;Jayapura;Papua;17/09/2023;Outdoor;Coast/Shoreline
YUASA;;Yuasa Battery Indonesia;BOTTLE CAP;O;PP;SL;1;Jayapura;Papua;17/09/2023;Outdoor;Coast/Shoreline
FRUIT TEA;Sinar Sosro;;BOTTLE CAP;FP;PP;SL;3;Jayapura;Papua;17/09/2023;Outdoor;Coast/Shoreline
BAYCLIN;;PT. Johnson Home Hygiene Products;BOTTLE CAP;PC;PP;SL;8;Jayapura;Papua;17/09/2023;Outdoor;Coast/Shoreline
UNKNOWN;Unbranded;;BOTTLE CAP;FP;PP;SL;91;Jayapura;Papua;17/09/2023;Outdoor;Coast/Shoreline
PERTAMINA;;PT Pertamina (Persero);BOTTLE CAP;O;PP;SL;14;Jayapura;Papua;17/09/2023;Outdoor;Coast/Shoreline
SO NICE;So Good;;CAP;FP;PP;SL;1;Jayapura;Papua;17/09/2023;Outdoor;Coast/Shoreline
BKP;;PT BINA KARYA PRIMA;CAP;FP;PP;SL;3;Jayapura;Papua;17/09/2023;Outdoor;Coast/Shoreline
UNKNOWN;Unbranded;;CAP;PC;PP;SL;83;Jayapura;Papua;17/09/2023;Outdoor;Coast/Shoreline
SUNLIGHT;Unilever;;CAP;PC;PP;SL;1;Jayapura;Papua;17/09/2023;Outdoor;Coast/Shoreline
ABC;Santos Jaya Abadi;;CAP;FP;PP;SL;1;Jayapura;Papua;17/09/2023;Outdoor;Coast/Shoreline
UNKNOWN;Unbranded;;CAP GALON;FP;PP;SL;1;Jayapura;Papua;17/09/2023;Outdoor;Coast/Shoreline
WISDOM;;UNKNOWN;CAP;FP;PP;SL;1;Jayapura;Papua;17/09/2023;Outdoor;Coast/Shoreline
UNKNOWN;Unbranded;;CAP;FP;PP;SL;1;Jayapura;Papua;17/09/2023;Outdoor;Coast/Shoreline
MILKU;Wings;;CAP;FP;PP;SL;2;Jayapura;Papua;17/09/2023;Outdoor;Coast/Shoreline
KONIMEX;;Konimex Pharmaceutical Laboratories;CAP;FP;PP;SL;1;Jayapura;Papua;17/09/2023;Outdoor;Coast/Shoreline
VITAIR;;UNKNOWN;CAP;FP;PP;SL;22;Jayapura;Papua;17/09/2023;Outdoor;Coast/Shoreline
BIMOLI;Salim Ivomas Pratama Tbk.;;CAP;FP;PP;SL;2;Jayapura;Papua;17/09/2023;Outdoor;Coast/Shoreline
LE MINERALE;Mayora Indah;;LABEL MINUMAN;FP;PET;SL;1;Kendari;Southeast Sulawesi;17/09/2023;Outdoor;Coast/Shoreline
LE MINERALE;Mayora Indah;;BOTOL MINUMAN;FP;PET;SL;1;Kendari;Southeast Sulawesi;17/09/2023;Outdoor;Coast/Shoreline
LE MINERALE;Mayora Indah;;PENUTUP BOTOL MINUMAN;FP;PET;SL;1;Kendari;Southeast Sulawesi;17/09/2023;Outdoor;Coast/Shoreline
CLEO;Tanobel Food;;LABEL MINUMAN;FP;PET;SL;8;Kendari;Southeast Sulawesi;17/09/2023;Outdoor;Coast/Shoreline
CLEO;Tanobel Food;;BOTOL MINUMAN;FP;PET;SL;14;Kendari;Southeast Sulawesi;17/09/2023;Outdoor;Coast/Shoreline
CLEO;Tanobel Food;;PENUTUP BOTOL MINUMAN;FP;PET;SL;3;Kendari;Southeast Sulawesi;17/09/2023;Outdoor;Coast/Shoreline
MAXI;CV Mitra Inti Jaya;;GELAS MINUMAN;FP;PP;SL;1;Kendari;Southeast Sulawesi;17/09/2023;Outdoor;Coast/Shoreline
POP MIE;Indofood;;GELAS MI INSTAN;FP;PS;SL;1;Kendari;Southeast Sulawesi;17/09/2023;Outdoor;Coast/Shoreline
AQUA;Danone;;BOTOL MINUMAN;FP;PET;SL;3;Kendari;Southeast Sulawesi;17/09/2023;Outdoor;Coast/Shoreline
AQUA;Danone;;PENUTUP BOTOL MINUMAN;FP;PP;SL;3;Kendari;Southeast Sulawesi;17/09/2023;Outdoor;Coast/Shoreline
UNKNOWN;Unbranded;;GELAS MINUMAN;FP;PP;SL;8;Kendari;Southeast Sulawesi;17/09/2023;Outdoor;Coast/Shoreline
MAXI;CV Mitra Inti Jaya;;GELAS MINUMAN;FP;PP;SL;15;Kendari;Southeast Sulawesi;17/09/2023;Outdoor;Coast/Shoreline
CLEO;Tanobel Food;;BOTOL MINUMAN;FP;PET;SL;11;Kendari;Southeast Sulawesi;17/09/2023;Outdoor;Coast/Shoreline
CLEO;Tanobel Food;;PENUTUP BOTOL MINUMAN;FP;PP;SL;11;Kendari;Southeast Sulawesi;17/09/2023;Outdoor;Coast/Shoreline
FRISIAN FLAG;FrieslandCampina;;BOTOL MINUMAN;FP;PP;SL;1;Kendari;Southeast Sulawesi;17/09/2023;Outdoor;Coast/Shoreline
SO KLIN;Wings;;KEMASAN PENGHARUM PAKAIAN;HP;HDPE;SL;2;Kendari;Southeast Sulawesi;17/09/2023;Outdoor;Coast/Shoreline
CIMORY;Mountain Dairy;;MINUMAN KEMASAN;FP;PS;ML;2;Kendari;Southeast Sulawesi;17/09/2023;Outdoor;Coast/Shoreline
MAXI;CV Mitra Inti Jaya;;MINUMAN KEMASAN;FP;PP;SL;15;Kendari;Southeast Sulawesi;17/09/2023;Outdoor;Coast/Shoreline
ARUJI;CV Mitra Inti Jaya;;MINUMAN KEMASAN;FP;PP;SL;5;Kendari;Southeast Sulawesi;17/09/2023;Outdoor;Coast/Shoreline
AGRO;;AGRO GROUP;MINUMAN KEMASAN;FP;PP;SL;1;Kendari;Southeast Sulawesi;17/09/2023;Outdoor;Coast/Shoreline
CLEO;Tanobel Food;;MINUMAN KEMASAN;FP;PP;SL;1;Kendari;Southeast Sulawesi;17/09/2023;Outdoor;Coast/Shoreline
UNKNOWN;Unbranded;;MINUMAN KEMASAN;FP;PP;SL;4;Kendari;Southeast Sulawesi;17/09/2023;Outdoor;Coast/Shoreline
CJL;;UNKNOWN;MINUMAN KEMASAN;FP;PP;SL;1;Kendari;Southeast Sulawesi;17/09/2023;Outdoor;Coast/Shoreline
ALE-ALE;Wings;;MINUMAN KEMASAN;FP;PP;SL;1;Kendari;Southeast Sulawesi;17/09/2023;Outdoor;Coast/Shoreline
ADES;The Coca-Cola Company;;BOTOL AIR MINERAL;FP;PET;SL;1;Kendari;Southeast Sulawesi;17/09/2023;Outdoor;Coast/Shoreline
LE MINERALE;Mayora Indah;;TUTUP BOTOL MINUMAN;FP;HDPE;SL;1;Kendari;Southeast Sulawesi;17/09/2023;Outdoor;Coast/Shoreline
LE MINERALE;Mayora Indah;;BOTOL MINUMAN;FP;PET;SL;1;Kendari;Southeast Sulawesi;17/09/2023;Outdoor;Coast/Shoreline
ARTLINE;;SHACIHATA;WADAH TIPE-X;HP;HDPE;ML;1;Kendari;Southeast Sulawesi;17/09/2023;Outdoor;Coast/Shoreline
MAXI;CV Mitra Inti Jaya;;KEMASAN MINUMAN;FP;PP;SL;61;Kendari;Southeast Sulawesi;17/09/2023;Outdoor;Coast/Shoreline
POP MIE;Indofood;;KEMASAN MAKANAN;FP;PS;SL;48;Kendari;Southeast Sulawesi;17/09/2023;Outdoor;Coast/Shoreline
TEH PUCUK HARUM;Mayora Indah;;KEMASAN MINUMAN;FP;PET;SL;17;Kendari;Southeast Sulawesi;17/09/2023;Outdoor;Coast/Shoreline
LE MINERALE;Mayora Indah;;BOTOL AIR MINUM;FP;PET;SL;11;Kendari;Southeast Sulawesi;17/09/2023;Outdoor;Coast/Shoreline
CRYSTALLINE;Orang Tua;;GELAS AIR MINERAL;FP;PP;SL;41;Kendari;Southeast Sulawesi;17/09/2023;Outdoor;Coast/Shoreline
COCA COLA;The Coca-Cola Company;;TUTUP BOTOL MINUMAN;FP;PP;SL;1;Kendari;Southeast Sulawesi;17/09/2023;Outdoor;Coast/Shoreline
COCA COLA;The Coca-Cola Company;;BOTOL KEMASAN;FP;PET;SL;1;Kendari;Southeast Sulawesi;17/09/2023;Outdoor;Coast/Shoreline
LE MINERALE;Mayora Indah;;KEMASAN MINUMAN;FP;PET;SL;1;Kendari;Southeast Sulawesi;17/09/2023;Outdoor;Coast/Shoreline
LE MINERALE;Mayora Indah;;BOTOL MINUMAN;FP;PET;SL;1;Kendari;Southeast Sulawesi;17/09/2023;Outdoor;Coast/Shoreline
LE MINERALE;Mayora Indah;;PENUTUP BOTOL MINUMAN;FP;PET;SL;1;Kendari;Southeast Sulawesi;17/09/2023;Outdoor;Coast/Shoreline
CLEO;Tanobel Food;;KEMASAN MINUMAN;FP;PET;SL;8;Kendari;Southeast Sulawesi;17/09/2023;Outdoor;Coast/Shoreline
CLEO;Tanobel Food;;BOTOL MINUMAN;FP;PET;SL;14;Kendari;Southeast Sulawesi;17/09/2023;Outdoor;Coast/Shoreline
CLEO;Tanobel Food;;PENUTUP BOTOL MINUMAN;FP;PP;SL;3;Kendari;Southeast Sulawesi;17/09/2023;Outdoor;Coast/Shoreline
MAXI;CV Mitra Inti Jaya;;GELAS MINUMAN;FP;PP;SL;1;Kendari;Southeast Sulawesi;17/09/2023;Outdoor;Coast/Shoreline
CRYSTALLINE;Orang Tua;;KEMASAN AIR MINERAL;FP;PP;SL;18;Kendari;Southeast Sulawesi;17/09/2023;Outdoor;Coast/Shoreline
TEH GELAS;Orang Tua;;KEMASAN MINUMAN;FP;PP;SL;4;Kendari;Southeast Sulawesi;17/09/2023;Outdoor;Coast/Shoreline
ALE-ALE;Wings;;KEMASAN MINUMAN;FP;PET;SL;1;Kendari;Southeast Sulawesi;17/09/2023;Outdoor;Coast/Shoreline
ETERNAL PLUS;;PT WATERU NATURAL ALKALINDO;KEMASAN MINUMAN;FP;PET;SL;1;Kendari;Southeast Sulawesi;17/09/2023;Outdoor;Coast/Shoreline
ETERNAL PLUS;;PT WATERU NATURAL ALKALINDO;TUTUP BOTOL PLASTIK;FP;PP;SL;1;Kendari;Southeast Sulawesi;17/09/2023;Outdoor;Coast/Shoreline
ARUJI;CV Mitra Inti Jaya;;KEMASAN AIR MINERAL;FP;PP;SL;3;Kendari;Southeast Sulawesi;17/09/2023;Outdoor;Coast/Shoreline
CLEO;Tanobel Food;;KEMASAN BOTOL AIR MINERAL;FP;PET;SL;17;Kendari;Southeast Sulawesi;17/09/2023;Outdoor;Coast/Shoreline
COCA COLA;The Coca-Cola Company;;KEMASAN BOTOL AIR MINERAL;FP;PET;SL;1;Kendari;Southeast Sulawesi;17/09/2023;Outdoor;Coast/Shoreline
COCA COLA;The Coca-Cola Company;;TUTUP BOTOL PLASTIK;FP;HDPE;SL;1;Kendari;Southeast Sulawesi;17/09/2023;Outdoor;Coast/Shoreline
AQUA;Danone;;BOTOL AIR MINERAL;FP;PET;SL;1;Kendari;Southeast Sulawesi;17/09/2023;Outdoor;Coast/Shoreline
UNKNOWN;Unbranded;;GELAS MINUMAN;FP;PP;SL;1;Kendari;Southeast Sulawesi;17/09/2023;Outdoor;Coast/Shoreline
CRYSTALLINE;Orang Tua;;GELAS MINUMAN;FP;PP;SL;8;Kendari;Southeast Sulawesi;17/09/2023;Outdoor;Coast/Shoreline
ACTIV;Wiesgart;;BOTOL MINUMAN;FP;PET;SL;1;Kendari;Southeast Sulawesi;17/09/2023;Outdoor;Coast/Shoreline
CLEO;Tanobel Food;;GELAS MINUMAN;FP;PET;SL;2;Kendari;Southeast Sulawesi;17/09/2023;Outdoor;Coast/Shoreline
MAXI;CV Mitra Inti Jaya;;GELAS MINUMAN;FP;PP;SL;23;Kendari;Southeast Sulawesi;17/09/2023;Outdoor;Coast/Shoreline
ARUJI;CV Mitra Inti Jaya;;GELAS MINUMAN;FP;PP;SL;2;Kendari;Southeast Sulawesi;17/09/2023;Outdoor;Coast/Shoreline
TEH GELAS;Orang Tua;;GELAS MINUMAN;FP;PP;SL;2;Kendari;Southeast Sulawesi;17/09/2023;Outdoor;Coast/Shoreline
GOOD DAY;Britania Industries Ltd.;PT SANTOS JAYA ABADI;BOTOL MINUMAN;FP;PET;SL;2;Kendari;Southeast Sulawesi;17/09/2023;Outdoor;Coast/Shoreline
UNKNOWN;Unbranded;;TUTUP BOTOL;FP;PP;SL;1;Kendari;Southeast Sulawesi;17/09/2023;Outdoor;Coast/Shoreline
CJL;;UNKNOWN;GELAS MINUMAN;FP;PP;SL;1;Kendari;Southeast Sulawesi;17/09/2023;Outdoor;Coast/Shoreline
MAXI;CV Mitra Inti Jaya;;GELAS AIR MINUM;FP;PP;SL;56;Kendari;Southeast Sulawesi;17/09/2023;Outdoor;Coast/Shoreline
MAXI;CV Mitra Inti Jaya;;LABEL GELAS AIR MINUM;FP;LDPE;SL;56;Kendari;Southeast Sulawesi;17/09/2023;Outdoor;Coast/Shoreline
LT;Tirta Logam Tunggal;;GELAS AIR MINUM;FP;PP;SL;23;Kendari;Southeast Sulawesi;17/09/2023;Outdoor;Coast/Shoreline
LT;Tirta Logam Tunggal;;LABEL GELAS AIR MINUM;FP;LDPE;SL;23;Kendari;Southeast Sulawesi;17/09/2023;Outdoor;Coast/Shoreline
CLEO;Tanobel Food;;GELAS AIR MINUM;FP;PP;SL;5;Kendari;Southeast Sulawesi;17/09/2023;Outdoor;Coast/Shoreline
CLEO;Tanobel Food;;LABEL GELAS AIR MINUM;FP;LDPE;SL;5;Kendari;Southeast Sulawesi;17/09/2023;Outdoor;Coast/Shoreline
ALE-ALE;Wings;;GELAS AIR MINUM;FP;PP;SL;1;Kendari;Southeast Sulawesi;17/09/2023;Outdoor;Coast/Shoreline
ALE-ALE;Wings;;LABEL GELAS AIR MINUM;FP;LDPE;SL;1;Kendari;Southeast Sulawesi;17/09/2023;Outdoor;Coast/Shoreline
UNKNOWN;Unbranded;;GELAS AIR MINUM;FP;PP;SL;20;Kendari;Southeast Sulawesi;17/09/2023;Outdoor;Coast/Shoreline
CJL;;UNKNOWN;GELAS AIR MINUM;FP;PP;SL;3;Kendari;Southeast Sulawesi;17/09/2023;Outdoor;Coast/Shoreline
CJL;;UNKNOWN;LABEL GELAS AIR MINUM;FP;LDPE;SL;3;Kendari;Southeast Sulawesi;17/09/2023;Outdoor;Coast/Shoreline
POP MIE;Indofood;;CUP MI INSTAN;FP;PS;SL;1;Kendari;Southeast Sulawesi;17/09/2023;Outdoor;Coast/Shoreline
MAXI;CV Mitra Inti Jaya;;GELAS KEMASAN;FP;PET;SL;6;Kendari;Southeast Sulawesi;17/09/2023;Outdoor;Coast/Shoreline
LE MINERALE;Mayora Indah;;BOTOL AIR MINUM;FP;PET;SL;1;Kendari;Southeast Sulawesi;17/09/2023;Outdoor;Coast/Shoreline
GOLDA;Wings;;BOTOL MINUMAN;FP;PET;SL;1;Kendari;Southeast Sulawesi;17/09/2023;Outdoor;Coast/Shoreline
UNKNOWN;Unbranded;;TUTUP BOTOL MINUMAN;FP;PP;SL;1;Kendari;Southeast Sulawesi;17/09/2023;Outdoor;Coast/Shoreline
UNKNOWN;Unbranded;;CUP MINUMAN;FP;PP;SL;1;Kendari;Southeast Sulawesi;17/09/2023;Outdoor;Coast/Shoreline
UNKNOWN;Unbranded;;GELAS KEMASAN;FP;PP;SL;1;Kendari;Southeast Sulawesi;17/09/2023;Outdoor;Coast/Shoreline
CLEO;Tanobel Food;;AIR MINERAL;FP;PET;SL;8;Kendari;Southeast Sulawesi;17/09/2023;Outdoor;Coast/Shoreline
UNKNOWN;Unbranded;;TUTUP BOTOL;FP;PP;SL;3;Kendari;Southeast Sulawesi;17/09/2023;Outdoor;Coast/Shoreline
UNKNOWN;Unbranded;;KEMASAN POP ICE, ES BUAH;FP;PET;SL;3;Kendari;Southeast Sulawesi;17/09/2023;Outdoor;Coast/Shoreline
CLEO;Tanobel Food;;LABEL AIR MINERAL;PM;PET;SL;3;Kendari;Southeast Sulawesi;17/09/2023;Outdoor;Coast/Shoreline
MAXI;CV Mitra Inti Jaya;;KEMASAN MINUMAN;FP;PP;SL;7;Kendari;Southeast Sulawesi;17/09/2023;Outdoor;Coast/Shoreline
FRISIAN FLAG;FrieslandCampina;;KEMASAN SUSU;FP;PET;ML;1;Kendari;Southeast Sulawesi;17/09/2023;Outdoor;Coast/Shoreline
TEH PUCUK HARUM;Mayora Indah;;KEMASAN MINUMAN;FP;PET;SL;20;Kendari;Southeast Sulawesi;17/09/2023;Outdoor;Coast/Shoreline
ENERGEN;Mayora Indah;;KEMASAN MINUMAN;FP;PET;ML;7;Kendari;Southeast Sulawesi;17/09/2023;Outdoor;Coast/Shoreline
KAPAL API;Santos Jaya Abadi;;KEMASAN MINUMAN;FP;PET;ML;7;Kendari;Southeast Sulawesi;17/09/2023;Outdoor;Coast/Shoreline
ICHITAN;Ichitan Group;;TUTUP BOTOL;FP;HDPE;SL;1;Kendari;Southeast Sulawesi;17/09/2023;Outdoor;Coast/Shoreline
MAXI;CV Mitra Inti Jaya;;KEMASAN MINUMAN;FP;PP;SL;38;Kendari;Southeast Sulawesi;17/09/2023;Outdoor;Coast/Shoreline
TOP COFFEE;Harum;WINGS FOOD;KEMASAN KOPI;FP;PET;ML;18;Kendari;Southeast Sulawesi;17/09/2023;Outdoor;Coast/Shoreline
LE MINERALE;Mayora Indah;;BOTOL MINUMAN;FP;PET;SL;37;Kendari;Southeast Sulawesi;17/09/2023;Outdoor;Coast/Shoreline
LE MINERALE;Mayora Indah;;TUTUP BOTOL;FP;HDPE;SL;37;Kendari;Southeast Sulawesi;17/09/2023;Outdoor;Coast/Shoreline
LUWAK;Java Prima Abadi;;KEMASAN MINUMAN;FP;LDPE;SL;62;Kendari;Southeast Sulawesi;17/09/2023;Outdoor;Coast/Shoreline
TOP COFFEE;Harum;WINGS FOOD;KEMASAN MINUMAN;FP;LDPE;SL;75;Kendari;Southeast Sulawesi;17/09/2023;Outdoor;Coast/Shoreline
GOOD DAY;Britania Industries Ltd.;PT SANTOS JAYA ABADI;KEMASAN MINUMAN;FP;LDPE;SL;80;Kendari;Southeast Sulawesi;17/09/2023;Outdoor;Coast/Shoreline
KAPAL API;Santos Jaya Abadi;;KEMASAN MINUMAN;FP;LDPE;SL;34;Kendari;Southeast Sulawesi;17/09/2023;Outdoor;Coast/Shoreline
ABC;Santos Jaya Abadi;;KEMASAN MINUMAN;FP;LDPE;SL;49;Kendari;Southeast Sulawesi;17/09/2023;Outdoor;Coast/Shoreline
ARABICA;;UNKNOWN;KEMASAN MINUMAN;FP;LDPE;SL;5;Kendari;Southeast Sulawesi;17/09/2023;Outdoor;Coast/Shoreline
CAFE21;;TASTY SINGAPORE;KEMASAN MINUMAN;FP;LDPE;SL;22;Kendari;Southeast Sulawesi;17/09/2023;Outdoor;Coast/Shoreline
BENG BENG;Mayora Inda;;KEMASAN MINUMAN;FP;LDPE;SL;38;Kendari;Southeast Sulawesi;17/09/2023;Outdoor;Coast/Shoreline
TOP COFFEE;Harum;WINGS FOOD;KEMASAN MINUMAN;FP;LDPE;SL;76;Kendari;Southeast Sulawesi;17/09/2023;Outdoor;Coast/Shoreline
TORABIKA;Mayora Indah;;KEMASAN MINUMAN;FP;LDPE;SL;1;Kendari;Southeast Sulawesi;17/09/2023;Outdoor;Coast/Shoreline
KAPAL API;Santos Jaya Abadi;;KEMASAN MINUMAN;FP;PET;ML;6;Kendari;Southeast Sulawesi;17/09/2023;Outdoor;Coast/Shoreline
ENERGEN;Mayora Indah;;KEMASAN MINUMAN;FP;PET;ML;8;Kendari;Southeast Sulawesi;17/09/2023;Outdoor;Coast/Shoreline
JIGGO;;UNKNOWN;KEMASAN MINUMAN;FP;PET;ML;1;Kendari;Southeast Sulawesi;17/09/2023;Outdoor;Coast/Shoreline
MAXI;CV Mitra Inti Jaya;;KEMASAN MINUMAN;FP;PET;SL;10;Kendari;Southeast Sulawesi;17/09/2023;Outdoor;Coast/Shoreline
FRENCH FRIES 2000;Siantar Top;;KENTANG GORENG;FP;LDPE;SL;1;Kendari;Southeast Sulawesi;17/09/2023;Outdoor;Coast/Shoreline
LT;Tirta Logam Tunggal;;AIR MINERAL;FP;PET;SL;5;Kendari;Southeast Sulawesi;17/09/2023;Outdoor;Coast/Shoreline
TEH PUCUK HARUM;Mayora Indah;;AIR TEH;FP;PET;SL;5;Kendari;Southeast Sulawesi;17/09/2023;Outdoor;Coast/Shoreline
VIT;Tirta Investama;;AIR MINERAL;FP;PET;SL;5;Kendari;Southeast Sulawesi;17/09/2023;Outdoor;Coast/Shoreline
LE MINERALE;Mayora Indah;;AIR MINERAL;FP;PET;SL;4;Kendari;Southeast Sulawesi;17/09/2023;Outdoor;Coast/Shoreline
MAXI;CV Mitra Inti Jaya;;AIR MINERAL;FP;PET;SL;15;Kendari;Southeast Sulawesi;17/09/2023;Outdoor;Coast/Shoreline
ESSE;Korea Tomorrow & Global Corporation;;ROKOK;SM;O;ML;1;Kendari;Southeast Sulawesi;17/09/2023;Outdoor;Coast/Shoreline
AQUA;Danone;;AIR MINERAL;FP;PET;SL;3;Kendari;Southeast Sulawesi;17/09/2023;Outdoor;Coast/Shoreline
NONGKRONG;;WINGS FOOD;KOPI;FP;PET;SL;1;Kendari;Southeast Sulawesi;17/09/2023;Outdoor;Coast/Shoreline
GOLDA;Wings;;KOPI;FP;PET;SL;1;Kendari;Southeast Sulawesi;17/09/2023;Outdoor;Coast/Shoreline
FANTA;The Coca-Cola Company;;MINUMAN SODA;FP;PET;SL;1;Kendari;Southeast Sulawesi;17/09/2023;Outdoor;Coast/Shoreline
POP MIE;Indofood;;MI INSTAN;FP;PS;SL;1;Kendari;Southeast Sulawesi;17/09/2023;Outdoor;Coast/Shoreline
LE MINERALE;Mayora Indah;;KEMASAN MINUMAN;FP;HDPE;SL;38;Kendari;Southeast Sulawesi;17/09/2023;Outdoor;Coast/Shoreline
TEH PUCUK HARUM;Mayora Indah;;KEMASAN MINUMAN;FP;PET;SL;4;Kendari;Southeast Sulawesi;17/09/2023;Outdoor;Coast/Shoreline
ORANGE WATER;Djojonegoro C-1000;;KEMASAN MINUMAN;FP;PET;SL;2;Kendari;Southeast Sulawesi;17/09/2023;Outdoor;Coast/Shoreline
TICTAC;Dua Kelinci;;KEMASAN MAKANAN;FP;LDPE;SL;17;Kendari;Southeast Sulawesi;17/09/2023;Outdoor;Coast/Shoreline
KUSUKA;CV Arira Pangindo;;KEMASAN MAKANAN;FP;LDPE;SL;4;Kendari;Southeast Sulawesi;17/09/2023;Outdoor;Coast/Shoreline
INDOMIE;Indofood;;KEMASAN MAKANAN;FP;PP;SL;2;Kendari;Southeast Sulawesi;17/09/2023;Outdoor;Coast/Shoreline
TANGO;Tango;;KEMASAN MAKANAN;FP;LDPE;SL;18;Kendari;Southeast Sulawesi;17/09/2023;Outdoor;Coast/Shoreline
MASAKO;Ajinomoto;;KEMASAN MAKANAN;FP;LDPE;SL;22;Kendari;Southeast Sulawesi;17/09/2023;Outdoor;Coast/Shoreline
ULTRA MILK;Ultrajaya;;KEMASAN MINUMAN;FP;HDPE;ML;8;Kendari;Southeast Sulawesi;17/09/2023;Outdoor;Coast/Shoreline
BON CABE;Kobe;;KEMASAN MAKANAN;FP;HDPE;SL;3;Kendari;Southeast Sulawesi;17/09/2023;Outdoor;Coast/Shoreline
CHIKI;Indofood;;MAKANAN RINGAN;FP;LDPE;SL;12;Kendari;Southeast Sulawesi;17/09/2023;Outdoor;Coast/Shoreline
LT;Tirta Logam Tunggal;;AIR PUTIH BOTOL;FP;PET;SL;23;Kendari;Southeast Sulawesi;17/09/2023;Outdoor;Coast/Shoreline
MAXI;CV Mitra Inti Jaya;;AIR PUTIH KEMASAN;FP;PET;SL;24;Kendari;Southeast Sulawesi;17/09/2023;Outdoor;Coast/Shoreline
NATION BOLD;;PT PID ONGKOWIDJOJO;ROKOK;SM;O;ML;1;Kendari;Southeast Sulawesi;17/09/2023;Outdoor;Coast/Shoreline
ICHITAN;Ichitan Group;;MINUMAN TEH SUSU;FP;PET;SL;1;Kendari;Southeast Sulawesi;17/09/2023;Outdoor;Coast/Shoreline
SARI ROTI;Nippon Indosari Corpindo;;ROTI;FP;PP;SL;7;Kendari;Southeast Sulawesi;17/09/2023;Outdoor;Coast/Shoreline
TEH BOTOL;Sinar Sosro;;MINUMAN TEH;FP;O;ML;11;Kendari;Southeast Sulawesi;17/09/2023;Outdoor;Coast/Shoreline
GARUDA;Tudung Group;;KACANG KULIT;FP;O;SL;1;Kendari;Southeast Sulawesi;17/09/2023;Outdoor;Coast/Shoreline
TEH PUCUK HARUM;Mayora Indah;;MINUMAN TEH;FP;PET;SL;13;Kendari;Southeast Sulawesi;17/09/2023;Outdoor;Coast/Shoreline
TEH PUCUK HARUM;Mayora Indah;;TUTUP BOTOL MINUMAN TEH;FP;PP;SL;12;Kendari;Southeast Sulawesi;17/09/2023;Outdoor;Coast/Shoreline
GERRY;GarudaFood;;BISKUIT;FP;O;SL;17;Kendari;Southeast Sulawesi;17/09/2023;Outdoor;Coast/Shoreline
NABATI;Nabati Group.;;WAFER;FP;O;SL;12;Kendari;Southeast Sulawesi;17/09/2023;Outdoor;Coast/Shoreline
COCA COLA;The Coca-Cola Company;;MINUMAN BERSODA;FP;O;SL;11;Kendari;Southeast Sulawesi;17/09/2023;Outdoor;Coast/Shoreline
NESCAFE;Nestle;;MINUMAN KOPI;FP;O;SL;1;Kendari;Southeast Sulawesi;17/09/2023;Outdoor;Coast/Shoreline
COCA COLA;The Coca-Cola Company;;MINUMAN BERSODA;FP;PET;SL;2;Kendari;Southeast Sulawesi;17/09/2023;Outdoor;Coast/Shoreline
MIZONE;Danone;;MINUMAN ISOTONIK;FP;PET;SL;3;Kendari;Southeast Sulawesi;17/09/2023;Outdoor;Coast/Shoreline
CLUB;Indofood;;AIR MINERAL;FP;PET;SL;1;Kendari;Southeast Sulawesi;17/09/2023;Outdoor;Coast/Shoreline
TEBS;Sinar Sosro;;MINUMAN TEH BERKARBONASI;FP;PET;SL;1;Kendari;Southeast Sulawesi;17/09/2023;Outdoor;Coast/Shoreline
GOOD DAY;Britania Industries Ltd.;PT SANTOS JAYA ABADI;MINUMAN KOPI;FP;PET;SL;2;Kendari;Southeast Sulawesi;17/09/2023;Outdoor;Coast/Shoreline
NU MILK TEA;;PT ABC PRESIDENT INDONESIA;MINUMAN TEH SUSU;FP;PET;SL;1;Kendari;Southeast Sulawesi;17/09/2023;Outdoor;Coast/Shoreline
FRUIT TEA;Sinar Sosro;;MINUMAN TEH BUAH;FP;PET;SL;2;Kendari;Southeast Sulawesi;17/09/2023;Outdoor;Coast/Shoreline
TEH PUCUK HARUM;Mayora Indah;;MINUMAN TEH;FP;PET;SL;2;Kendari;Southeast Sulawesi;17/09/2023;Outdoor;Coast/Shoreline
ICHITAN;Ichitan Group;;MINUMAN SUSU;FP;PET;SL;2;Kendari;Southeast Sulawesi;17/09/2023;Outdoor;Coast/Shoreline
ICHITAN;Ichitan Group;;TUTUP BOTOL;FP;PP;SL;2;Kendari;Southeast Sulawesi;17/09/2023;Outdoor;Coast/Shoreline
TEH GELAS;Orang Tua;;KEMASAN MINUMAN;FP;PET;SL;10;Kendari;Southeast Sulawesi;17/09/2023;Outdoor;Coast/Shoreline
CRYSTALLINE;Orang Tua;;KEMASAN AIR MINERAL;FP;PET;SL;30;Kendari;Southeast Sulawesi;17/09/2023;Outdoor;Coast/Shoreline
UNKNOWN;Unbranded;;KEMASAN MAKANAN;FP;PS;SL;1;Kendari;Southeast Sulawesi;17/09/2023;Outdoor;Coast/Shoreline
CLEO;Tanobel Food;;KEMASAN AIR MINERAL;FP;PET;SL;5;Kendari;Southeast Sulawesi;17/09/2023;Outdoor;Coast/Shoreline
TEH PUCUK HARUM;Mayora Indah;;BOTOL MINUMAN;FP;PET;SL;1;Kendari;Southeast Sulawesi;17/09/2023;Outdoor;Coast/Shoreline
LT;Tirta Logam Tunggal;;GELAS AIR MINERAL;FP;PET;SL;15;Kendari;Southeast Sulawesi;17/09/2023;Outdoor;Coast/Shoreline
MAXI;CV Mitra Inti Jaya;;GELAS AIR MINERAL;FP;PET;SL;30;Kendari;Southeast Sulawesi;17/09/2023;Outdoor;Coast/Shoreline
MOUNTEA;Tudung Group;;KEMASAN TEH GELAS;FP;PET;SL;5;Kendari;Southeast Sulawesi;17/09/2023;Outdoor;Coast/Shoreline
UNKNOWN;Unbranded;;KEMASAN ES;FP;PET;SL;25;Kendari;Southeast Sulawesi;17/09/2023;Outdoor;Coast/Shoreline
GARNIER;L'Oreal;;TEMPAT MICELLAR WATER;PC;O;ML;1;Kendari;Southeast Sulawesi;17/09/2023;Outdoor;Coast/Shoreline
LT;Tirta Logam Tunggal;;GELAS AIR MINERAL;FP;PET;SL;5;Kendari;Southeast Sulawesi;17/09/2023;Outdoor;Coast/Shoreline
POP MIE;Indofood;;KEMASAN MAKANAN;FP;PS;SL;5;Kendari;Southeast Sulawesi;17/09/2023;Outdoor;Coast/Shoreline
LE MINERALE;Mayora Indah;;KEMASAN MINUMAN;FP;HDPE;SL;34;Kendari;Southeast Sulawesi;17/09/2023;Outdoor;Coast/Shoreline
TEH PUCUK HARUM;Mayora Indah;;KEMASAN MINUMAN;FP;PET;SL;13;Kendari;Southeast Sulawesi;17/09/2023;Outdoor;Coast/Shoreline
ORANGE WATER;Djojonegoro C-1000;;KEMASAN MINUMAN;FP;PET;SL;1;Kendari;Southeast Sulawesi;17/09/2023;Outdoor;Coast/Shoreline
TICTAC;Dua Kelinci;;KEMASAN MAKANAN;FP;LDPE;SL;19;Kendari;Southeast Sulawesi;17/09/2023;Outdoor;Coast/Shoreline
KUSUKA;CV Arira Pangindo;;KEMASAN MAKANAN;FP;LDPE;SL;1;Kendari;Southeast Sulawesi;17/09/2023;Outdoor;Coast/Shoreline
INDOMIE;Indofood;;KEMASAN MAKANAN;FP;PP;SL;1;Kendari;Southeast Sulawesi;17/09/2023;Outdoor;Coast/Shoreline
TANGO;Tango;;KEMASAN MAKANAN;FP;LDPE;SL;1;Kendari;Southeast Sulawesi;17/09/2023;Outdoor;Coast/Shoreline
ULTRA MILK;Ultrajaya;;MINUMAN SUSU;FP;LDPE;SL;1;Kendari;Southeast Sulawesi;17/09/2023;Outdoor;Coast/Shoreline
BON CABE;Kobe;;KEMASAN MAKANAN;FP;HDPE;ML;1;Kendari;Southeast Sulawesi;17/09/2023;Outdoor;Coast/Shoreline
MAKKARAJA;;UNKNOWN;KEMASAN MINUMAN;FP;PET;SL;1;Kendari;Southeast Sulawesi;17/09/2023;Outdoor;Coast/Shoreline
TOP COFFEE;Harum;WINGS FOOD;MINUMAN KOPI KEMASAN;FP;LDPE;SL;33;Kendari;Southeast Sulawesi;17/09/2023;Outdoor;Coast/Shoreline
LASEGAR;Sinde;;MINUMAN BERSODA;FP;PET;SL;1;Kendari;Southeast Sulawesi;17/09/2023;Outdoor;Coast/Shoreline
UNKNOWN;Unbranded;;food packaging;FP;LDPE;SL;2;Denpasar;Bali;24/09/2023;Outdoor;Coast/Shoreline
AQUA;Danone;;BOTTLE;FP;PET;SL;3;Denpasar;Bali;24/09/2023;Outdoor;Coast/Shoreline
POCARI SWEAT;Otsuka;;BOTTLE;FP;PET;SL;2;Denpasar;Bali;24/09/2023;Outdoor;Coast/Shoreline
PURE LIFE;Nestle;;BOTTLE;FP;PET;SL;1;Denpasar;Bali;24/09/2023;Outdoor;Coast/Shoreline
MILKU;Wings;;BOTTLE;FP;PET;SL;1;Denpasar;Bali;24/09/2023;Outdoor;Coast/Shoreline
AQUA;Danone;;BOTTLE;FP;PP;SL;1;Denpasar;Bali;24/09/2023;Outdoor;Coast/Shoreline
KOPIKAP;PT Tirta Fresindo jaya;;BOTTLE;FP;PP;SL;1;Denpasar;Bali;24/09/2023;Outdoor;Coast/Shoreline
AQUA;Danone;;BOTTLE CAP;FP;PP;SL;3;Denpasar;Bali;24/09/2023;Outdoor;Coast/Shoreline
PURE LIFE;Nestle;;BOTTLE CAP;FP;PP;SL;1;Denpasar;Bali;24/09/2023;Outdoor;Coast/Shoreline
POCARI SWEAT;Otsuka;;BOTTLE CAP;FP;PP;SL;2;Denpasar;Bali;24/09/2023;Outdoor;Coast/Shoreline
MILKU;Wings;;BOTTLE CAP;FP;PP;SL;1;Denpasar;Bali;24/09/2023;Outdoor;Coast/Shoreline
AQUA;Danone;;LABEL MERK;FP;PET;SL;3;Denpasar;Bali;24/09/2023;Outdoor;Coast/Shoreline
POCARI SWEAT;Otsuka;;LABEL MERK;FP;PET;SL;2;Denpasar;Bali;24/09/2023;Outdoor;Coast/Shoreline
PURE LIFE;Nestle;;LABEL MERK;FP;PET;SL;1;Denpasar;Bali;24/09/2023;Outdoor;Coast/Shoreline
MILKU;Wings;;LABEL MERK;FP;PET;SL;2;Denpasar;Bali;24/09/2023;Outdoor;Coast/Shoreline
AQUA;Danone;;LABEL MERK;FP;PET;SL;1;Denpasar;Bali;24/09/2023;Outdoor;Coast/Shoreline
TESSA;;UNKNOWN;LABEL MERK;FP;PET;SL;1;Denpasar;Bali;24/09/2023;Outdoor;Coast/Shoreline
UNKNOWN;Unbranded;;CUP;FP;PET;SL;279;Denpasar;Bali;24/09/2023;Outdoor;Coast/Shoreline
TEH GELAS;Orang Tua;;CUP;FP;PP;SL;41;Denpasar;Bali;24/09/2023;Outdoor;Coast/Shoreline
ALE-ALE;Wings;;CUP;FP;PP;SL;14;Denpasar;Bali;24/09/2023;Outdoor;Coast/Shoreline
TEH RIO;Wings;;CUP;FP;PS;SL;1;Denpasar;Bali;24/09/2023;Outdoor;Coast/Shoreline
FONT AQUA;;UNKNOWN;CUP;FP;PP;SL;8;Denpasar;Bali;24/09/2023;Outdoor;Coast/Shoreline
TIRO;;UNKNOWN;CUP;FP;PP;SL;2;Denpasar;Bali;24/09/2023;Outdoor;Coast/Shoreline
AQUA;Danone;;CUP;FP;PP;SL;133;Denpasar;Bali;24/09/2023;Outdoor;Coast/Shoreline
215;;UNKNOWN;CUP;FP;PP;SL;1;Denpasar;Bali;24/09/2023;Outdoor;Coast/Shoreline
LAVIS;;UNKNOWN;CUP;FP;PP;SL;3;Denpasar;Bali;24/09/2023;Outdoor;Coast/Shoreline
ANZI;CV. Anzi;;CUP;FP;PP;SL;1;Denpasar;Bali;24/09/2023;Outdoor;Coast/Shoreline
POLI;;UNKNOWN;CUP;FP;PP;SL;1;Denpasar;Bali;24/09/2023;Outdoor;Coast/Shoreline
FAIR & LOVELY;Unilever;;BOTTLE;PC;O;SL;1;Denpasar;Bali;24/09/2023;Outdoor;Coast/Shoreline
RJA;;UNKNOWN;CUP;FP;PET;SL;1;Denpasar;Bali;24/09/2023;Outdoor;Coast/Shoreline
PAPER CUP;Unbranded;;PAPER CUP;FP;O;SL;1;Denpasar;Bali;24/09/2023;Outdoor;Coast/Shoreline
YAKULT;Yakult;;BOTTLE CUP;FP;PET;SL;13;Denpasar;Bali;24/09/2023;Outdoor;Coast/Shoreline
MOUNTEA;Tudung Group;;CUP;FP;PP;SL;4;Denpasar;Bali;24/09/2023;Outdoor;Coast/Shoreline
ROSE BRAND;CV Bumi Waras;;COOKINH OIL CUP;FP;PP;SL;2;Denpasar;Bali;24/09/2023;Outdoor;Coast/Shoreline
SEDOTAN;;UNKNOWN;;FP;O;SL;199;Denpasar;Bali;24/09/2023;Outdoor;Coast/Shoreline
CLEO;Tanobel Food;;BOTTLE;FP;PET;SL;25;Denpasar;Bali;24/09/2023;Outdoor;Coast/Shoreline
CLEO;Tanobel Food;;LABEL;FP;PET;SL;23;Denpasar;Bali;24/09/2023;Outdoor;Coast/Shoreline
ECOQUA;Air Gangga Dewata Alami;;CUP;FP;PP;SL;3;Denpasar;Bali;24/09/2023;Outdoor;Coast/Shoreline
CFA;;UNKNOWN;CUP;FP;PP;SL;1;Denpasar;Bali;24/09/2023;Outdoor;Coast/Shoreline
AQUA;Danone;;BOTTLE;FP;PET;SL;18;Denpasar;Bali;24/09/2023;Outdoor;Coast/Shoreline
AQUA;Danone;;LABEL;FP;PET;SL;15;Denpasar;Bali;24/09/2023;Outdoor;Coast/Shoreline
TANPA MERK;;UNKNOWN;BOTTLE;FP;PET;SL;2;Denpasar;Bali;24/09/2023;Outdoor;Coast/Shoreline
GEN KARANG ASEM;;UNKNOWN;CUP;FP;PP;SL;1;Denpasar;Bali;24/09/2023;Outdoor;Coast/Shoreline
JIMBARWANA;CV Gani Langit;;CUP;FP;PP;SL;1;Denpasar;Bali;24/09/2023;Outdoor;Coast/Shoreline
OKKY JELLY DRINK;Tudung Group;;CUP;FP;PET;SL;13;Denpasar;Bali;24/09/2023;Outdoor;Coast/Shoreline
VENNA;;UNKNOWN;CUP;FP;PP;SL;17;Denpasar;Bali;24/09/2023;Outdoor;Coast/Shoreline
KN;;UNKNOWN;CUP;FP;;SL;2;Denpasar;Bali;24/09/2023;Outdoor;Coast/Shoreline
MJR;;UNKNOWN;CUP;FP;PP;SL;2;Denpasar;Bali;24/09/2023;Outdoor;Coast/Shoreline
ARGUS;Argus Rezky Pratama;;CUP;FP;PP;SL;6;Denpasar;Bali;24/09/2023;Outdoor;Coast/Shoreline
ECOQUA;Air Gangga Dewata Alami;;CUP;FP;PP;SL;3;Denpasar;Bali;24/09/2023;Outdoor;Coast/Shoreline
HOLI;;UNKNOWN;CUP;FP;PET;SL;1;Denpasar;Bali;24/09/2023;Outdoor;Coast/Shoreline
ENO;GlaxoSmithKline;;CUP;FP;PET;SL;1;Denpasar;Bali;24/09/2023;Outdoor;Coast/Shoreline
2E5;;UNKNOWN;CUP;FP;PET;SL;1;Denpasar;Bali;24/09/2023;Outdoor;Coast/Shoreline
AGRO;;UNKNOWN;CUP;FP;PET;SL;1;Denpasar;Bali;24/09/2023;Outdoor;Coast/Shoreline
UNKNOWN;Unbranded;;FOOD PACKAGING;FP;PET;SL;1;Denpasar;Bali;24/09/2023;Outdoor;Coast/Shoreline
JIMBARWANA;CV Gani Langit;;CUP;FP;PET;SL;1;Denpasar;Bali;24/09/2023;Outdoor;Coast/Shoreline
LAM-LAM;;UNKNOWN;CUP;FP;PP;SL;1;Denpasar;Bali;24/09/2023;Outdoor;Coast/Shoreline
LE MINERALE;Mayora Indah;;BOTTLE;FP;PET;SL;1;Denpasar;Bali;24/09/2023;Outdoor;Coast/Shoreline
LE MINERALE;Mayora Indah;;LABEL;FP;PET;SL;1;Denpasar;Bali;24/09/2023;Outdoor;Coast/Shoreline
GIOZ;;CV. TIRTA AMERTA;BOTTLE;FP;PET;SL;1;Denpasar;Bali;24/09/2023;Outdoor;Coast/Shoreline
GIOZ;;CV. TIRTA AMERTA;LABEL;FP;PET;SL;1;Denpasar;Bali;24/09/2023;Outdoor;Coast/Shoreline
MILKUAT;Indofood CBP Sukses Makmur Tbk;;BOTTLE;FP;HDPE;SL;4;Denpasar;Bali;24/09/2023;Outdoor;Coast/Shoreline
MILKUAT;Indofood CBP Sukses Makmur Tbk;;LABEL;FP;PET;SL;4;Denpasar;Bali;24/09/2023;Outdoor;Coast/Shoreline
ISO;;PT. JAYA UTAMA SANTIKAH;CUP;FP;PET;SL;1;Denpasar;Bali;24/09/2023;Outdoor;Coast/Shoreline
TEH HIJAU;Gunung Subur Sejahtera;;CUP;FP;PP;SL;3;Denpasar;Bali;24/09/2023;Outdoor;Coast/Shoreline
MINGCOCO BIG;;PT. ROCHA SINERGI PERSADA;CUP;FP;PP;SL;1;Denpasar;Bali;24/09/2023;Outdoor;Coast/Shoreline
WALLS;Unilever;;CUP;FP;PP;SL;1;Denpasar;Bali;24/09/2023;Outdoor;Coast/Shoreline
BAYCLIN;;PT. SYNERGI ANTAR NUSADA;BOTTLE;FP;HDPE;SL;1;Denpasar;Bali;24/09/2023;Outdoor;Coast/Shoreline
CIMORY;Mountain Dairy;;BOTTLE;FP;HDPE;SL;4;Denpasar;Bali;24/09/2023;Outdoor;Coast/Shoreline
CIMORY;Mountain Dairy;;LABEL;FP;PET;SL;4;Denpasar;Bali;24/09/2023;Outdoor;Coast/Shoreline
RED BELL;;PT. VERRA INTER PANGAN;BOTTLE;FP;HDPE;SL;1;Denpasar;Bali;24/09/2023;Outdoor;Coast/Shoreline
VODAMIN;Local Brand;;CUP;FP;PP;SL;1;Denpasar;Bali;24/09/2023;Outdoor;Coast/Shoreline
CHILL GO;;MORINAGA;BOTTLE;FP;HDPE;SL;1;Denpasar;Bali;24/09/2023;Outdoor;Coast/Shoreline
CHILL GO;;MORINAGA;LABEL;FP;PET;SL;1;Denpasar;Bali;24/09/2023;Outdoor;Coast/Shoreline
AURA;Tipco;;CUP;FP;PET;SL;1;Denpasar;Bali;24/09/2023;Outdoor;Coast/Shoreline
POWER F;Wings;;CUP;FP;PP;SL;1;Denpasar;Bali;24/09/2023;Outdoor;Coast/Shoreline
PINO;Morinaga;;CUP;FP;PS;SL;4;Denpasar;Bali;24/09/2023;Outdoor;Coast/Shoreline
YOYIC;YoyiC Dairy;;BOTTLE;FP;PET;SL;1;Denpasar;Bali;24/09/2023;Outdoor;Coast/Shoreline
YOYIC;YoyiC Dairy;;LABEL;FP;PET;SL;1;Denpasar;Bali;24/09/2023;Outdoor;Coast/Shoreline
PADDLE POP;Unilever;;CUP;FP;PP;SL;1;Denpasar;Bali;24/09/2023;Outdoor;Coast/Shoreline
NYAM NYAM;Unbranded;ARNOTS;CUP;FP;PP;SL;1;Denpasar;Bali;24/09/2023;Outdoor;Coast/Shoreline
VITA PUDDING;;ORANG TUA;CUP;FP;PP;SL;1;Denpasar;Bali;24/09/2023;Outdoor;Coast/Shoreline
UNKNOWN;Unbranded;;SPRAY BOTTLE;PC;PET;SL;1;Denpasar;Bali;24/09/2023;Outdoor;Coast/Shoreline
MIXUE;;PT. ZISHENG PACIFIC TRADING ;CUP;FP;PET;SL;1;Denpasar;Bali;24/09/2023;Outdoor;Coast/Shoreline
VIAND;Indofood;;CUP;FP;PP;SL;1;Denpasar;Bali;24/09/2023;Outdoor;Coast/Shoreline
GATSBY;Mandom corp.;;HAIR CREAM;PC;HDPE;SL;1;Denpasar;Bali;24/09/2023;Outdoor;Coast/Shoreline
UNKNOWN;Unbranded;;BOTTLE LOTION;PC;HDPE;SL;2;Denpasar;Bali;24/09/2023;Outdoor;Coast/Shoreline
UNKNOWN;Unbranded;;KETCHUP BOTTLE;FP;PET;SL;1;Denpasar;Bali;24/09/2023;Outdoor;Coast/Shoreline
ELBEE CYPRESS;;UNKNOWN;MEDICINE;PC;PET;SL;1;Denpasar;Bali;24/09/2023;Outdoor;Coast/Shoreline
OUPONT;;UNKNOWN;MEDICINE;PC;HDPE;SL;1;Denpasar;Bali;24/09/2023;Outdoor;Coast/Shoreline
UNKNOWN;Unbranded;;MEDICINE;PC;HDPE;SL;7;Denpasar;Bali;24/09/2023;Outdoor;Coast/Shoreline
UNKNOWN;Unbranded;;MEDICINE;PC;PET;SL;3;Denpasar;Bali;24/09/2023;Outdoor;Coast/Shoreline
PANTENE;Colgate-Palmolive;;BOTTLE CONDISIONER;PC;HDPE;SL;1;Denpasar;Bali;24/09/2023;Outdoor;Coast/Shoreline
EMINA;Paragon;;BOTTLE SUNSCREEN;PC;HDPE;SL;1;Denpasar;Bali;24/09/2023;Outdoor;Coast/Shoreline
CHEERS;Atlantic Biruraya;;CUP;FP;PET;SL;2;Denpasar;Bali;24/09/2023;Outdoor;Coast/Shoreline
PEPSODENT;Unilever;;TOOTHPASTE;PC;HDPE;ML;1;Denpasar;Bali;24/09/2023;Outdoor;Coast/Shoreline
SUNSILK;Unilever;;BOTTLE SHAMPO;PC;HDPE;ML;1;Denpasar;Bali;24/09/2023;Outdoor;Coast/Shoreline
KONICARE;;PT. MURNI AIK SUKSES;MEDICINE;PC;PET;SL;1;Denpasar;Bali;24/09/2023;Outdoor;Coast/Shoreline
KELLY;;PT. KELLY INTERNATIONAL COSMETICS;FACIAL CREAM;PC;HDPE;ML;1;Denpasar;Bali;24/09/2023;Outdoor;Coast/Shoreline
UNKNOWN;Unbranded;;MEDICINE;PC;PET;SL;1;Denpasar;Bali;24/09/2023;Outdoor;Coast/Shoreline
LIPSTIK;;UNKNOWN;BOTTLE;PC;O;SL;1;Denpasar;Bali;24/09/2023;Outdoor;Coast/Shoreline
LAJAR;;UNKNOWN;BOTTLE;PC;PET;SL;1;Denpasar;Bali;24/09/2023;Outdoor;Coast/Shoreline
NWO;;UNKNOWN;HAND SANITIZER;PC;PET;SL;1;Denpasar;Bali;24/09/2023;Outdoor;Coast/Shoreline
CAPLANG;Eagle Indo Pharma;;MEDICINE;PC;HDPE;SL;1;Denpasar;Bali;24/09/2023;Outdoor;Coast/Shoreline
ROSI;;UNKNOWN;CUP;FP;PP;SL;1;Denpasar;Bali;24/09/2023;Outdoor;Coast/Shoreline
KECAP ABC;ABC;;KETCHUP BOTTLE;FP;PET;SL;1;Denpasar;Bali;24/09/2023;Outdoor;Coast/Shoreline
AQUA;Danone;;BOTTLE;FP;PET;SL;10;Denpasar;Bali;24/09/2023;Outdoor;Coast/Shoreline
AQUA;Danone;;LABEL;FP;PET;SL;11;Denpasar;Bali;24/09/2023;Outdoor;Coast/Shoreline
TORPEDO;fashion food co.,ltd.;;CUP;FP;PP;SL;5;Denpasar;Bali;24/09/2023;Outdoor;Coast/Shoreline
CLEO;Tanobel Food;;CUP;FP;PP;SL;8;Denpasar;Bali;24/09/2023;Outdoor;Coast/Shoreline
PRIMA MINERAL;;PT. SINAR SOSRO;CUP;FP;PET;SL;12;Denpasar;Bali;24/09/2023;Outdoor;Coast/Shoreline
PRIMA MINERAL;;PT. SINAR SOSRO;LABEL;FP;PET;SL;2;Denpasar;Bali;24/09/2023;Outdoor;Coast/Shoreline
WALLS;Unilever;;CUP;FP;PP;SL;2;Denpasar;Bali;24/09/2023;Outdoor;Coast/Shoreline
UNKNOWN;Unbranded;;CUP;FP;PET;SL;1;Denpasar;Bali;24/09/2023;Outdoor;Coast/Shoreline
DUTA;Tirta Rezeki Dewata;;CUP;FP;PP;SL;1;Denpasar;Bali;24/09/2023;Outdoor;Coast/Shoreline
TEH PUCUK;Mayora Indah;;BOTTLE;FP;PET;SL;7;Denpasar;Bali;24/09/2023;Outdoor;Coast/Shoreline
TEH PUCUK;Mayora Indah;;LABEL;FP;PET;SL;2;Denpasar;Bali;24/09/2023;Outdoor;Coast/Shoreline
CELEBES;;UNKNOWN;CUP;FP;PP;SL;2;Denpasar;Bali;24/09/2023;Outdoor;Coast/Shoreline
SPRITE;The Coca-Cola Company;;BOTTLE;FP;PET;SL;6;Denpasar;Bali;24/09/2023;Outdoor;Coast/Shoreline
SPRITE;The Coca-Cola Company;;LABEL;FP;PET;SL;2;Denpasar;Bali;24/09/2023;Outdoor;Coast/Shoreline
FRUIT TEA;Sinar Sosro;;BOTTLE;FP;PET;SL;1;Denpasar;Bali;24/09/2023;Outdoor;Coast/Shoreline
FRUIT TEA;Sinar Sosro;;LABEL;FP;PET;SL;2;Denpasar;Bali;24/09/2023;Outdoor;Coast/Shoreline
J5;;UNKNOWN;CUP;FP;PP;SL;2;Denpasar;Bali;24/09/2023;Outdoor;Coast/Shoreline
K6;;UNKNOWN;CUP;FP;PP;SL;1;Denpasar;Bali;24/09/2023;Outdoor;Coast/Shoreline
VIT;Tirta Investama;;CUP;FP;PET;SL;1;Denpasar;Bali;24/09/2023;Outdoor;Coast/Shoreline
UNKNOWN;Unbranded;;BOTTLE;PC;HDPE;SL;9;Denpasar;Bali;24/09/2023;Outdoor;Coast/Shoreline
POCARI SWEAT;Otsuka;;BOTTLE;FP;PET;SL;1;Denpasar;Bali;24/09/2023;Outdoor;Coast/Shoreline
FLORIDINA;Wings Indonesia;;BOTTLE;FP;PET;SL;3;Denpasar;Bali;24/09/2023;Outdoor;Coast/Shoreline
FLORIDINA;Wings Indonesia;;LABEL;FP;PET;SL;3;Denpasar;Bali;24/09/2023;Outdoor;Coast/Shoreline
LARUTAN CAP BADAK;Sinde Budi Sentosa;;BOTTLE;FP;PET;SL;1;Denpasar;Bali;24/09/2023;Outdoor;Coast/Shoreline
YOU C-1000;Djojonegoro;;BOTTLE;FP;PET;SL;1;Denpasar;Bali;24/09/2023;Outdoor;Coast/Shoreline
YOU C-1000;Djojonegoro;;LABEL;FP;PET;SL;1;Denpasar;Bali;24/09/2023;Outdoor;Coast/Shoreline
GOOD DAY COFFEE;;PT. SANTOS JAYA ABADI;BOTTLE;FP;PET;SL;1;Denpasar;Bali;24/09/2023;Outdoor;Coast/Shoreline
GOOD DAY COFFEE;;PT. SANTOS JAYA ABADI;LABEL;FP;PET;SL;1;Denpasar;Bali;24/09/2023;Outdoor;Coast/Shoreline
COCA COLA;The Coca-Cola Company;;BOTTLE;FP;PET;SL;2;Denpasar;Bali;24/09/2023;Outdoor;Coast/Shoreline
COCA COLA;The Coca-Cola Company;;LABEL;FP;PET;SL;2;Denpasar;Bali;24/09/2023;Outdoor;Coast/Shoreline
MOMOYO;;PT. JUNYI JAYA INDONESIA;CUP;FP;PP;SL;1;Denpasar;Bali;24/09/2023;Outdoor;Coast/Shoreline
COCA COLA;The Coca-Cola Company;;BOTTLE;FP;PET;SL;1;Denpasar;Bali;24/09/2023;Outdoor;Coast/Shoreline
COCA COLA;The Coca-Cola Company;;LABEL;FP;PET;SL;1;Denpasar;Bali;24/09/2023;Outdoor;Coast/Shoreline
SPRITE;The Coca-Cola Company;;BOTTLE;FP;PET;SL;2;Denpasar;Bali;24/09/2023;Outdoor;Coast/Shoreline
SPRITE;The Coca-Cola Company;;LABEL;FP;PET;SL;1;Denpasar;Bali;24/09/2023;Outdoor;Coast/Shoreline
ISOPLUS;Wings;;BOTTLE;FP;PET;SL;1;Denpasar;Bali;24/09/2023;Outdoor;Coast/Shoreline
ISOPLUS;Wings;;LABEL;FP;PET;SL;1;Denpasar;Bali;24/09/2023;Outdoor;Coast/Shoreline
GUAVA VITA;;UNKNOWN;CUP;FP;PP;SL;1;Denpasar;Bali;24/09/2023;Outdoor;Coast/Shoreline
POCARI SWEAT;Otsuka;;BOTTLE;FP;PET;SL;2;Denpasar;Bali;24/09/2023;Outdoor;Coast/Shoreline
POCARI SWEAT;Otsuka;;LABEL;FP;PET;SL;3;Denpasar;Bali;24/09/2023;Outdoor;Coast/Shoreline
SAVAY;;UNKNOWN;CUP;FP;PP;SL;1;Denpasar;Bali;24/09/2023;Outdoor;Coast/Shoreline
AICE;Aice;;CUP;FP;PP;SL;2;Denpasar;Bali;24/09/2023;Outdoor;Coast/Shoreline
PAPER CUP;Unbranded;;CUP;FP;PS;SL;13;Denpasar;Bali;24/09/2023;Outdoor;Coast/Shoreline
PAPER CUP;Unbranded;;CUP;FP;O;SL;3;Denpasar;Bali;24/09/2023;Outdoor;Coast/Shoreline
OLALA JELLY DRINK;Wings;;CUP;FP;PP;SL;1;Denpasar;Bali;24/09/2023;Outdoor;Coast/Shoreline
FLOW;;UNKNOWN;CUP;FP;PP;SL;4;Denpasar;Bali;24/09/2023;Outdoor;Coast/Shoreline
OASIS;Lassonde;;CUP;FP;PET;SL;1;Denpasar;Bali;24/09/2023;Outdoor;Coast/Shoreline
QUEEN;Interbis Sejahtera;;CUP;FP;PP;SL;2;Denpasar;Bali;24/09/2023;Outdoor;Coast/Shoreline
VITA JELLY;Orang Tua;;CUP;FP;PET;SL;1;Denpasar;Bali;24/09/2023;Outdoor;Coast/Shoreline
HN SWEAT;;UNKNOWN;CUP;FP;PP;SL;2;Denpasar;Bali;24/09/2023;Outdoor;Coast/Shoreline
FRUITAMIN;Indofood;;CUP;FP;PP;SL;1;Denpasar;Bali;24/09/2023;Outdoor;Coast/Shoreline
KOPI NONGKRONG;;WINGS;CUP;FP;PP;SL;3;Denpasar;Bali;24/09/2023;Outdoor;Coast/Shoreline
INDOMILK;Indofood;;BOTTLE;FP;HDPE;SL;2;Denpasar;Bali;24/09/2023;Outdoor;Coast/Shoreline
ANZY;;UNKNOWN;CUP;FP;PP;SL;2;Denpasar;Bali;24/09/2023;Outdoor;Coast/Shoreline
HYDRO COCO;Kalbe Farma Tbk;;TETRA PACK;FP;O;ML;1;Denpasar;Bali;24/09/2023;Outdoor;Coast/Shoreline
CRYSTALLINE;Orang Tua;;BOTTLE;FP;PET;SL;1;Denpasar;Bali;24/09/2023;Outdoor;Coast/Shoreline
NU MILK TEA;;PT. ABC PRESIDENT INDONESIA;BOTTLE;FP;PET;SL;1;Denpasar;Bali;24/09/2023;Outdoor;Coast/Shoreline
NU MILK TEA;;PT. ABC PRESIDENT INDONESIA;LABEL;FP;PET;SL;1;Denpasar;Bali;24/09/2023;Outdoor;Coast/Shoreline
ADEM SARI;Sari Enesis Indah;;BOTTLE;FP;PET;SL;1;Denpasar;Bali;24/09/2023;Outdoor;Coast/Shoreline
ADEM SARI;Sari Enesis Indah;;LABEL;FP;PET;SL;1;Denpasar;Bali;24/09/2023;Outdoor;Coast/Shoreline
MILKU;Wings;;BOTTLE;FP;PET;SL;1;Denpasar;Bali;24/09/2023;Outdoor;Coast/Shoreline
KOPIKAP;PT Tirta Fresindo jaya;;CUP;FP;PP;SL;2;Denpasar;Bali;24/09/2023;Outdoor;Coast/Shoreline
GOLDA;Wings;;BOTTLE;FP;PET;SL;1;Denpasar;Bali;24/09/2023;Outdoor;Coast/Shoreline
GOLDA;Wings;;LABEL;FP;PET;SL;1;Denpasar;Bali;24/09/2023;Outdoor;Coast/Shoreline
TEBS;Sinar Sosro;;BOTTLE;FP;PET;SL;1;Denpasar;Bali;24/09/2023;Outdoor;Coast/Shoreline
TEBS;Sinar Sosro;;LABEL;FP;PET;SL;1;Denpasar;Bali;24/09/2023;Outdoor;Coast/Shoreline
AQUA;Danone;;BOTTLE;FP;PET;SL;1;Denpasar;Bali;24/09/2023;Outdoor;Coast/Shoreline
AQUA;Danone;;LABEL;FP;PET;SL;1;Denpasar;Bali;24/09/2023;Outdoor;Coast/Shoreline
TEH BOTTLE SOSRO;Sinar Sosro;;BOTTLE;FP;PET;SL;1;Denpasar;Bali;24/09/2023;Outdoor;Coast/Shoreline
TEH BOTTLE SOSRO;Sinar Sosro;;LABEL;FP;PET;SL;1;Denpasar;Bali;24/09/2023;Outdoor;Coast/Shoreline
NUTRIBOOST;The Coca-Cola Company;;BOTTLE;FP;PET;SL;1;Denpasar;Bali;24/09/2023;Outdoor;Coast/Shoreline
NUTRIBOOST;The Coca-Cola Company;;LABEL;FP;PET;SL;1;Denpasar;Bali;24/09/2023;Outdoor;Coast/Shoreline
LE MINERALE;Mayora Indah;;BOTTLE;FP;PET;SL;1;Denpasar;Bali;24/09/2023;Outdoor;Coast/Shoreline
LE MINERALE;Mayora Indah;;LABEL;FP;PET;SL;1;Denpasar;Bali;24/09/2023;Outdoor;Coast/Shoreline
UNKNOWN;Unbranded;;PLASTIC;O;LDPE;SL;1062;Denpasar;Bali;24/09/2023;Outdoor;Coast/Shoreline
PLASTIK KRESEK;;UNKNOWN;PLASTIC;O;LDPE;SL;49;Denpasar;Bali;24/09/2023;Outdoor;Coast/Shoreline
AOKA;Indonesia Bakery Family;;;FP;LDPE;SL;5;Denpasar;Bali;24/09/2023;Outdoor;Coast/Shoreline
JORDAN;Jordan bakery;;;FP;LDPE;SL;10;Denpasar;Bali;24/09/2023;Outdoor;Coast/Shoreline
2 JEMPOL;;UNKNOWN;;FP;LDPE;SL;13;Denpasar;Bali;24/09/2023;Outdoor;Coast/Shoreline
DAIA;Wings;;;PC;LDPE;SL;7;Denpasar;Bali;24/09/2023;Outdoor;Coast/Shoreline
KOPI BALI LUMBUNG MAS;;UD. LUMBUNG MAS;;FP;LDPE;SL;1;Denpasar;Bali;24/09/2023;Outdoor;Coast/Shoreline
DANGDUT;Wings;;;PC;LDPE;SL;1;Denpasar;Bali;24/09/2023;Outdoor;Coast/Shoreline
TALI RAFIA;;UNKNOWN;;O;LDPE;SL;26;Denpasar;Bali;24/09/2023;Outdoor;Coast/Shoreline
AJINOMOTO;Aji Frozen USA Corporation;;;FP;LDPE;SL;1;Denpasar;Bali;24/09/2023;Outdoor;Coast/Shoreline
ROSE BRAND;CV Bumi Waras;;;FP;LDPE;SL;2;Denpasar;Bali;24/09/2023;Outdoor;Coast/Shoreline
NEXTAR;Nabati;;;FP;LDPE;ML;1;Denpasar;Bali;24/09/2023;Outdoor;Coast/Shoreline
MIE SEDAP;Wings;;PLASTIC;FP;LDPE;SL;3;Denpasar;Bali;24/09/2023;Outdoor;Coast/Shoreline
UNKNOWN;Unbranded;;FOOD PACKAGIN;FP;PS;SL;32;Denpasar;Bali;24/09/2023;Outdoor;Coast/Shoreline
KOPI ABC;Santos Jaya Abadi;;FOOD PACKAGING;FP;PET;ML;3;Denpasar;Bali;24/09/2023;Outdoor;Coast/Shoreline
UNKNOWN;Unbranded;;SEDOTAN;O;O;SL;12;Denpasar;Bali;24/09/2023;Outdoor;Coast/Shoreline
UNKNOWN;Unbranded;;SPOON;O;O;SL;5;Denpasar;Bali;24/09/2023;Outdoor;Coast/Shoreline
UNKNOWN;Unbranded;;FORK MAKAN;O;O;SL;2;Denpasar;Bali;24/09/2023;Outdoor;Coast/Shoreline
KIKO;Pandaria Makmur (Kiko Fact);;FOOD PACKAGING;FP;PET;SL;3;Denpasar;Bali;24/09/2023;Outdoor;Coast/Shoreline
UNKNOWN;Unbranded;;WATER PIPE;HP;PVC;SL;1;Denpasar;Bali;24/09/2023;Outdoor;Coast/Shoreline
POLYTEX;;POLYTEX;;HP;PET;SL;1;Denpasar;Bali;24/09/2023;Outdoor;Coast/Shoreline
JAGO;;UNKNOWN;;FP;LDPE;SL;1;Denpasar;Bali;24/09/2023;Outdoor;Coast/Shoreline
GORIORIO;Siantar Top;;;FP;PET;ML;4;Denpasar;Bali;24/09/2023;Outdoor;Coast/Shoreline
PIE SUSU DHIAN;;CV DHIAN MANDIRI;;FP;PET;SL;1;Denpasar;Bali;24/09/2023;Outdoor;Coast/Shoreline
ESCADO TIKTOK;;PT. INDOSARI MANDIRI;;FP;PET;Unsure;1;Denpasar;Bali;24/09/2023;Outdoor;Coast/Shoreline
KACANG GARING BOBY;;UNKNOWN;;FP;PET;SL;6;Denpasar;Bali;24/09/2023;Outdoor;Coast/Shoreline
CHIKI;Indofood;;;FP;PET;ML;1;Denpasar;Bali;24/09/2023;Outdoor;Coast/Shoreline
SUPERSTAR;Mayora Indah;;;FP;PET;ML;1;Denpasar;Bali;24/09/2023;Outdoor;Coast/Shoreline
KACANG ATOM;CV Gangsar;;;FP;PET;Unsure;6;Denpasar;Bali;24/09/2023;Outdoor;Coast/Shoreline
PUTRI SEJATI;;UNKNOWN;;FP;PP;Unsure;1;Denpasar;Bali;24/09/2023;Outdoor;Coast/Shoreline
AQUA;Danone;;LABEL;FP;PET;ML;8;Denpasar;Bali;24/09/2023;Outdoor;Coast/Shoreline
LE MINERALE;Mayora Indah;;LABEL;FP;PET;ML;4;Denpasar;Bali;24/09/2023;Outdoor;Coast/Shoreline
POCARI SWEAT;Otsuka;;LABEL;FP;PET;SL;3;Denpasar;Bali;24/09/2023;Outdoor;Coast/Shoreline
MIE BURUNG DARA;Surya Pratista Hutama;;;FP;PET;SL;1;Denpasar;Bali;24/09/2023;Outdoor;Coast/Shoreline
BENG-BENG;Mayora Indah;;;FP;PET;ML;1;Denpasar;Bali;24/09/2023;Outdoor;Coast/Shoreline
ROTI MODERN;;UNKNOWN;;FP;PET;ML;1;Denpasar;Bali;24/09/2023;Outdoor;Coast/Shoreline
CLUB;Indofood;;;FP;PET;SL;2;Denpasar;Bali;24/09/2023;Outdoor;Coast/Shoreline
KOPI BANYUATIS;;CV. PUSAKA BALI PERSADA;;FP;PET;SL;2;Denpasar;Bali;24/09/2023;Outdoor;Coast/Shoreline
DOVE;Mars, Incorporated;;;PC;PET;ML;1;Denpasar;Bali;24/09/2023;Outdoor;Coast/Shoreline
SASA;Sasa Inti;;;FP;PET;SL;1;Denpasar;Bali;24/09/2023;Outdoor;Coast/Shoreline
KEVINS;;UNKNOWN;;O;O;SL;2;Denpasar;Bali;24/09/2023;Outdoor;Coast/Shoreline
KELINCI EMAS;;UNKNOWN;;FP;PET;SL;1;Denpasar;Bali;24/09/2023;Outdoor;Coast/Shoreline
LIFEBOUY;Unilever;;;PC;PET;ML;1;Denpasar;Bali;24/09/2023;Outdoor;Coast/Shoreline
FRENCH FRIES;Siantar Top;;;FP;PET;ML;1;Denpasar;Bali;24/09/2023;Outdoor;Coast/Shoreline
SARI ROTI;Nippon Indosari Corpindo;;;FP;PET;SL;1;Denpasar;Bali;24/09/2023;Outdoor;Coast/Shoreline
NESCAFE;Nestle;;;FP;PET;ML;1;Denpasar;Bali;24/09/2023;Outdoor;Coast/Shoreline
RAJAWALI;unbranded;;;FP;PET;SL;1;Denpasar;Bali;24/09/2023;Outdoor;Coast/Shoreline
PASEO;Asia Pulp & Paper Group;;;PC;PET;SL;1;Denpasar;Bali;24/09/2023;Outdoor;Coast/Shoreline
INTERNASIONAL;;UNKNOWN;;SM;O;SL;4;Denpasar;Bali;24/09/2023;Outdoor;Coast/Shoreline
MAMYPOKO;LG Household & Health Care;;;PC;PET;SL;1;Denpasar;Bali;24/09/2023;Outdoor;Coast/Shoreline
NARMADA;Narmada Awet Muda;;;FP;PET;SL;1;Denpasar;Bali;24/09/2023;Outdoor;Coast/Shoreline
SO NICE;So Good;;;FP;PET;SL;1;Denpasar;Bali;24/09/2023;Outdoor;Coast/Shoreline
COCA COLA;The Coca-Cola Company;;LABEL;FP;PET;ML;2;Denpasar;Bali;24/09/2023;Outdoor;Coast/Shoreline
YAKULT;Yakult;;LABEL;FP;PET;SL;3;Denpasar;Bali;24/09/2023;Outdoor;Coast/Shoreline
CHAMP NUGGET;;PT. CHAROEN POKPHAND INDONESIA;;FP;PET;SL;1;Denpasar;Bali;24/09/2023;Outdoor;Coast/Shoreline
KOPI TUGU BUAYA;;PT. INDRACO JAYA PERKASA GRESIK;;FP;PET;SL;1;Denpasar;Bali;24/09/2023;Outdoor;Coast/Shoreline
KUDAMAS;;PT. ANEKA INTI BUMI TANGERANG;;FP;PET;SL;1;Denpasar;Bali;24/09/2023;Outdoor;Coast/Shoreline
CHIP MART;;UNKNOWN;;FP;PET;ML;1;Denpasar;Bali;24/09/2023;Outdoor;Coast/Shoreline
TRUFFLE;;UNKNOWN;;FP;PET;ML;1;Denpasar;Bali;24/09/2023;Outdoor;Coast/Shoreline
FANTA;The Coca-Cola Company;;LABEL;FP;PET;SL;1;Denpasar;Bali;24/09/2023;Outdoor;Coast/Shoreline
SAJIKU;Ajinomoto;;;FP;PET;SL;1;Denpasar;Bali;24/09/2023;Outdoor;Coast/Shoreline
OSAKA;Unbranded;;;FP;PET;SL;1;Denpasar;Bali;24/09/2023;Outdoor;Coast/Shoreline
PIE SUSU CHANDRA;Pie Susu Chandra;;;FP;PET;SL;1;Denpasar;Bali;24/09/2023;Outdoor;Coast/Shoreline
CHOCOLATOS;Garuda Food;;;FP;PET;ML;1;Denpasar;Bali;24/09/2023;Outdoor;Coast/Shoreline
TERASI UDANG;;UNKNOWN;;FP;PET;SL;1;Denpasar;Bali;24/09/2023;Outdoor;Coast/Shoreline
ROMA;Mayora Indah;;;FP;PET;ML;1;Denpasar;Bali;24/09/2023;Outdoor;Coast/Shoreline
SARIMI;Indofood;;;FP;PET;SL;1;Denpasar;Bali;24/09/2023;Outdoor;Coast/Shoreline
LOMBOK SAOS;;ECHO;;FP;PET;SL;1;Denpasar;Bali;24/09/2023;Outdoor;Coast/Shoreline
WALLS;Unilever;;;FP;PET;ML;1;Denpasar;Bali;24/09/2023;Outdoor;Coast/Shoreline
LATEX GLOVES;;UNKNOWN;;HP;PET;SL;3;Denpasar;Bali;24/09/2023;Outdoor;Coast/Shoreline
TERASI BONANG;;UD. HARTA LAUT;;FP;PET;SL;1;Denpasar;Bali;24/09/2023;Outdoor;Coast/Shoreline
RINDU MAS;;UNKNOWN;;FP;PET;SL;1;Denpasar;Bali;24/09/2023;Outdoor;Coast/Shoreline
FULLO;Premier Marketing Public Company Limited;;;FP;PET;ML;1;Denpasar;Bali;24/09/2023;Outdoor;Coast/Shoreline
KACANG SANGHAI;;UNKNOWN;;FP;PET;SL;1;Denpasar;Bali;24/09/2023;Outdoor;Coast/Shoreline
BOLA MAS;;UNKNOWN;;FP;PET;SL;1;Denpasar;Bali;24/09/2023;Outdoor;Coast/Shoreline
SAMYANG;SAMYANG FOODS;;;FP;PET;ML;1;Denpasar;Bali;24/09/2023;Outdoor;Coast/Shoreline
COY BAKERY;;PT. GOOD SPICE FOOD BANDUNG;;FP;PET;SL;1;Denpasar;Bali;24/09/2023;Outdoor;Coast/Shoreline
LEMONILO;Lemonilo;;;FP;PET;SL;1;Denpasar;Bali;24/09/2023;Outdoor;Coast/Shoreline
BIJAG;Sinar Pangan Sejahtera;;;FP;PET;SL;1;Denpasar;Bali;24/09/2023;Outdoor;Coast/Shoreline
MY JELLY;Wong Coco;;;FP;PET;SL;1;Denpasar;Bali;24/09/2023;Outdoor;Coast/Shoreline
PADIMAS;Stanly Trijaya Mandiri;;;FP;PET;SL;1;Denpasar;Bali;24/09/2023;Outdoor;Coast/Shoreline
BISKUIT REGI;;PT. JAYA UTAMA SANTIKAH;;FP;PET;SL;1;Denpasar;Bali;24/09/2023;Outdoor;Coast/Shoreline
BLUDER;;COKRO GROUP;;FP;PET;SL;2;Denpasar;Bali;24/09/2023;Outdoor;Coast/Shoreline
KAOS LAMPU;;UNKNOWN;;FG;PET;SL;1;Denpasar;Bali;24/09/2023;Outdoor;Coast/Shoreline
CLEO;Tanobel Food;;;FP;PET;SL;1;Denpasar;Bali;24/09/2023;Outdoor;Coast/Shoreline
NEA BEAUTY;;CV. NEA BEAUTY;;PC;PET;SL;1;Denpasar;Bali;24/09/2023;Outdoor;Coast/Shoreline
GABIN;;PT. PANCA PEDJA SEJAHTERA;;FP;PET;ML;1;Denpasar;Bali;24/09/2023;Outdoor;Coast/Shoreline
MILKITA;Unifam;;;FP;PET;ML;1;Denpasar;Bali;24/09/2023;Outdoor;Coast/Shoreline
RELAXA;Agel Langgeng;;;FP;PET;ML;7;Denpasar;Bali;24/09/2023;Outdoor;Coast/Shoreline
POWER PROPELLER;;UNKNOWN;;FG;O;ML;1;Denpasar;Bali;24/09/2023;Outdoor;Coast/Shoreline
SPRITE;The Coca-Cola Company;;;FP;PET;ML;1;Denpasar;Bali;24/09/2023;Outdoor;Coast/Shoreline
IRC TIRE;;UNKNOWN;;FG;PS;ML;1;Denpasar;Bali;24/09/2023;Outdoor;Coast/Shoreline
SNACK MISTER KING;;UNKNOWN;;FP;PET;SL;1;Denpasar;Bali;24/09/2023;Outdoor;Coast/Shoreline
CARBON CAIL PANCING;;UNKNOWN;;FG;PP;ML;1;Denpasar;Bali;24/09/2023;Outdoor;Coast/Shoreline
ROMA;Mayora Indah;;;FP;PET;ML;1;Denpasar;Bali;24/09/2023;Outdoor;Coast/Shoreline
MIZONE;Danone;;;FP;PET;SL;1;Denpasar;Bali;24/09/2023;Outdoor;Coast/Shoreline
AICE;Aice;;;FP;PET;SL;1;Denpasar;Bali;24/09/2023;Outdoor;Coast/Shoreline
NEOTOGEN;;PT. WIHADIL;;FP;LDPE;SL;1;Denpasar;Bali;24/09/2023;Outdoor;Coast/Shoreline
BOLA LAMPU;;UNKNOWN;LABEL;HP;PET;SL;1;Denpasar;Bali;24/09/2023;Outdoor;Coast/Shoreline
RINSO;Unilever;;;PC;LDPE;ML;1;Denpasar;Bali;24/09/2023;Outdoor;Coast/Shoreline
BAWANG MERAH GORENG;Indra Mukti Segara;;;FP;PET;SL;1;Denpasar;Bali;24/09/2023;Outdoor;Coast/Shoreline
LUMP SUGAR;;PT. JAYA UTAMA SANTIKAH;;FP;PET;ML;1;Denpasar;Bali;24/09/2023;Outdoor;Coast/Shoreline
TERASI UDANG;;UNKNOWN;;FP;PET;SL;1;Denpasar;Bali;24/09/2023;Outdoor;Coast/Shoreline
REBO;Gumindo Bogamanis;;;FP;PET;ML;1;Denpasar;Bali;24/09/2023;Outdoor;Coast/Shoreline
AICE;Aice;;;FP;PET;ML;2;Denpasar;Bali;24/09/2023;Outdoor;Coast/Shoreline
MILKU;Wings;;LABEL;FP;PET;ML;1;Denpasar;Bali;24/09/2023;Outdoor;Coast/Shoreline
BAMBOE;;UNKNOWN;;O;O;SL;1;Denpasar;Bali;24/09/2023;Outdoor;Coast/Shoreline
BISTIK;;UNKNOWN;;O;O;ML;1;Denpasar;Bali;24/09/2023;Outdoor;Coast/Shoreline
SAMBAL FRIED CHICKEN;Indofood;;;FP;PET;ML;1;Denpasar;Bali;24/09/2023;Outdoor;Coast/Shoreline
OKKY JELLY DRINK;Tudung Group;;;FP;PET;ML;1;Denpasar;Bali;24/09/2023;Outdoor;Coast/Shoreline
JAIPONG KACANG;;UNKNOWN;;FP;PET;ML;1;Denpasar;Bali;24/09/2023;Outdoor;Coast/Shoreline
TOP BINTANG PERMEN;;UNKNOWN;;FP;PET;ML;1;Denpasar;Bali;24/09/2023;Outdoor;Coast/Shoreline
YUPI;Yupindo;;;FP;PET;SL;1;Denpasar;Bali;24/09/2023;Outdoor;Coast/Shoreline
KUACI;For East;;;FP;PET;ML;1;Denpasar;Bali;24/09/2023;Outdoor;Coast/Shoreline
MARSHMALLOW DORAEMON;;UNKNOWN;;FP;PET;ML;1;Denpasar;Bali;24/09/2023;Outdoor;Coast/Shoreline
INTERBIS BISKUIT;;UNKNOWN;;FP;PET;SL;1;Denpasar;Bali;24/09/2023;Outdoor;Coast/Shoreline
MENTOS;Perfetti van Melle;;;FP;PET;ML;2;Denpasar;Bali;24/09/2023;Outdoor;Coast/Shoreline
BUNGKUS PERMEN;;UNKNOWN;;FP;PET;ML;3;Denpasar;Bali;24/09/2023;Outdoor;Coast/Shoreline
MIE SUKSES;Wings;;;FP;PET;SL;1;Denpasar;Bali;24/09/2023;Outdoor;Coast/Shoreline
AQUA;Danone;;BOTTLE CAP;FP;HDPE;SL;85;Denpasar;Bali;24/09/2023;Outdoor;Coast/Shoreline
CLEO;Tanobel Food;;BOTTLE CAP;FP;HDPE;SL;18;Denpasar;Bali;24/09/2023;Outdoor;Coast/Shoreline
TEH PUCUK;Mayora Indah;;BOTTLE CAP;FP;HDPE;SL;8;Denpasar;Bali;24/09/2023;Outdoor;Coast/Shoreline
POCARI SWEAT;Otsuka;;BOTTLE CAP;FP;HDPE;SL;6;Denpasar;Bali;24/09/2023;Outdoor;Coast/Shoreline
COCA COLA;The Coca-Cola Company;;BOTTLE CAP;FP;HDPE;SL;17;Denpasar;Bali;24/09/2023;Outdoor;Coast/Shoreline
CRISTALINE;Groupe Alma;;BOTTLE CAP;FP;HDPE;SL;3;Denpasar;Bali;24/09/2023;Outdoor;Coast/Shoreline
PRIMA MINERAL;;PT. SINAR SOSRO;BOTTLE CAP;FP;HDPE;SL;1;Denpasar;Bali;24/09/2023;Outdoor;Coast/Shoreline
NARMADA;Narmada Awet Muda;;BOTTLE CAP;FP;HDPE;SL;1;Denpasar;Bali;24/09/2023;Outdoor;Coast/Shoreline
COLAN;;UNKNOWN;BOTTLE CAP;FP;HDPE;SL;1;Denpasar;Bali;24/09/2023;Outdoor;Coast/Shoreline
UNKNOWN;Unbranded;;BOTTLE CAP;FP;HDPE;SL;91;Denpasar;Bali;24/09/2023;Outdoor;Coast/Shoreline
LE MINERALE;Mayora Indah;;BOTTLE CAP;FP;HDPE;SL;4;Denpasar;Bali;24/09/2023;Outdoor;Coast/Shoreline
BKP;;UNKNOWN;BOTTLE CAP;FP;HDPE;SL;2;Denpasar;Bali;24/09/2023;Outdoor;Coast/Shoreline
ADES;The Coca-Cola Company;;BOTTLE CAP;FP;HDPE;SL;1;Denpasar;Bali;24/09/2023;Outdoor;Coast/Shoreline
LARUTAN CAP KAKI TIGA;Kino;;BOTTLE CAP;FP;HDPE;SL;3;Denpasar;Bali;24/09/2023;Outdoor;Coast/Shoreline
YOU C-1000;Djojonegoro;;BOTTLE CAP;FP;HDPE;SL;3;Denpasar;Bali;24/09/2023;Outdoor;Coast/Shoreline
MIZONE;Danone;;BOTTLE CAP;FP;HDPE;SL;5;Denpasar;Bali;24/09/2023;Outdoor;Coast/Shoreline
ISOPLUS;Wings;;BOTTLE CAP;FP;HDPE;SL;1;Denpasar;Bali;24/09/2023;Outdoor;Coast/Shoreline
TEH BOTTLE;Sinar Sosro;;BOTTLE CAP;FP;HDPE;SL;1;Denpasar;Bali;24/09/2023;Outdoor;Coast/Shoreline
NU GREEN TEA;;PT. ABC PRESIDENT INDONESIA;BOTTLE CAP;FP;HDPE;SL;1;Denpasar;Bali;24/09/2023;Outdoor;Coast/Shoreline
GOOD DAY COFFEE;;PT. SANTOS JAYA ABADI;;FP;PET;SL;1;Denpasar;Bali;24/09/2023;Outdoor;Coast/Shoreline
ADEM SARI;Sari Enesis Indah;;;FP;PET;SL;1;Denpasar;Bali;24/09/2023;Outdoor;Coast/Shoreline
TEBS;Sinar Sosro;;;FP;PET;SL;1;Denpasar;Bali;24/09/2023;Outdoor;Coast/Shoreline
GOLDA COFFEE;Wings;;;FP;PET;SL;1;Denpasar;Bali;24/09/2023;Outdoor;Coast/Shoreline
VIT;Tirta Investama;;;FP;PET;SL;1;Denpasar;Bali;24/09/2023;Outdoor;Coast/Shoreline
ISI ULANG;;UNKNOWN;BOTTLE CAP;FP;HDPE;SL;8;Denpasar;Bali;24/09/2023;Outdoor;Coast/Shoreline
BOTTLE OLI PERTAMINA;;UNKNOWN;BOTTLE CAP;O;HDPE;SL;16;Denpasar;Bali;24/09/2023;Outdoor;Coast/Shoreline
FLORIDINA;Wings Indonesia;;BOTTLE CAP;FP;HDPE;SL;3;Denpasar;Bali;24/09/2023;Outdoor;Coast/Shoreline
COIL VAPE;;UNKNOWN;CAP;FP;HDPE;SL;1;Denpasar;Bali;24/09/2023;Outdoor;Coast/Shoreline
FANTA;The Coca-Cola Company;;;FP;HDPE;SL;1;Denpasar;Bali;24/09/2023;Outdoor;Coast/Shoreline
PEPSODENT;Unilever;;TOOTHPASTE CAP;PC;HDPE;SL;6;Denpasar;Bali;24/09/2023;Outdoor;Coast/Shoreline
KONIMEX;;PT. KONIMEX;;PC;HDPE;SL;2;Denpasar;Bali;24/09/2023;Outdoor;Coast/Shoreline
GOLDA COFFEE;Wings;;BOTTLE CAP;FP;HDPE;SL;1;Denpasar;Bali;24/09/2023;Outdoor;Coast/Shoreline
YOYIC;YoyiC Dairy;;BOTTLE CAP;FP;HDPE;SL;1;Denpasar;Bali;24/09/2023;Outdoor;Coast/Shoreline
NARMADA;Narmada Awet Muda;;BOTTLE CAP;FP;HDPE;SL;1;Denpasar;Bali;24/09/2023;Outdoor;Coast/Shoreline
JELLY OLLYA;;PT. ALLOY MANDIRI FOOD;FOOD PACKAGING;FP;PET;SL;2;Denpasar;Bali;24/09/2023;Outdoor;Coast/Shoreline
AQUA;Danone;;BOTTLE CAP;FP;PP;SL;2;Denpasar;Bali;24/09/2023;Outdoor;Coast/Shoreline
S-TEE;Sinar Sosro;;BEVERAGE;FP;O;ML;1;Denpasar;Bali;24/09/2023;Outdoor;Coast/Shoreline
PADIMAS;Stanly Trijaya Mandiri;;FOOD PACKAGING;FP;LDPE;ML;10;Denpasar;Bali;24/09/2023;Outdoor;Coast/Shoreline
FANTA;The Coca-Cola Company;;BOTTLE CAP;FP;PP;SL;2;Denpasar;Bali;24/09/2023;Outdoor;Coast/Shoreline
CLEO;Tanobel Food;;BEVERAGE;FP;PP;SL;1;Denpasar;Bali;24/09/2023;Outdoor;Coast/Shoreline
UNKNOWN;Unbranded;;BEVERAGE;FP;PP;SL;9;Denpasar;Bali;24/09/2023;Outdoor;Coast/Shoreline
UNKNOWN;Unbranded;;BEVERAGE;FP;PS;SL;2;Denpasar;Bali;24/09/2023;Outdoor;Coast/Shoreline
UNKNOWN;Unbranded;;BEVERAGE;FP;LDPE;ML;1;Denpasar;Bali;24/09/2023;Outdoor;Coast/Shoreline
SUPERSTAR;Mayora Indah;;FOOD PACKAGING;FP;PET;SL;2;Denpasar;Bali;24/09/2023;Outdoor;Coast/Shoreline
RELAXA;Agel Langgeng;;CANDY;O;O;ML;8;Denpasar;Bali;24/09/2023;Outdoor;Coast/Shoreline
TONABEL;;UNKNOWN;CANDY;FP;O;ML;1;Denpasar;Bali;24/09/2023;Outdoor;Coast/Shoreline
POP MIE;Indofood;;;FP;PS;SL;4;Denpasar;Bali;24/09/2023;Outdoor;Coast/Shoreline
IN MILD;Djarum;;;SM;O;ML;3;Denpasar;Bali;24/09/2023;Outdoor;Coast/Shoreline
LAMPU;;UNKNOWN;;HP;O;ML;2;Denpasar;Bali;24/09/2023;Outdoor;Coast/Shoreline
COUNTRY;Bentoel TBK;;;SM;O;ML;1;Denpasar;Bali;24/09/2023;Outdoor;Coast/Shoreline
KIS;Mayora Indah;;;FP;O;ML;2;Denpasar;Bali;24/09/2023;Outdoor;Coast/Shoreline
HOT-HOT;Isoma Malang;;;FP;O;ML;1;Denpasar;Bali;24/09/2023;Outdoor;Coast/Shoreline
UNKNOWN;Unbranded;;;FP;PS;SL;3;Denpasar;Bali;24/09/2023;Outdoor;Coast/Shoreline
UNKNOWN;Unbranded;;;PC;O;ML;1;Denpasar;Bali;24/09/2023;Outdoor;Coast/Shoreline
YAKULT;Yakult;;;FP;PET;SL;5;Denpasar;Bali;24/09/2023;Outdoor;Coast/Shoreline
TEH GELAS;Orang Tua;;;FP;PP;SL;1;Denpasar;Bali;24/09/2023;Outdoor;Coast/Shoreline
FONT AQUA;;UNKNOWN;;FP;PP;SL;1;Denpasar;Bali;24/09/2023;Outdoor;Coast/Shoreline
ECOQUA;Air Gangga Dewata Alami;;;FP;PP;SL;1;Denpasar;Bali;24/09/2023;Outdoor;Coast/Shoreline
UNKNOWN;Unbranded;;;FP;PS;SL;22;Denpasar;Bali;24/09/2023;Outdoor;Coast/Shoreline
UNKNOWN;Unbranded;;;HP;O;ML;1;Denpasar;Bali;24/09/2023;Outdoor;Coast/Shoreline
UNKNOWN;Unbranded;;;PC;PP;ML;1;Denpasar;Bali;24/09/2023;Outdoor;Coast/Shoreline
AQUA;Danone;;;FP;PET;SL;1;Denpasar;Bali;24/09/2023;Outdoor;Coast/Shoreline
AQUA;Danone;;;FP;PP;SL;1;Denpasar;Bali;24/09/2023;Outdoor;Coast/Shoreline
COCA COLA;The Coca-Cola Company;;;FP;O;ML;1;Denpasar;Bali;24/09/2023;Outdoor;Coast/Shoreline
RED BULL;Red Bull;;;FP;O;ML;1;Denpasar;Bali;24/09/2023;Outdoor;Coast/Shoreline
CHITATO;Indofood;;;FP;PET;ML;3;Denpasar;Bali;24/09/2023;Outdoor;Coast/Shoreline
TANGO;Tango;;;FP;PET;ML;1;Denpasar;Bali;24/09/2023;Outdoor;Coast/Shoreline
POTA BEE;Wings;;;FP;PET;ML;1;Denpasar;Bali;24/09/2023;Outdoor;Coast/Shoreline
NABATI;Nabati Group.;;;FP;PET;ML;1;Denpasar;Bali;24/09/2023;Outdoor;Coast/Shoreline
SPIX;Siantar Top;;;FP;PET;ML;2;Denpasar;Bali;24/09/2023;Outdoor;Coast/Shoreline
CHIKI;Indofood;;;FP;PET;ML;1;Denpasar;Bali;24/09/2023;Outdoor;Coast/Shoreline
OREO;Dongsuh Foods;;;FP;PET;ML;2;Denpasar;Bali;24/09/2023;Outdoor;Coast/Shoreline
TIC TAC;Ferrero Group;;;FP;PET;ML;1;Denpasar;Bali;24/09/2023;Outdoor;Coast/Shoreline
KWACI;;UNKNOWN;;FP;PET;ML;2;Denpasar;Bali;24/09/2023;Outdoor;Coast/Shoreline
WAFELO;Mayora Indah;;;FP;PET;ML;2;Denpasar;Bali;24/09/2023;Outdoor;Coast/Shoreline
OISHI;Liwayway Holdings Company Limited;;;FP;PET;ML;1;Denpasar;Bali;24/09/2023;Outdoor;Coast/Shoreline
SAYANG;;PT. KAPAL API GLOBAL;;FP;PET;ML;1;Denpasar;Bali;24/09/2023;Outdoor;Coast/Shoreline
BUAVITA;Unilever;;;FP;O;ML;1;Denpasar;Bali;24/09/2023;Outdoor;Coast/Shoreline
ROMA;Mayora Indah;;;FP;PET;ML;1;Denpasar;Bali;24/09/2023;Outdoor;Coast/Shoreline
GORIORIO;Siantar Top;;;FP;PET;ML;1;Denpasar;Bali;24/09/2023;Outdoor;Coast/Shoreline
TROPICAL;Bima Karya Prima;;;FP;PET;ML;1;Denpasar;Bali;24/09/2023;Outdoor;Coast/Shoreline
FRUIT TEA;Sinar Sosro;;;FP;PET;ML;1;Denpasar;Bali;24/09/2023;Outdoor;Coast/Shoreline
CAMELO;Sumber Tirta Pamenang;;;FP;PET;ML;1;Denpasar;Bali;24/09/2023;Outdoor;Coast/Shoreline
HELLO PANDA;Meiji Holdings Co., Ltd;;;FP;PET;ML;1;Denpasar;Bali;24/09/2023;Outdoor;Coast/Shoreline
CHIPS RIBUT;cv ribut snack;;;FP;PET;ML;1;Denpasar;Bali;24/09/2023;Outdoor;Coast/Shoreline
GO POTATO;Siantar Top;;;FP;PET;ML;1;Denpasar;Bali;24/09/2023;Outdoor;Coast/Shoreline
JAGUNG BAKAR;;UNKNOWN;;FP;PET;ML;1;Denpasar;Bali;24/09/2023;Outdoor;Coast/Shoreline
POP MIE;Indofood;;;FP;PET;ML;1;Denpasar;Bali;24/09/2023;Outdoor;Coast/Shoreline
PADDLE POP;Unilever;;;FP;PET;ML;1;Denpasar;Bali;24/09/2023;Outdoor;Coast/Shoreline
RINSO;Unilever;;;FP;PET;ML;1;Denpasar;Bali;24/09/2023;Outdoor;Coast/Shoreline
NEXTAR;Nabati;;;FP;LDPE;ML;1;Denpasar;Bali;24/09/2023;Outdoor;Coast/Shoreline
KINDER JOY;Ferrero Group;;;FP;LDPE;ML;2;Denpasar;Bali;24/09/2023;Outdoor;Coast/Shoreline
MEPROBAL;;UNKNOWN;;FP;O;ML;1;Denpasar;Bali;24/09/2023;Outdoor;Coast/Shoreline
LEMONIA;;PT. SERENA INDOPANGAN INDUSTRI;;FP;LDPE;ML;1;Denpasar;Bali;24/09/2023;Outdoor;Coast/Shoreline
TONG GARDEN;Tong garden;;;FP;LDPE;ML;1;Denpasar;Bali;24/09/2023;Outdoor;Coast/Shoreline
CHOCORETO ROLLS;;PT. MANOHARA ASRI;;FP;LDPE;ML;1;Denpasar;Bali;24/09/2023;Outdoor;Coast/Shoreline
KOPIKO;Mayora Indah;;;FP;PP;ML;1;Denpasar;Bali;24/09/2023;Outdoor;Coast/Shoreline
CLEO;Tanobel Food;;;FP;PS;ML;1;Denpasar;Bali;24/09/2023;Outdoor;Coast/Shoreline
UNKNOWN;Unbranded;;;FP;PS;SL;;Denpasar;Bali;24/09/2023;Outdoor;Coast/Shoreline
UNKNOWN;Unbranded;;;FP;PS;SL;1;Denpasar;Bali;24/09/2023;Outdoor;Coast/Shoreline
JOYDAY;Green Asia Food;;;FP;LDPE;ML;1;Denpasar;Bali;24/09/2023;Outdoor;Coast/Shoreline
TIC TAC;Ferrero Group;;;FP;LDPE;ML;4;Denpasar;Bali;24/09/2023;Outdoor;Coast/Shoreline
JAIPONG KACANG;;UNKNOWN;;FP;LDPE;ML;1;Denpasar;Bali;24/09/2023;Outdoor;Coast/Shoreline
CHITATO;Indofood;;;FP;LDPE;ML;14;Denpasar;Bali;24/09/2023;Outdoor;Coast/Shoreline
AICE;Aice;;;FP;LDPE;ML;21;Denpasar;Bali;24/09/2023;Outdoor;Coast/Shoreline
GORIORIO;Siantar Top;;;FP;LDPE;ML;9;Denpasar;Bali;24/09/2023;Outdoor;Coast/Shoreline
QUEEN;Interbis Sejahtera;;;FP;LDPE;ML;1;Denpasar;Bali;24/09/2023;Outdoor;Coast/Shoreline
NABATI;Nabati Group.;;;FP;LDPE;ML;6;Denpasar;Bali;24/09/2023;Outdoor;Coast/Shoreline
ULTRA MILK;Ultrajaya;;;FP;O;ML;4;Denpasar;Bali;24/09/2023;Outdoor;Coast/Shoreline
NESCAFE;Nestle;;;FP;LDPE;ML;9;Denpasar;Bali;24/09/2023;Outdoor;Coast/Shoreline
PONDS;Unilever;;;PC;HDPE;ML;1;Denpasar;Bali;24/09/2023;Outdoor;Coast/Shoreline
FULLO;Premier Marketing Public Company Limited;;;FP;LDPE;ML;2;Denpasar;Bali;24/09/2023;Outdoor;Coast/Shoreline
NEW DIATAB;;UNKNOWN;;PC;O;ML;1;Denpasar;Bali;24/09/2023;Outdoor;Coast/Shoreline
BOLU DONAT;;UNKNOWN;;FP;LDPE;ML;1;Denpasar;Bali;24/09/2023;Outdoor;Coast/Shoreline
TAMARIN;Mayora Indah;;;FP;LDPE;ML;1;Denpasar;Bali;24/09/2023;Outdoor;Coast/Shoreline
BLASTER;Ultra Prima Abadi;;;FP;LDPE;ML;1;Denpasar;Bali;24/09/2023;Outdoor;Coast/Shoreline
SAGO;;UNKNOWN;;FP;LDPE;ML;1;Denpasar;Bali;24/09/2023;Outdoor;Coast/Shoreline
ZARA TEA;;UNKNOWN;;FP;LDPE;ML;1;Denpasar;Bali;24/09/2023;Outdoor;Coast/Shoreline
WALLS;Unilever;;;FP;LDPE;ML;9;Denpasar;Bali;24/09/2023;Outdoor;Coast/Shoreline
YUPI;Yupindo;;;FP;LDPE;ML;2;Denpasar;Bali;24/09/2023;Outdoor;Coast/Shoreline
CHOCOLATOS;Garuda Food;;;FP;LDPE;ML;11;Denpasar;Bali;24/09/2023;Outdoor;Coast/Shoreline
ROMA;Mayora Indah;;;FP;LDPE;ML;1;Denpasar;Bali;24/09/2023;Outdoor;Coast/Shoreline
FRENCH FRIES;Siantar Top;;;FP;LDPE;ML;9;Denpasar;Bali;24/09/2023;Outdoor;Coast/Shoreline
MIE SEDAP;Wings;;;FP;LDPE;ML;13;Denpasar;Bali;24/09/2023;Outdoor;Coast/Shoreline
SUPERSTAR;Mayora Indah;;;FP;LDPE;ML;9;Denpasar;Bali;24/09/2023;Outdoor;Coast/Shoreline
DUA KELINCI;Dua Kelinci;;;FP;LDPE;ML;1;Denpasar;Bali;24/09/2023;Outdoor;Coast/Shoreline
MOMOGI;Sari Murni;;;FP;LDPE;ML;7;Denpasar;Bali;24/09/2023;Outdoor;Coast/Shoreline
ATTACK;Kao Corporation Chemicals company;;;PC;LDPE;ML;1;Denpasar;Bali;24/09/2023;Outdoor;Coast/Shoreline
DAIA;Wings;;;PC;LDPE;ML;10;Denpasar;Bali;24/09/2023;Outdoor;Coast/Shoreline
UTSUKUSHHII;;AFC LIFESCIENCE;;FP;LDPE;ML;1;Denpasar;Bali;24/09/2023;Outdoor;Coast/Shoreline
SPIX;Siantar Top;;;FP;LDPE;ML;3;Denpasar;Bali;24/09/2023;Outdoor;Coast/Shoreline
GARUDA;Tudung Group;;;FP;LDPE;ML;1;Denpasar;Bali;24/09/2023;Outdoor;Coast/Shoreline
MARIE REGAL;Jaya Abadi;;;FP;LDPE;ML;1;Denpasar;Bali;24/09/2023;Outdoor;Coast/Shoreline
GEMEZ;Siantar Top;;;FP;LDPE;ML;2;Denpasar;Bali;24/09/2023;Outdoor;Coast/Shoreline
UNKNOWN;Unbranded;;;FP;LDPE;ML;3;Denpasar;Bali;24/09/2023;Outdoor;Coast/Shoreline
MENTOS;Perfetti van Melle;;;FP;LDPE;ML;4;Denpasar;Bali;24/09/2023;Outdoor;Coast/Shoreline
KOPIKO;Mayora Indah;;;FP;LDPE;ML;3;Denpasar;Bali;24/09/2023;Outdoor;Coast/Shoreline
KIS;Mayora Indah;;;FP;LDPE;ML;3;Denpasar;Bali;24/09/2023;Outdoor;Coast/Shoreline
CUP CUP SNACK;;PT. BRU;;FP;LDPE;ML;1;Denpasar;Bali;24/09/2023;Outdoor;Coast/Shoreline
RELAXA;Agel Langgeng;;;FP;LDPE;ML;5;Denpasar;Bali;24/09/2023;Outdoor;Coast/Shoreline
POP MIE;Indofood;;;FP;LDPE;ML;3;Denpasar;Bali;24/09/2023;Outdoor;Coast/Shoreline
LIFEBOUY;Unilever;;;PC;LDPE;ML;2;Denpasar;Bali;24/09/2023;Outdoor;Coast/Shoreline
RENABETIC;;UNKNOWN;;PC;O;ML;1;Denpasar;Bali;24/09/2023;Outdoor;Coast/Shoreline
MIXAGRIP;;UNKNOWN;;PC;O;ML;1;Denpasar;Bali;24/09/2023;Outdoor;Coast/Shoreline
BENGBENG;PT Mayora Indah Tbk;;;FP;LDPE;ML;2;Denpasar;Bali;24/09/2023;Outdoor;Coast/Shoreline
CAHAYA BALI;;UNKNOWN;;FP;LDPE;ML;8;Denpasar;Bali;24/09/2023;Outdoor;Coast/Shoreline
UNKNOWN;Unbranded;;;PC;HDPE;ML;1;Denpasar;Bali;24/09/2023;Outdoor;Coast/Shoreline
FINNA;;PT. SEKAR LAUT;;FP;LDPE;ML;1;Denpasar;Bali;24/09/2023;Outdoor;Coast/Shoreline
WARDAH;Paragon Technology;;;PC;HDPE;ML;1;Denpasar;Bali;24/09/2023;Outdoor;Coast/Shoreline
HOTEL SOAP;;UNKNOWN;;PC;HDPE;ML;1;Denpasar;Bali;24/09/2023;Outdoor;Coast/Shoreline
MILKITA;Unifam;;;FP;LDPE;ML;1;Denpasar;Bali;24/09/2023;Outdoor;Coast/Shoreline
ROMA MALKIST;Mayora Indah;;;FP;LDPE;ML;6;Denpasar;Bali;24/09/2023;Outdoor;Coast/Shoreline
UNKNOWN;Unbranded;;;FP;LDPE;ML;12;Denpasar;Bali;24/09/2023;Outdoor;Coast/Shoreline
MINTZ;Orang Tua;;;FP;LDPE;ML;1;Denpasar;Bali;24/09/2023;Outdoor;Coast/Shoreline
KOPI ABC;Santos Jaya Abadi;;;FP;LDPE;ML;19;Denpasar;Bali;24/09/2023;Outdoor;Coast/Shoreline
JAGUAR;;UNKNOWN;;FP;LDPE;ML;1;Denpasar;Bali;24/09/2023;Outdoor;Coast/Shoreline
NGETOP;CRU Indonesia;;;FP;LDPE;ML;6;Denpasar;Bali;24/09/2023;Outdoor;Coast/Shoreline
RINSO;Unilever;;;PC;LDPE;ML;1;Denpasar;Bali;24/09/2023;Outdoor;Coast/Shoreline
HAZELINE;;PT. JAYA UTAMA SANTIKAH;;PC;HDPE;ML;1;Denpasar;Bali;24/09/2023;Outdoor;Coast/Shoreline
COCO PUFF;;UNIVERSAL INDOFOOD;;FP;LDPE;ML;1;Denpasar;Bali;24/09/2023;Outdoor;Coast/Shoreline
CEREMONY;;PT. DEWATA SUKSES PERKASA;;SM;O;ML;1;Denpasar;Bali;24/09/2023;Outdoor;Coast/Shoreline
CHIPS RIBUT;cv ribut snack;;;FP;LDPE;ML;3;Denpasar;Bali;24/09/2023;Outdoor;Coast/Shoreline
KIT KAT;Hershey Company;;;FP;LDPE;ML;1;Denpasar;Bali;24/09/2023;Outdoor;Coast/Shoreline
MIGI;Sari Murni Jaya;;;FP;LDPE;ML;5;Denpasar;Bali;24/09/2023;Outdoor;Coast/Shoreline
KALPA;Mayora Indah;;;FP;LDPE;ML;1;Denpasar;Bali;24/09/2023;Outdoor;Coast/Shoreline
ZINC;PT Lion Wings;;;PC;LDPE;ML;1;Denpasar;Bali;24/09/2023;Outdoor;Coast/Shoreline
CAMELO;Sumber Tirta Pamenang;;;SM;O;ML;2;Denpasar;Bali;24/09/2023;Outdoor;Coast/Shoreline
SAMPOERNA MILD;Philip Morris International;;;SM;O;ML;2;Denpasar;Bali;24/09/2023;Outdoor;Coast/Shoreline
GEO MILD;Djarum;;;SM;O;ML;1;Denpasar;Bali;24/09/2023;Outdoor;Coast/Shoreline
DJI SAM SOE;HM Sampoerna, Tbk;;;SM;O;ML;1;Denpasar;Bali;24/09/2023;Outdoor;Coast/Shoreline
BULLS;Abadi Maju Sigaret;;;SM;O;ML;1;Denpasar;Bali;24/09/2023;Outdoor;Coast/Shoreline
DJARUM;Djarum Indonesia;;;SM;O;ML;1;Denpasar;Bali;24/09/2023;Outdoor;Coast/Shoreline
SURYA;Gudang Garam Tbk.;;;SM;O;ML;4;Denpasar;Bali;24/09/2023;Outdoor;Coast/Shoreline
TALI JAGAT;;PT. BENTOEL;;SM;O;ML;1;Denpasar;Bali;24/09/2023;Outdoor;Coast/Shoreline
MIE SUKSES;Wings;;;FP;LDPE;ML;1;Denpasar;Bali;24/09/2023;Outdoor;Coast/Shoreline
CHIKI;Indofood;;;FP;LDPE;ML;1;Denpasar;Bali;24/09/2023;Outdoor;Coast/Shoreline
MASAKO;Ajinomoto;;;FP;LDPE;ML;9;Denpasar;Bali;24/09/2023;Outdoor;Coast/Shoreline
UNKNOWN;Unbranded;;;PC;HDPE;ML;5;Denpasar;Bali;24/09/2023;Outdoor;Coast/Shoreline
CLOUD 9;Universal Robina Corporation;;;FP;LDPE;ML;2;Denpasar;Bali;24/09/2023;Outdoor;Coast/Shoreline
JETZ;Indofood;;;FP;LDPE;ML;2;Denpasar;Bali;24/09/2023;Outdoor;Coast/Shoreline
MINYAKITA;;PT. BINA KARYA PRIMA;;FP;PS;ML;1;Denpasar;Bali;24/09/2023;Outdoor;Coast/Shoreline
SLAI OLAI;Mayora Indah;;;FP;LDPE;ML;1;Denpasar;Bali;24/09/2023;Outdoor;Coast/Shoreline
CHOCO CHIPS;Simba;;;FP;LDPE;ML;1;Denpasar;Bali;24/09/2023;Outdoor;Coast/Shoreline
PUSAN;;PT. PUSAN MANIS MULIA;;FP;LDPE;ML;1;Denpasar;Bali;24/09/2023;Outdoor;Coast/Shoreline
MIE SEDAP;Wings;;;FP;LDPE;ML;1;Denpasar;Bali;24/09/2023;Outdoor;Coast/Shoreline
MINYAK GORENG FORTUNE;;PT. SARI AGROTAMA PERSADA;;FP;PS;ML;1;Denpasar;Bali;24/09/2023;Outdoor;Coast/Shoreline
SALT CHEESE;Khong Guan;;;FP;LDPE;ML;1;Denpasar;Bali;24/09/2023;Outdoor;Coast/Shoreline
M&M'S;Mars, Incorporated;;;FP;LDPE;ML;1;Denpasar;Bali;24/09/2023;Outdoor;Coast/Shoreline
MIKAKO;Rubber Snack Industry;;;FP;LDPE;ML;1;Denpasar;Bali;24/09/2023;Outdoor;Coast/Shoreline
YALE YALE;;SARI MURNI GROUP;;FP;LDPE;ML;1;Denpasar;Bali;24/09/2023;Outdoor;Coast/Shoreline
GO POTATO;Siantar Top;;;FP;LDPE;ML;1;Denpasar;Bali;24/09/2023;Outdoor;Coast/Shoreline
KHONG GUAN;Khong Guan;;;FP;LDPE;ML;1;Denpasar;Bali;24/09/2023;Outdoor;Coast/Shoreline
BIO AQUA;;PT PERMATA INDO KAV;;PC;LDPE;ML;1;Denpasar;Bali;24/09/2023;Outdoor;Coast/Shoreline
KULKUL;Indolakto;;;FP;LDPE;ML;1;Denpasar;Bali;24/09/2023;Outdoor;Coast/Shoreline
FITOZZ;;UNKNOWN;;FP;LDPE;ML;1;Denpasar;Bali;24/09/2023;Outdoor;Coast/Shoreline
SARIWANGI;Unilever;;;FP;LDPE;ML;1;Denpasar;Bali;24/09/2023;Outdoor;Coast/Shoreline
MAGNUM;Unilever;;;FP;LDPE;ML;1;Denpasar;Bali;24/09/2023;Outdoor;Coast/Shoreline
RINSO;Unilever;;;FP;LDPE;ML;1;Denpasar;Bali;24/09/2023;Outdoor;Coast/Shoreline
CUP CUP SNACK;;PT. BRU;;FP;LDPE;ML;2;Denpasar;Bali;24/09/2023;Outdoor;Coast/Shoreline
CLEAR;Unilever;;;PC;LDPE;ML;1;Denpasar;Bali;24/09/2023;Outdoor;Coast/Shoreline
ROSARIA;;PT. UBM;;FP;LDPE;ML;1;Denpasar;Bali;24/09/2023;Outdoor;Coast/Shoreline
AQUA;Danone;;;FP;LDPE;ML;1;Denpasar;Bali;24/09/2023;Outdoor;Coast/Shoreline
PRABHUDH BHARATH;;UNKNOWN;;SM;O;ML;1;Denpasar;Bali;24/09/2023;Outdoor;Coast/Shoreline
ANTANGIN;Deltomed Laboratories;;;FP;LDPE;ML;1;Denpasar;Bali;24/09/2023;Outdoor;Coast/Shoreline
PIE SUSU CHANDRA;Pie Susu Chandra;;;FP;LDPE;ML;1;Denpasar;Bali;24/09/2023;Outdoor;Coast/Shoreline
SM BERAS;;UNKNOWN;;FP;O;ML;1;Denpasar;Bali;24/09/2023;Outdoor;Coast/Shoreline
CLOSE UP;Colgate-Palmolive;;;PC;HDPE;ML;3;Denpasar;Bali;24/09/2023;Outdoor;Coast/Shoreline
SYSTEMA;Lion Corporation;;;PC;HDPE;ML;1;Denpasar;Bali;24/09/2023;Outdoor;Coast/Shoreline
KOMIX;Bintang Toedjoe;;;PC;LDPE;ML;1;Denpasar;Bali;24/09/2023;Outdoor;Coast/Shoreline
MIE SEDAP;Wings;;;FP;LDPE;ML;1;Denpasar;Bali;24/09/2023;Outdoor;Coast/Shoreline
GERY;Garuda Food;;;FP;LDPE;ML;1;Denpasar;Bali;24/09/2023;Outdoor;Coast/Shoreline
WAFER ROLL;;PT. MANOHARA ASRI;;FP;LDPE;ML;4;Denpasar;Bali;24/09/2023;Outdoor;Coast/Shoreline
SMAX RING;Pacific Food Indonesia;;;FP;LDPE;ML;2;Denpasar;Bali;24/09/2023;Outdoor;Coast/Shoreline
ROMA;Mayora Indah;;;FP;LDPE;ML;1;Denpasar;Bali;24/09/2023;Outdoor;Coast/Shoreline
INTERNATIONAL CHOCOLATE;;UNKNOWN;;FP;LDPE;ML;2;Denpasar;Bali;24/09/2023;Outdoor;Coast/Shoreline
KODOMO;;PT. INDAH JAYA INDONESIA;;PC;HDPE;ML;1;Denpasar;Bali;24/09/2023;Outdoor;Coast/Shoreline
TWISTKO;European Snack Food Co.,Ltd.;;;FP;LDPE;ML;1;Denpasar;Bali;24/09/2023;Outdoor;Coast/Shoreline
SUPERCO;Khong Guan;;;FP;LDPE;ML;3;Denpasar;Bali;24/09/2023;Outdoor;Coast/Shoreline
PANTENE;Colgate-Palmolive;;;PC;LDPE;ML;2;Denpasar;Bali;24/09/2023;Outdoor;Coast/Shoreline
MINYAK KN;;UNKNOWN;;FP;PS;ML;1;Denpasar;Bali;24/09/2023;Outdoor;Coast/Shoreline
TEH KOTAK;Ultrajaya;;;FP;O;ML;1;Denpasar;Bali;24/09/2023;Outdoor;Coast/Shoreline
HP ROKOK;;UNKNOWN;;SM;O;ML;1;Denpasar;Bali;24/09/2023;Outdoor;Coast/Shoreline
HOT HOT POP;Bronson;;;FP;LDPE;ML;2;Denpasar;Bali;24/09/2023;Outdoor;Coast/Shoreline
CHOKI CHOKI;Mayora Indah;;;FP;LDPE;ML;2;Denpasar;Bali;24/09/2023;Outdoor;Coast/Shoreline
OISHI;Liwayway Holdings Company Limited;;;FP;LDPE;ML;2;Denpasar;Bali;24/09/2023;Outdoor;Coast/Shoreline
DILAN;;MAYORA INDAH;;FP;LDPE;ML;2;Denpasar;Bali;24/09/2023;Outdoor;Coast/Shoreline
PROTEX;Colgate-Palmolive;;;PC;LDPE;ML;1;Denpasar;Bali;24/09/2023;Outdoor;Coast/Shoreline
CHARM;Unbranded;;;PC;LDPE;ML;1;Denpasar;Bali;24/09/2023;Outdoor;Coast/Shoreline
KUKIS KELAPA;Kokola;;;FP;LDPE;ML;2;Denpasar;Bali;24/09/2023;Outdoor;Coast/Shoreline
BON CABE;Kobe;;;FP;LDPE;ML;2;Denpasar;Bali;24/09/2023;Outdoor;Coast/Shoreline
MAXICORN;;INDOFOOD FORTUNA MAKMUR;;FP;LDPE;ML;1;Denpasar;Bali;24/09/2023;Outdoor;Coast/Shoreline
BISKUIT OREO;;PT. MONDELEZ INDONESIA MANUFACTURING;;FP;LDPE;ML;3;Denpasar;Bali;24/09/2023;Outdoor;Coast/Shoreline
PEPSODENT;Unilever;;;PC;HDPE;ML;10;Denpasar;Bali;24/09/2023;Outdoor;Coast/Shoreline
GET GIT WAFER;;UNKNOWN;;FP;LDPE;ML;1;Denpasar;Bali;24/09/2023;Outdoor;Coast/Shoreline
GOOD TIME;Arnott's;;;FP;LDPE;ML;1;Denpasar;Bali;24/09/2023;Outdoor;Coast/Shoreline
KAPAL API;Santos Jaya Abadi;;;FP;LDPE;ML;2;Denpasar;Bali;24/09/2023;Outdoor;Coast/Shoreline
INDOMIE;Indofood;;;FP;LDPE;ML;4;Denpasar;Bali;24/09/2023;Outdoor;Coast/Shoreline
SUNLIGHT;Unilever;;;HP;LDPE;ML;2;Denpasar;Bali;24/09/2023;Outdoor;Coast/Shoreline
SPIX;Siantar Top;;;FP;LDPE;ML;15;Denpasar;Bali;24/09/2023;Outdoor;Coast/Shoreline
GARUDA;Tudung Group;;;FP;LDPE;ML;3;Denpasar;Bali;24/09/2023;Outdoor;Coast/Shoreline
KWACI;;UNKNOWN;;FP;LDPE;ML;1;Denpasar;Bali;24/09/2023;Outdoor;Coast/Shoreline
LUWAK KOPI MURNI;;PT. SAKTISETIA SANTOSA;;FP;LDPE;ML;1;Denpasar;Bali;24/09/2023;Outdoor;Coast/Shoreline
HYDRO COCO;Kalbe Farma Tbk;;;FP;O;ML;3;Denpasar;Bali;24/09/2023;Outdoor;Coast/Shoreline
CIMORY;Mountain Dairy;;;FP;O;ML;1;Denpasar;Bali;24/09/2023;Outdoor;Coast/Shoreline
SARI KACANG HIJAU;Ultrajaya;;;FP;O;ML;1;Denpasar;Bali;24/09/2023;Outdoor;Coast/Shoreline
TANGO;Tango;;;FP;LDPE;ML;3;Denpasar;Bali;24/09/2023;Outdoor;Coast/Shoreline
LAZERY YOGURT;;PT. UNION FOODS;;FP;LDPE;ML;1;Denpasar;Bali;24/09/2023;Outdoor;Coast/Shoreline
CHOCOMANIA COOKIES;;UNKNOWN;;FP;LDPE;ML;1;Denpasar;Bali;24/09/2023;Outdoor;Coast/Shoreline
GERY SALUT;Garuda Food;;;FP;LDPE;ML;1;Denpasar;Bali;24/09/2023;Outdoor;Coast/Shoreline
SO KLIN;Wings;;;PC;LDPE;ML;3;Denpasar;Bali;24/09/2023;Outdoor;Coast/Shoreline
UNKNOWN;Unbranded;;;PC;HDPE;ML;7;Denpasar;Bali;24/09/2023;Outdoor;Coast/Shoreline
KHE KHE KUACI;;PT. GUMINDO BOGA MANIS;;FP;LDPE;ML;4;Denpasar;Bali;24/09/2023;Outdoor;Coast/Shoreline
CIMORY;Mountain Dairy;;;FP;LDPE;ML;1;Denpasar;Bali;24/09/2023;Outdoor;Coast/Shoreline
PARAMEX;Konimex;;MEDICINE;HP;PET;SL;1;Kuningan;West Java;23/09/2023;Outdoor;Mountain
TANOMARA SILKY;;PT Jaya Utama Santikah;HANDBODY;PC;HDPE;SL;1;Kuningan;West Java;23/09/2023;Outdoor;Mountain
CLEAR;Unilever;;SHAMPOO;PC;HDPE;SL;1;Kuningan;West Java;23/09/2023;Outdoor;Mountain
KRATINGDAENG;Asia Health Energi Beverages;;BEVERAGE;FP;O;SL;14;Kuningan;West Java;23/09/2023;Outdoor;Mountain
BEAR BRAND;Nestle;;SUSU;FP;O;SL;3;Kuningan;West Java;23/09/2023;Outdoor;Mountain
COCA COLA;The Coca-Cola Company;;BEVERAGE;FP;O;SL;2;Kuningan;West Java;23/09/2023;Outdoor;Mountain
LARUTAN CAP KAKI TIGA;Kino;;BEVERAGE;FP;O;SL;3;Kuningan;West Java;23/09/2023;Outdoor;Mountain
UC 1000;Djojonegoro;;BEVERAGE;FP;O;SL;3;Kuningan;West Java;23/09/2023;Outdoor;Mountain
PRONAS;;PT. Canning Indonesian Products ;CORNET;FP;O;SL;2;Kuningan;West Java;23/09/2023;Outdoor;Mountain
ANGGUR PUTIH;;PT. Dewata Kencana Distribusi;BEVERAGE;FP;O;SL;1;Kuningan;West Java;23/09/2023;Outdoor;Mountain
HEMAVITON;Tempo Scan Pacific;;BEVERAGE;FP;O;SL;1;Kuningan;West Java;23/09/2023;Outdoor;Mountain
TUJUH KURMA;;PT Jaya Utama Santikah;BEVERAGE;FP;O;SL;1;Kuningan;West Java;23/09/2023;Outdoor;Mountain
MIE SAKURA;;INDOFOOD;INSTANT NOODLES;FP;O;ML;15;Kuningan;West Java;23/09/2023;Outdoor;Mountain
MIE ABC;;PT ABC PRESIDENT INDONESIA;INSTANT NOODLES;FP;O;ML;15;Kuningan;West Java;23/09/2023;Outdoor;Mountain
MIE GAGA;Jakarana Tama;;INSTANT NOODLES;FP;O;ML;2;Kuningan;West Java;23/09/2023;Outdoor;Mountain
MIE GELAS;Mayora Indah;;INSTANT NOODLES;FP;O;ML;1;Kuningan;West Java;23/09/2023;Outdoor;Mountain
SHIN RAMYUN;NONGSHIM;;INSTANT NOODLES;FP;O;ML;2;Kuningan;West Java;23/09/2023;Outdoor;Mountain
MIE SUKSES;Wings;;INSTANT NOODLES;FP;O;ML;4;Kuningan;West Java;23/09/2023;Outdoor;Mountain
MIE TIP TOP;;PT RADJAWALI FOOD;INSTANT NOODLES;FP;O;ML;3;Kuningan;West Java;23/09/2023;Outdoor;Mountain
MIE BONCABE;;PT KOBE;INSTANT NOODLES;FP;O;ML;1;Kuningan;West Java;23/09/2023;Outdoor;Mountain
MIE SEDAP;Wings;;INSTANT NOODLES;FP;O;ML;20;Kuningan;West Java;23/09/2023;Outdoor;Mountain
INDOMIE;Indofood;;INSTANT NOODLES;FP;O;ML;138;Kuningan;West Java;23/09/2023;Outdoor;Mountain
SARIMI;Indofood;;INSTANT NOODLES;FP;O;ML;9;Kuningan;West Java;23/09/2023;Outdoor;Mountain
AQUA;Danone;;MINERAL WATER;FP;PP;SL;99;Kuningan;West Java;23/09/2023;Outdoor;Mountain
LE MINERALE;Mayora Indah;;MINERAL WATER;FP;PP;SL;37;Kuningan;West Java;23/09/2023;Outdoor;Mountain
FLORIDINA;Wings Indonesia;;MINERAL WATER;FP;PP;SL;4;Kuningan;West Java;23/09/2023;Outdoor;Mountain
CAIGUN;;PT. SARANA SUMBER TIRTA;CUP;FP;PP;SL;41;Kuningan;West Java;23/09/2023;Outdoor;Mountain
SHANIN;;PT. SUMBER MINERAL INDAH;CUP;FP;PP;SL;20;Kuningan;West Java;23/09/2023;Outdoor;Mountain
SHOPIA;;PT. TRISAKTI MAKMUR ABADI;CUP;FP;PP;SL;40;Kuningan;West Java;23/09/2023;Outdoor;Mountain
FRUIT TEA;Sinar Sosro;;BOTTLE;FP;PP;SL;7;Kuningan;West Java;23/09/2023;Outdoor;Mountain
JAVANA;Wings;;BOTTLE;FP;PP;SL;3;Kuningan;West Java;23/09/2023;Outdoor;Mountain
AQUA;Danone;;CUP;FP;PP;SL;15;Kuningan;West Java;23/09/2023;Outdoor;Mountain
TIRTA;;PERUMDA AIR MINUM TIRTA RAHARJA;CUP;FP;PP;SL;15;Kuningan;West Java;23/09/2023;Outdoor;Mountain
AZIZA;;CV Tirta Mekar KUNINGAN;CUP;FP;PP;SL;51;Kuningan;West Java;23/09/2023;Outdoor;Mountain
AQUA;Danone;;KARDUS KEMASAN;FP;O;ML;1;Kuningan;West Java;23/09/2023;Outdoor;Mountain
UNKNOWN;Unbranded;;PIRING MAKANAN MIKA;FP;PS;SL;35;Kuningan;West Java;23/09/2023;Outdoor;Mountain
UNKNOWN;Unbranded;;GELAS KERTAS;FP;PS;ML;74;Kuningan;West Java;23/09/2023;Outdoor;Mountain
UNKNOWN;Unbranded;;STEREFOAM MAKANAN;FP;PS;SL;71;Kuningan;West Java;23/09/2023;Outdoor;Mountain
POP MIE;Indofood;;MIE KEMASAN;FP;PS;SL;31;Kuningan;West Java;23/09/2023;Outdoor;Mountain
UNKNOWN;Unbranded;;GELAS PLASTIK;FP;PS;SL;11;Kuningan;West Java;23/09/2023;Outdoor;Mountain
MIE SEDAP;Wings;;MAKANAN;FP;PS;ML;16;Kuningan;West Java;23/09/2023;Outdoor;Mountain
MIE GAGA;Jakarana Tama;;MAKANAN;FP;PS;ML;1;Kuningan;West Java;23/09/2023;Outdoor;Mountain
UNKNOWN;Unbranded;;TUTUP GELAS;FP;PS;SL;1;Kuningan;West Java;23/09/2023;Outdoor;Mountain
UNKNOWN;Unbranded;;STEREFOAM;FP;PS;ML;4;Kuningan;West Java;23/09/2023;Outdoor;Mountain
AQUA;Danone;;BOTTLE;FP;PET;SL;62;Kuningan;West Java;23/09/2023;Outdoor;Mountain
LE MINERALE;Mayora Indah;;BOTTLE;FP;PET;SL;38;Kuningan;West Java;23/09/2023;Outdoor;Mountain
PRAJA;;CV. PRAJA MANDIRI;BOTTLE;FP;PET;SL;23;Kuningan;West Java;23/09/2023;Outdoor;Mountain
AZIZA;;CV Tirta Mekar KUNINGAN;BOTTLE;FP;PP;SL;77;Kuningan;West Java;23/09/2023;Outdoor;Mountain
TIRTA;;PERUMDA AIR MINUM TIRTA RAHARJA;BOTTLE;FP;PP;SL;23;Kuningan;West Java;23/09/2023;Outdoor;Mountain
BATAVIA;Indomultimas Perkasa;;BOTTLE;FP;PP;SL;18;Kuningan;West Java;23/09/2023;Outdoor;Mountain
FRUIT TEA;Sinar Sosro;;SOFTDRINK;FP;PET;SL;9;Kuningan;West Java;23/09/2023;Outdoor;Mountain
COCA COLA;The Coca-Cola Company;;SOFTDRINK;FP;PET;SL;3;Kuningan;West Java;23/09/2023;Outdoor;Mountain
FLORIDINA;Wings Indonesia;;SOFTDRINK;FP;PET;SL;4;Kuningan;West Java;23/09/2023;Outdoor;Mountain
CRYSTALLINE;Orang Tua;;BOTTLE;FP;PET;SL;4;Kuningan;West Java;23/09/2023;Outdoor;Mountain
PURE LIFE;Nestle;;BOTTLE;FP;PET;SL;4;Kuningan;West Java;23/09/2023;Outdoor;Mountain
TEH PUCUK;Mayora Indah;;BOTTLE;FP;PET;SL;5;Kuningan;West Java;23/09/2023;Outdoor;Mountain
INDOMARET;Indomarco Prismatama;;PLASTIC BAGS;HP;LDPE;SL;30;Kuningan;West Java;23/09/2023;Outdoor;Mountain
ALFAMART;Alfamart;;PLASTIC BAGS;HP;LDPE;SL;23;Kuningan;West Java;23/09/2023;Outdoor;Mountain
UNKNOWN;Unbranded;;PLASTIC BAGS;HP;LDPE;SL;45;Kuningan;West Java;23/09/2023;Outdoor;Mountain
FAM FROZEN FOOD;Unbranded;;PLASTIC BAGS;HP;LDPE;SL;2;Kuningan;West Java;23/09/2023;Outdoor;Mountain
PLASTIK YOGYA;;YOGYA;PLASTIC BAGS;HP;LDPE;SL;2;Kuningan;West Java;23/09/2023;Outdoor;Mountain
UNKNOWN;Unbranded;;FOOD PACKAGING;FP;LDPE;SL;7;Kuningan;West Java;23/09/2023;Outdoor;Mountain
UNKNOWN;Unbranded;;PLASTIC BAGS POLIMER;HP;LDPE;ML;1;Kuningan;West Java;23/09/2023;Outdoor;Mountain
UNKNOWN;Unbranded;;PLASTIC BAGS;HP;LDPE;SL;1;Kuningan;West Java;23/09/2023;Outdoor;Mountain
HOLLAND BAKERY;Holland Bakery Indonesia;PT MUSTIKA CITRA RASA;PLASTIC BAGS;FP;LDPE;SL;1;Kuningan;West Java;23/09/2023;Outdoor;Mountain
UNKNOWN;Unbranded;;PLASTIC BAGS;HP;LDPE;SL;31;Kuningan;West Java;23/09/2023;Outdoor;Mountain
PILUS GARUDA;Tudung Group;;FOOD PACKAGING;FP;LDPE;ML;8;Kuningan;West Java;23/09/2023;Outdoor;Mountain
OISHI PILLOW;;PT. Liwayway;FOOD PACKAGING;FP;LDPE;ML;4;Kuningan;West Java;23/09/2023;Outdoor;Mountain
NEXTAR;Nabati;;FOOD PACKAGING;FP;LDPE;ML;1;Kuningan;West Java;23/09/2023;Outdoor;Mountain
SUKI;Siantar Top;;FOOD PACKAGING;FP;LDPE;ML;3;Kuningan;West Java;23/09/2023;Outdoor;Mountain
CEDEA DUMPLING;;PT CitraDimensi Arthali;FOOD PACKAGING;FP;LDPE;SL;2;Kuningan;West Java;23/09/2023;Outdoor;Mountain
GOOD TIME;Arnott's;;FOOD PACKAGING;FP;LDPE;ML;1;Kuningan;West Java;23/09/2023;Outdoor;Mountain
SALAM SCALOP;;CV pangan berkah sentosa;FOOD PACKAGING;FP;LDPE;ML;2;Kuningan;West Java;23/09/2023;Outdoor;Mountain
BAMBOE ASIA;;PT bamboe indonesia;FOOD PACKAGING;FP;LDPE;ML;1;Kuningan;West Java;23/09/2023;Outdoor;Mountain
SUPER BUBUR;Mayora Indah;;FOOD PACKAGING;FP;LDPE;ML;7;Kuningan;West Java;23/09/2023;Outdoor;Mountain
KALPA;Mayora Indah;;FOOD PACKAGING;FP;LDPE;ML;1;Kuningan;West Java;23/09/2023;Outdoor;Mountain
SOSIS GEBOI;;PT Petra Sejahtera Abadi ;FOOD PACKAGING;FP;LDPE;ML;1;Kuningan;West Java;23/09/2023;Outdoor;Mountain
AJISUKA PILUS;;PT TRIO RASA MAS;FOOD PACKAGING;FP;LDPE;ML;1;Kuningan;West Java;23/09/2023;Outdoor;Mountain
MAMA LEMON;Lion Wings;;FOOD PACKAGING;FP;LDPE;ML;1;Kuningan;West Java;23/09/2023;Outdoor;Mountain
UNKNOWN;Unbranded;;FOOD PACKAGING;FP;LDPE;ML;1;Kuningan;West Java;23/09/2023;Outdoor;Mountain
GERY SALUT;Garuda Food;;FOOD PACKAGING;FP;LDPE;ML;3;Kuningan;West Java;23/09/2023;Outdoor;Mountain
GORIORIO;Siantar Top;;FOOD PACKAGING;FP;LDPE;ML;2;Kuningan;West Java;23/09/2023;Outdoor;Mountain
ROMA MALKIST;Mayora Indah;;FOOD PACKAGING;FP;LDPE;ML;2;Kuningan;West Java;23/09/2023;Outdoor;Mountain
UNKNOWN;Unbranded;;FOOD PACKAGING;FP;O;SL;4;Kuningan;West Java;23/09/2023;Outdoor;Mountain
SUPER STAR;Mayora Indah;;FOOD PACKAGING;FP;LDPE;ML;1;Kuningan;West Java;23/09/2023;Outdoor;Mountain
BISKUAT;Mega global food;;FOOD PACKAGING;FP;LDPE;ML;2;Kuningan;West Java;23/09/2023;Outdoor;Mountain
TICTAC;Dua Kelinci;;FOOD PACKAGING;FP;LDPE;ML;3;Kuningan;West Java;23/09/2023;Outdoor;Mountain
UNKNOWN;Unbranded;;FOOD PACKAGING;FP;O;SL;1;Kuningan;West Java;23/09/2023;Outdoor;Mountain
OISHI SPONGE;Liwayway Holdings Company Limited;;FOOD PACKAGING;FP;LDPE;ML;1;Kuningan;West Java;23/09/2023;Outdoor;Mountain
OREO;Dongsuh Foods;;FOOD PACKAGING;FP;LDPE;ML;6;Kuningan;West Java;23/09/2023;Outdoor;Mountain
BETTER;Mayora Indah;;FOOD PACKAGING;FP;LDPE;ML;1;Kuningan;West Java;23/09/2023;Outdoor;Mountain
SARI GANDUM;Mayora Indah;;FOOD PACKAGING;FP;LDPE;ML;1;Kuningan;West Java;23/09/2023;Outdoor;Mountain
SLAI OLAI;Mayora Indah;;FOOD PACKAGING;FP;LDPE;ML;4;Kuningan;West Java;23/09/2023;Outdoor;Mountain
UNKNOWN;unbranded;;FOOD PACKAGING;FP;O;SL;4;Kuningan;West Java;23/09/2023;Outdoor;Mountain
AOKA;Indonesia Bakery Family;;FOOD PACKAGING;FP;LDPE;SL;13;Kuningan;West Java;23/09/2023;Outdoor;Mountain
KACANG BELEDUG;;PT. Pandowo Utomo Food;FOOD PACKAGING;FP;LDPE;ML;5;Kuningan;West Java;23/09/2023;Outdoor;Mountain
MINI PAU;;PT Sukanda Djaya;FOOD PACKAGING;FP;LDPE;SL;1;Kuningan;West Java;23/09/2023;Outdoor;Mountain
GARUDA ROSTA;Garuda Food;;FOOD PACKAGING;FP;LDPE;ML;2;Kuningan;West Java;23/09/2023;Outdoor;Mountain
TANGO;Tango;;FOOD PACKAGING;FP;LDPE;ML;4;Kuningan;West Java;23/09/2023;Outdoor;Mountain
BENG BENG;Mayora Inda;;FOOD PACKAGING;FP;LDPE;ML;11;Kuningan;West Java;23/09/2023;Outdoor;Mountain
UNKNOWN;Unbranded;;FOOD PACKAGING;FP;O;SL;1;Kuningan;West Java;23/09/2023;Outdoor;Mountain
MOMOTARO;PT Indonesia Bakery Family;;FOOD PACKAGING;FP;LDPE;ML;1;Kuningan;West Java;23/09/2023;Outdoor;Mountain
SARI ROTI;Nippon Indosari Corpindo;;FOOD PACKAGING;FP;LDPE;ML;7;Kuningan;West Java;23/09/2023;Outdoor;Mountain
REBO;Gumindo Bogamanis;;FOOD PACKAGING;FP;LDPE;ML;2;Kuningan;West Java;23/09/2023;Outdoor;Mountain
UNKNOWN;Unbranded;;FOOD PACKAGING;FP;O;SL;4;Kuningan;West Java;23/09/2023;Outdoor;Mountain
NABATI;Nabati Group.;;FOOD PACKAGING;FP;LDPE;ML;8;Kuningan;West Java;23/09/2023;Outdoor;Mountain
NISSIN;Monde M.Y. San Corporation;;FOOD PACKAGING;FP;LDPE;SL;3;Kuningan;West Java;23/09/2023;Outdoor;Mountain
HELLO PANDA;Meiji Holdings Co., Ltd;;FOOD PACKAGING;FP;LDPE;ML;1;Kuningan;West Java;23/09/2023;Outdoor;Mountain
CHOCO PIE;Lotte Confectionary Co;;FOOD PACKAGING;FP;LDPE;ML;1;Kuningan;West Java;23/09/2023;Outdoor;Mountain
CHITATO;Indofood;;FOOD PACKAGING;FP;LDPE;ML;11;Kuningan;West Java;23/09/2023;Outdoor;Mountain
POTA BEE;Wings;;FOOD PACKAGING;FP;LDPE;ML;3;Kuningan;West Java;23/09/2023;Outdoor;Mountain
KUSUKA;CV Arira Pangindo;;FOOD PACKAGING;FP;LDPE;ML;2;Kuningan;West Java;23/09/2023;Outdoor;Mountain
FRENCH FRIES;Siantar Top;;FOOD PACKAGING;FP;LDPE;ML;6;Kuningan;West Java;23/09/2023;Outdoor;Mountain
QTELA;Indofood;;FOOD PACKAGING;FP;LDPE;ML;8;Kuningan;West Java;23/09/2023;Outdoor;Mountain
BON CABE;Kobe;;FOOD PACKAGING;FP;LDPE;ML;3;Kuningan;West Java;23/09/2023;Outdoor;Mountain
OISHI;Liwayway Holdings Company Limited;;FOOD PACKAGING;FP;LDPE;ML;1;Kuningan;West Java;23/09/2023;Outdoor;Mountain
HAPPY TOS;Sinar Kencana Agung;;FOOD PACKAGING;FP;LDPE;ML;4;Kuningan;West Java;23/09/2023;Outdoor;Mountain
SUKRO;Dua Kelinci;;FOOD PACKAGING;FP;LDPE;ML;1;Kuningan;West Java;23/09/2023;Outdoor;Mountain
CHIKI TWIST;;PT Indofood CBP Sukses Makmur Tbk;FOOD PACKAGING;FP;LDPE;ML;2;Kuningan;West Java;23/09/2023;Outdoor;Mountain
MAXICORN;;PT Indofood CBP Sukses Makmur Tbk;FOOD PACKAGING;FP;LDPE;ML;1;Kuningan;West Java;23/09/2023;Outdoor;Mountain
PIATTOS;Universal Robina Corporation;;FOOD PACKAGING;FP;LDPE;ML;2;Kuningan;West Java;23/09/2023;Outdoor;Mountain
UNKNOWN;Unbranded;;FOOD PACKAGING;FP;O;SL;1;Kuningan;West Java;23/09/2023;Outdoor;Mountain
KRIS BEE;Calbee Wings;;FOOD PACKAGING;FP;LDPE;ML;1;Kuningan;West Java;23/09/2023;Outdoor;Mountain
CHIKI JET Z;;PT Indofood CBP Sukses Makmur Tbk;FOOD PACKAGING;FP;LDPE;ML;1;Kuningan;West Java;23/09/2023;Outdoor;Mountain
TARO;Premier Marketing Public Company Limited;;FOOD PACKAGING;FP;LDPE;ML;4;Kuningan;West Java;23/09/2023;Outdoor;Mountain
DUA KELINCI;Dua Kelinci;;FOOD PACKAGING;FP;LDPE;ML;7;Kuningan;West Java;23/09/2023;Outdoor;Mountain
HOT HOT POP;Indofood;PT Bronson Prima Industri;FOOD PACKAGING;FP;O;SL;4;Kuningan;West Java;23/09/2023;Outdoor;Mountain
CHIKI BALL;PT. Indofood Fritolay Makmur;PT. Indofood Fritolay Makmur;FOOD PACKAGING;FP;HDPE;ML;2;Kuningan;West Java;23/09/2023;Outdoor;Mountain
ROMA;Mayora Indah;;FOOD PACKAGING;FP;LDPE;ML;6;Kuningan;West Java;23/09/2023;Outdoor;Mountain
KAPAL API;Santos Jaya Abadi;;FOOD PACKAGING;FP;LDPE;ML;39;Kuningan;West Java;23/09/2023;Outdoor;Mountain
TOP CAPPUCINO;;PT. Harum Alam Segar Gersik;FOOD PACKAGING;FP;LDPE;ML;7;Kuningan;West Java;23/09/2023;Outdoor;Mountain
ENERGEN;Mayora Indah;;FOOD PACKAGING;FP;LDPE;ML;49;Kuningan;West Java;23/09/2023;Outdoor;Mountain
GOOD DAY;Britania Industries Ltd.;;FOOD PACKAGING;FP;LDPE;ML;54;Kuningan;West Java;23/09/2023;Outdoor;Mountain
INDOCAFE;Indofood;;FOOD PACKAGING;FP;LDPE;ML;21;Kuningan;West Java;23/09/2023;Outdoor;Mountain
FRISIAN FLAG;FrieslandCampina;;FOOD PACKAGING;FP;LDPE;ML;32;Kuningan;West Java;23/09/2023;Outdoor;Mountain
INDOMILK;Indofood;;FOOD PACKAGING;FP;LDPE;ML;2;Kuningan;West Java;23/09/2023;Outdoor;Mountain
NEO COFFEE;;WINGSFOOD;FOOD PACKAGING;FP;LDPE;ML;1;Kuningan;West Java;23/09/2023;Outdoor;Mountain
UNKNOWN;Unbranded;;FOOD PACKAGING;FP;O;SL;2;Kuningan;West Java;23/09/2023;Outdoor;Mountain
CHOCOLATOS;Garuda Food;;FOOD PACKAGING;FP;LDPE;ML;3;Kuningan;West Java;23/09/2023;Outdoor;Mountain
MILO;Nestle;;FOOD PACKAGING;FP;LDPE;ML;3;Kuningan;West Java;23/09/2023;Outdoor;Mountain
KOPI ABC SUSU;Santos Jaya Abadi;;FOOD PACKAGING;FP;LDPE;ML;13;Kuningan;West Java;23/09/2023;Outdoor;Mountain
HILO;FairPack Indonesia;;FOOD PACKAGING;FP;LDPE;ML;1;Kuningan;West Java;23/09/2023;Outdoor;Mountain
CAFFINO;Sumber Kopi Prima;;FOOD PACKAGING;FP;LDPE;ML;1;Kuningan;West Java;23/09/2023;Outdoor;Mountain
ANGET SARI;Forisa Nusa Persada;;FOOD PACKAGING;FP;LDPE;ML;17;Kuningan;West Java;23/09/2023;Outdoor;Mountain
NUTRISARI;NutriFood;;FOOD PACKAGING;FP;LDPE;ML;7;Kuningan;West Java;23/09/2023;Outdoor;Mountain
JAHE MERAH;;PT anugrah persada alam;FOOD PACKAGING;FP;LDPE;ML;1;Kuningan;West Java;23/09/2023;Outdoor;Mountain
BENG BENG;Mayora Inda;;FOOD PACKAGING;FP;LDPE;ML;3;Kuningan;West Java;23/09/2023;Outdoor;Mountain
MAXTEA;;PT. SARI INCOFOOD CORPORATION;FOOD PACKAGING;FP;LDPE;ML;4;Kuningan;West Java;23/09/2023;Outdoor;Mountain
LUWAK;Java Prima Abadi;;FOOD PACKAGING;FP;LDPE;ML;2;Kuningan;West Java;23/09/2023;Outdoor;Mountain
SIDOMUNCUL;Indurstri Jamu dan Farmasi Sido Muncul;;FOOD PACKAGING;FP;LDPE;ML;2;Kuningan;West Java;23/09/2023;Outdoor;Mountain
KOPI 7 ELEMEN;;HNI;FOOD PACKAGING;FP;LDPE;ML;3;Kuningan;West Java;23/09/2023;Outdoor;Mountain
VIT;Tirta Investama;;BEVERAGE;FP;PET;SL;2;Kuningan;West Java;23/09/2023;Outdoor;Mountain
POCARI SWEAT;Otsuka;;BEVERAGE;FP;PET;SL;4;Kuningan;West Java;23/09/2023;Outdoor;Mountain
TRIESTE;;;BEVERAGE;FP;PET;SL;3;Kuningan;West Java;23/09/2023;Outdoor;Mountain
UNKNOWN;Unbranded;;BEVERAGE;FP;PET;SL;17;Kuningan;West Java;23/09/2023;Outdoor;Mountain
OXY;;PT.Oxy Indomed;BEVERAGE;FP;PET;SL;1;Kuningan;West Java;23/09/2023;Outdoor;Mountain
TEH BOTOL;Sinar Sosro;;BEVERAGE;FP;PET;SL;2;Kuningan;West Java;23/09/2023;Outdoor;Mountain
GOLDA;Wings;;BEVERAGE;FP;PET;SL;1;Kuningan;West Java;23/09/2023;Outdoor;Mountain
GOOD DAY;Britania Industries Ltd.;;BEVERAGE;FP;PET;SL;1;Kuningan;West Java;23/09/2023;Outdoor;Mountain
TORACAFE;;PT Torabika Eka Semesta;BEVERAGE;FP;PET;SL;1;Kuningan;West Java;23/09/2023;Outdoor;Mountain
AMIDIS;;PT Amidis Tirta Mulia;BEVERAGE;FP;PET;SL;1;Kuningan;West Java;23/09/2023;Outdoor;Mountain
NUTRIBOOST;The Coca-Cola Company;;BEVERAGE;FP;PET;SL;1;Kuningan;West Java;23/09/2023;Outdoor;Mountain
CIMORY;Mountain Dairy;;BEVERAGE;FP;PET;SL;1;Kuningan;West Java;23/09/2023;Outdoor;Mountain
LARUTAN CAP KAKI TIGA;Kino;;BEVERAGE;FP;PET;SL;1;Kuningan;West Java;23/09/2023;Outdoor;Mountain
MOGU MOGU;Sappe;;BEVERAGE;FP;PET;SL;2;Kuningan;West Java;23/09/2023;Outdoor;Mountain
GOOD MOOD;Suntory Beverage & Food;;BEVERAGE;FP;PET;SL;1;Kuningan;West Java;23/09/2023;Outdoor;Mountain
ADEM SARI;Sari Enesis Indah;;BEVERAGE;FP;PET;SL;1;Kuningan;West Java;23/09/2023;Outdoor;Mountain
ADES;The Coca-Cola Company;;BEVERAGE;FP;PET;SL;2;Kuningan;West Java;23/09/2023;Outdoor;Mountain
KOPI BAPER;;INDOMARET GRUP;BEVERAGE;FP;PET;SL;1;Kuningan;West Java;23/09/2023;Outdoor;Mountain
KOPI KENANGAN;;PT Bumi Berkah Boga;BEVERAGE;FP;PET;SL;1;Kuningan;West Java;23/09/2023;Outdoor;Mountain
MOUNTOYA;;PT. TOYAMILINDO;BEVERAGE;FP;PET;SL;3;Kuningan;West Java;23/09/2023;Outdoor;Mountain
SAMBAL INDOFOOD;Indofood;;BEVERAGE;FP;PET;SL;1;Kuningan;West Java;23/09/2023;Outdoor;Mountain
CLEO;Tanobel Food;;BEVERAGE;FP;PET;SL;2;Kuningan;West Java;23/09/2023;Outdoor;Mountain
ISOPLUS;Wings;;BEVERAGE;FP;PET;SL;1;Kuningan;West Java;23/09/2023;Outdoor;Mountain
UNKNOWN;Unbranded;;BEVERAGE;FP;PET;SL;1;Kuningan;West Java;23/09/2023;Outdoor;Mountain
NEXTAR;Nabati;;FOOD PACKAGING;FP;O;SL;1;Kuningan;West Java;23/09/2023;Outdoor;Mountain
KALPA;Mayora Indah;;FOOD PACKAGING;FP;O;SL;1;Kuningan;West Java;23/09/2023;Outdoor;Mountain
MILKLIFE;;PT. Global Dairi Alami;BEVERAGE;FP;O;ML;1;Kuningan;West Java;23/09/2023;Outdoor;Mountain
TEH KOTAK;Ultrajaya;;BEVERAGE;FP;O;ML;6;Kuningan;West Java;23/09/2023;Outdoor;Mountain
CHOKI CHOKI;Mayora Indah;;FOOD PACKAGING;FP;O;ML;1;Kuningan;West Java;23/09/2023;Outdoor;Mountain
TOLAK ANGIN;Sidomuncul;;MEDICINE;FP;O;ML;1;Kuningan;West Java;23/09/2023;Outdoor;Mountain
PROMAG;Kalbe Farma;;MEDICINE;FP;O;ML;1;Kuningan;West Java;23/09/2023;Outdoor;Mountain
SARI GANDUM;Mayora Indah;;FOOD PACKAGING;FP;O;ML;1;Kuningan;West Java;23/09/2023;Outdoor;Mountain
POCKY;;PT Glico Indonesia;FOOD PACKAGING;FP;O;ML;4;Kuningan;West Java;23/09/2023;Outdoor;Mountain
SARI KACANG HIJAU;Ultrajaya;;BEVERAGE;FP;O;ML;2;Kuningan;West Java;23/09/2023;Outdoor;Mountain
ULTRA MILK;Ultrajaya;;BEVERAGE;FP;O;ML;5;Kuningan;West Java;23/09/2023;Outdoor;Mountain
MILO;Nestle;;BEVERAGE;FP;O;ML;1;Kuningan;West Java;23/09/2023;Outdoor;Mountain
CLEVO;;GARUDA FOOD;BEVERAGE;FP;O;ML;1;Kuningan;West Java;23/09/2023;Outdoor;Mountain
INDOMILK;Indofood;;BEVERAGE;FP;O;ML;3;Kuningan;West Java;23/09/2023;Outdoor;Mountain
TEH SOSRO;Indofood;;BEVERAGE;FP;O;ML;1;Kuningan;West Java;23/09/2023;Outdoor;Mountain
ULTRAMILK;Ultrajaya;;BEVERAGE;FP;O;ML;1;Kuningan;West Java;23/09/2023;Outdoor;Mountain
TANGIT;;Henkel AG & Co. KGaA;GLUE;PM;O;ML;1;Kuningan;West Java;23/09/2023;Outdoor;Mountain
GUDANG GARAM;Gudang Garam Tbk.;;CIGARETTE PACKAGING;SM;O;SL;1;Kuningan;West Java;23/09/2023;Outdoor;Mountain
GERY SALUT;Garuda Food;;KEMASAN PLASTIK;FP;O;ML;1;Kuningan;West Java;23/09/2023;Outdoor;Mountain
SARUNG TANGAN;;PT. Yutaka Asia Indonesia;KARDUS SARUNG TANGAN;PC;O;ML;1;Kuningan;West Java;23/09/2023;Outdoor;Mountain
YUMMY CHOICE;;PT. Indomarco Prismatama;FOOD PACKAGING;FP;O;ML;1;Kuningan;West Java;23/09/2023;Outdoor;Mountain
UNKNOWN;Unbranded;;PIRING KERTAS;FP;PS;SL;1;Kuningan;West Java;23/09/2023;Outdoor;Mountain
CHAMP;Thai Vegetable Oil Public Company Limited;;FOOD PACKAGING;FP;LDPE;ML;3;Kuningan;West Java;23/09/2023;Outdoor;Mountain
SHIPUDO;Unbranded;;FOOD PACKAGING;FP;O;SL;2;Kuningan;West Java;23/09/2023;Outdoor;Mountain
SO NICE;So Good;;FOOD PACKAGING;FP;O;SL;2;Kuningan;West Java;23/09/2023;Outdoor;Mountain
SALAM;unbranded;;FOOD PACKAGING;FP;LDPE;ML;1;Kuningan;West Java;23/09/2023;Outdoor;Mountain
HISANA;;PT. Selahonje Jaya Mandiri;FOOD PACKAGING;FP;O;Unsure;1;Kuningan;West Java;23/09/2023;Outdoor;Mountain
BASO IKAN;unbranded;;FOOD PACKAGING;FP;O;SL;1;Kuningan;West Java;23/09/2023;Outdoor;Mountain
KECAP GUNA;;PT Multi Sari Sedap;FOOD PACKAGING;FP;PET;SL;1;Kuningan;West Java;23/09/2023;Outdoor;Mountain
KECAP SEDAP;Karunia alam segar;;FOOD PACKAGING;FP;PET;SL;2;Kuningan;West Java;23/09/2023;Outdoor;Mountain
TOLAK ANGIN;Sidomuncul;;FOOD PACKAGING;FP;LDPE;ML;4;Kuningan;West Java;23/09/2023;Outdoor;Mountain
UNKNOWN;Unbranded;;FOOD PACKAGING;FP;O;SL;1;Kuningan;West Java;23/09/2023;Outdoor;Mountain
MILKITA;Unifam;;FOOD PACKAGING;FP;LDPE;ML;1;Kuningan;West Java;23/09/2023;Outdoor;Mountain
FILMA;Smart;;FOOD PACKAGING;FP;LDPE;SL;1;Kuningan;West Java;23/09/2023;Outdoor;Mountain
INDOFOOD;Indofood;;FOOD PACKAGING;FP;LDPE;SL;1;Kuningan;West Java;23/09/2023;Outdoor;Mountain
palmia;;PT Salim Ivomas Pratama Tbk;FOOD PACKAGING;FP;LDPE;ML;1;Kuningan;West Java;23/09/2023;Outdoor;Mountain
KOMIX;Bintang Toedjoe;;KEMASAN MEDICINE;FP;LDPE;ML;1;Kuningan;West Java;23/09/2023;Outdoor;Mountain
MUNDIVIKTOR;;PT. Taru Martani ;CIGARETTE PACKAGING;FP;O;ML;1;Kuningan;West Java;23/09/2023;Outdoor;Mountain
BATAVIA;Indomultimas Perkasa;;BEVERAGE;FP;PP;SL;16;Kuningan;West Java;23/09/2023;Outdoor;Mountain
FRESH;Unbranded;;BEVERAGE;FP;PP;SL;24;Kuningan;West Java;23/09/2023;Outdoor;Mountain
ALE ALE;Tirta Alam;;BEVERAGE;FP;PP;SL;3;Kuningan;West Java;23/09/2023;Outdoor;Mountain
NALALA;;PT mayora;BEVERAGE;FP;PP;SL;2;Kuningan;West Java;23/09/2023;Outdoor;Mountain
CRISTALINE;Groupe Alma;;BEVERAGE;FP;PP;SL;1;Kuningan;West Java;23/09/2023;Outdoor;Mountain
AMILS;Unbranded;;BEVERAGE;FP;PP;SL;2;Kuningan;West Java;23/09/2023;Outdoor;Mountain
EVATA;Unbranded;;BEVERAGE;FP;PP;SL;1;Kuningan;West Java;23/09/2023;Outdoor;Mountain
AQUAKU;Unbranded;;BEVERAGE;FP;PP;SL;1;Kuningan;West Java;23/09/2023;Outdoor;Mountain
UNKNOWN;Unbranded;;BEVERAGE;FP;PP;SL;75;Kuningan;West Java;23/09/2023;Outdoor;Mountain
UNKNOWN;Unbranded;;BEVERAGE;FP;PP;SL;200;Kuningan;West Java;23/09/2023;Outdoor;Mountain
UNKNOWN;Unbranded;;SENDOK PLASTIK;FP;PP;SL;96;Kuningan;West Java;23/09/2023;Outdoor;Mountain
TEH PUCUK;Mayora Indah;;BEVERAGE;FP;PP;SL;5;Kuningan;West Java;23/09/2023;Outdoor;Mountain
UC 1000;Djojonegoro;;TUTUP BOTOL;FP;PP;SL;2;Kuningan;West Java;23/09/2023;Outdoor;Mountain
COCA COLA;The Coca-Cola Company;;TUTUP BOTOL;FP;PP;SL;1;Kuningan;West Java;23/09/2023;Outdoor;Mountain
UNKNOWN;Unbranded;;TUTUP BOTOL;FP;PP;SL;44;Kuningan;West Java;23/09/2023;Outdoor;Mountain
VIT;Tirta Investama;;TUTUP BOTOL;FP;PP;SL;1;Kuningan;West Java;23/09/2023;Outdoor;Mountain
KRATING DAENG;Asia Health Energy Beverages;;TUTUP BOTOL;FP;PP;SL;3;Kuningan;West Java;23/09/2023;Outdoor;Mountain
LARUTAN CAP KAKI TIGA;Kino;;TUTUP BOTOL;FP;PP;SL;1;Kuningan;West Java;23/09/2023;Outdoor;Mountain
POCARI SWEAT;Otsuka;;TUTUP BOTOL;FP;PP;SL;3;Kuningan;West Java;23/09/2023;Outdoor;Mountain
GOOD DAY;Britania Industries Ltd.;;TUTUP BOTOL;FP;PP;SL;1;Kuningan;West Java;23/09/2023;Outdoor;Mountain
UNKNOWN;Unbranded;;TUTUP BOTOL;FP;PP;SL;1;Kuningan;West Java;23/09/2023;Outdoor;Mountain
CLEO;Tanobel Food;;TUTUP BOTOL;FP;PET;SL;4;Kuningan;West Java;23/09/2023;Outdoor;Mountain
SAMYANG;SAMYANG FOODS;;FOOD PACKAGING;FP;LDPE;ML;2;Kuningan;West Java;23/09/2023;Outdoor;Mountain
MIE OVEN;;PT Dellifood Sentosa Corpindo;FOOD PACKAGING;FP;LDPE;ML;2;Kuningan;West Java;23/09/2023;Outdoor;Mountain
MIE SALAM;;PT Sentrafood Indonesia;FOOD PACKAGING;FP;LDPE;ML;1;Kuningan;West Java;23/09/2023;Outdoor;Mountain
PIPA;;UNBRANDED;BAHAN BANGUNAN;HP;PVC;ML;1;Kuningan;West Java;23/09/2023;Outdoor;Mountain
PIPA SAMBUNG;;UNBRANDED;BAHAN BANGUNAN;HP;PVC;ML;1;Kuningan;West Java;23/09/2023;Outdoor;Mountain
GUDANG GARAM;Gudang Garam Tbk.;;;SM;O;ML;11;Kuningan;West Java;23/09/2023;Outdoor;Mountain
GUDANG GARAM;Gudang Garam Tbk.;;;SM;O;ML;8;Kuningan;West Java;23/09/2023;Outdoor;Mountain
JUARA KRETEK;;PT Tri Sakti Purwosari Makmur;CIGARETTE PACKAGING;SM;O;ML;7;Kuningan;West Java;23/09/2023;Outdoor;Mountain
CLASS MILD;Nojorono Tobacco International;;CIGARETTE PACKAGING;SM;O;ML;3;Kuningan;West Java;23/09/2023;Outdoor;Mountain
MALBORO;Philip Morris USA;;CIGARETTE PACKAGING;SM;O;ML;2;Kuningan;West Java;23/09/2023;Outdoor;Mountain
CAMEL;Reynolds American, Inc.;;CIGARETTE PACKAGING;SM;O;ML;1;Kuningan;West Java;23/09/2023;Outdoor;Mountain
DJARUM SUPER;Djarum;;CIGARETTE PACKAGING;SM;O;ML;2;Kuningan;West Java;23/09/2023;Outdoor;Mountain
ESSE;Korea Tomorrow & Global Corporation;;CIGARETTE PACKAGING;SM;O;ML;1;Kuningan;West Java;23/09/2023;Outdoor;Mountain
NESLITE;;PT Merapi Agung lestari;CIGARETTE PACKAGING;SM;O;ML;3;Kuningan;West Java;23/09/2023;Outdoor;Mountain
DJARUM SUPER;Djarum;;CIGARETTE PACKAGING;SM;O;ML;3;Kuningan;West Java;23/09/2023;Outdoor;Mountain
DJI SAM SOE;HM SHAMPOOerna, Tbk;;CIGARETTE PACKAGING;SM;O;ML;1;Kuningan;West Java;23/09/2023;Outdoor;Mountain
LA;British American Tobacco;;CIGARETTE PACKAGING;SM;O;ML;4;Kuningan;West Java;23/09/2023;Outdoor;Mountain
MAGNUM FILTER;;PT HM SHAMPOOerna Tbk;CIGARETTE PACKAGING;SM;O;ML;3;Kuningan;West Java;23/09/2023;Outdoor;Mountain
DUNHILL;British American Tobacco;;CIGARETTE PACKAGING;SM;O;ML;2;Kuningan;West Java;23/09/2023;Outdoor;Mountain
SHAMPOOERNA MILD;Philip Morris International;;CIGARETTE PACKAGING;SM;O;ML;3;Kuningan;West Java;23/09/2023;Outdoor;Mountain
SCORPIONS;;DJARUM;CIGARETTE PACKAGING;SM;O;ML;4;Kuningan;West Java;23/09/2023;Outdoor;Mountain
HURUMANIS;Unbranded;;CIGARETTE PACKAGING;SM;O;ML;1;Kuningan;West Java;23/09/2023;Outdoor;Mountain
KEMBANG TEBU;;PT Armando Intertobacco Industry;CIGARETTE PACKAGING;SM;O;ML;2;Kuningan;West Java;23/09/2023;Outdoor;Mountain
BOLD;djarum;;CIGARETTE PACKAGING;SM;O;ML;1;Kuningan;West Java;23/09/2023;Outdoor;Mountain
ON BOLD;Cakra Guna Cipta;;CIGARETTE PACKAGING;SM;O;ML;2;Kuningan;West Java;23/09/2023;Outdoor;Mountain
FLASH;British American Tobacco;;CIGARETTE PACKAGING;SM;O;ML;1;Kuningan;West Java;23/09/2023;Outdoor;Mountain
AL QOMAR;;PT SEJUK malang;CIGARETTE PACKAGING;SM;O;ML;1;Kuningan;West Java;23/09/2023;Outdoor;Mountain
isoplus;Wings;;BEVERAGE;FP;PET;SL;2;Kuningan;West Java;23/09/2023;Outdoor;Mountain
MIGI MIGI;Momogi;;BEVERAGE;FP;LDPE;ML;1;Kuningan;West Java;23/09/2023;Outdoor;Mountain
RELAXA;Agel Langgeng;;CANDY;FP;LDPE;ML;1;Kuningan;West Java;23/09/2023;Outdoor;Mountain
MOMOGI;Sari Murni;;FOOD PACKAGING;FP;LDPE;ML;1;Kuningan;West Java;23/09/2023;Outdoor;Mountain
SIIP;Nabati Snack;;FOOD PACKAGING;FP;LDPE;ML;1;Kuningan;West Java;23/09/2023;Outdoor;Mountain
UNKNOWN;Unbranded;;FOOD PACKAGING;O;O;SL;1;Kuningan;West Java;23/09/2023;Outdoor;Mountain
ASTOR;Mayora Indah;;FOOD PACKAGING;FP;LDPE;ML;2;Kuningan;West Java;23/09/2023;Outdoor;Mountain
ROLLS RECHESS;;NABATI;FOOD PACKAGING;FP;LDPE;ML;1;Kuningan;West Java;23/09/2023;Outdoor;Mountain
YUPI;Yupindo;;FOOD PACKAGING;FP;LDPE;ML;1;Kuningan;West Java;23/09/2023;Outdoor;Mountain
CHOCOLATOS;Garuda Food;;FOOD PACKAGING;FP;LDPE;ML;1;Kuningan;West Java;23/09/2023;Outdoor;Mountain
COCO POP;;PT. Nirwana Lestari;FOOD PACKAGING;FP;LDPE;ML;1;Kuningan;West Java;23/09/2023;Outdoor;Mountain
CRACKERS SERENA;;PT. Serena Cafetaria Rasa;FOOD PACKAGING;FP;LDPE;ML;1;Kuningan;West Java;23/09/2023;Outdoor;Mountain
FIESTA;RFM Corporation;;FOOD PACKAGING;FP;LDPE;SL;3;Kuningan;West Java;23/09/2023;Outdoor;Mountain
SO GOOD;;JAPFA;FOOD PACKAGING;FP;LDPE;SL;2;Kuningan;West Java;23/09/2023;Outdoor;Mountain
DALING;;PT DUTAMASINDO LABORA JAYA;FOOD PACKAGING;FP;LDPE;ML;2;Kuningan;West Java;23/09/2023;Outdoor;Mountain
MITRA KU;;PT. Sekar Bumi;FOOD PACKAGING;FP;LDPE;ML;1;Kuningan;West Java;23/09/2023;Outdoor;Mountain
GEBOY 999;;PT Petra Sejahtera Abadi;FOOD PACKAGING;FP;LDPE;ML;1;Kuningan;West Java;23/09/2023;Outdoor;Mountain
UENAAK;;BELFOODS;FOOD PACKAGING;FP;LDPE;ML;1;Kuningan;West Java;23/09/2023;Outdoor;Mountain
BARTOZ;;PT.Porto Food Indonesia;FOOD PACKAGING;FP;LDPE;ML;1;Kuningan;West Java;23/09/2023;Outdoor;Mountain
HEMATO;;PT. Dagsap Endura;FOOD PACKAGING;FP;LDPE;ML;1;Kuningan;West Java;23/09/2023;Outdoor;Mountain
OKEY;Cheroen Pokphand Indonesia Tbk;;FOOD PACKAGING;FP;LDPE;ML;2;Kuningan;West Java;23/09/2023;Outdoor;Mountain
UNKNOWN;Unbranded;;NET;HP;LDPE;SL;294;Kuningan;West Java;23/09/2023;Outdoor;Mountain
UNKNOWN;Unbranded;;PLASTIC BAG;HP;LDPE;SL;111;Kuningan;West Java;23/09/2023;Outdoor;Mountain
UNKNOWN;Unbranded;;PLASTIC BAG;FP;LDPE;SL;366;Kuningan;West Java;23/09/2023;Outdoor;Mountain
frisian flag;FrieslandCampina;;MILK;FP;HDPE;ML;12;Sabang;Aceh;30/09/2023;Outdoor;Coast/Shoreline
pepsodent;Unilever;;TOOTHPASTE;PC;HDPE;ML;2;Sabang;Aceh;30/09/2023;Outdoor;Coast/Shoreline
sunsilk;Unilever;;SHAMPOO;PC;HDPE;ML;1;Sabang;Aceh;30/09/2023;Outdoor;Coast/Shoreline
nu greentea;;PT ABC;BOTTLE;FP;PET;ML;1;Sabang;Aceh;30/09/2023;Outdoor;Coast/Shoreline
dilan;Unbranded;;FOOD PACKAGING ;FP;HDPE;ML;1;Sabang;Aceh;30/09/2023;Outdoor;Coast/Shoreline
olala cake;Unbranded;;FOOD PACKAGING ;FP;HDPE;ML;1;Sabang;Aceh;30/09/2023;Outdoor;Coast/Shoreline
qtela;IndoFOOD PACKAGING ;;FOOD PACKAGING ;FP;HDPE;ML;1;Sabang;Aceh;30/09/2023;Outdoor;Coast/Shoreline
unibis;;PT universal indoFOOD PACKAGING  product;FOOD PACKAGING ;FP;HDPE;ML;6;Sabang;Aceh;30/09/2023;Outdoor;Coast/Shoreline
no brand;Unbranded;;FOOD PACKAGING ;FP;HDPE;ML;2;Sabang;Aceh;30/09/2023;Outdoor;Coast/Shoreline
opaq;Unbranded;;FOOD PACKAGING ;FP;HDPE;ML;1;Sabang;Aceh;30/09/2023;Outdoor;Coast/Shoreline
dancing pop;;PT. Internusa FOOD PACKAGING ;FOOD PACKAGING ;FP;HDPE;ML;1;Sabang;Aceh;30/09/2023;Outdoor;Coast/Shoreline
Sanmie;Unbranded;;FOOD PACKAGING ;FP;HDPE;ML;1;Sabang;Aceh;30/09/2023;Outdoor;Coast/Shoreline
kiko ;;PT. Kiko Energy Indonesia;FOOD PACKAGING ;FP;LDPE;SL;2;Sabang;Aceh;30/09/2023;Outdoor;Coast/Shoreline
handsock;Unbranded;;SOCK;O;O;Unsure;9;Sabang;Aceh;30/09/2023;Outdoor;Coast/Shoreline
jelly gum ;;PT. Yupi Indo Jelly Gum;FOOD PACKAGING ;FP;LDPE;ML;1;Sabang;Aceh;30/09/2023;Outdoor;Coast/Shoreline
MASK;Unbranded;;MASK;O;O;Unsure;1;Sabang;Aceh;30/09/2023;Outdoor;Coast/Shoreline
no brand;Unbranded;;MEDICINE;O;O;Unsure;1;Sabang;Aceh;30/09/2023;Outdoor;Coast/Shoreline
cleo;Tanobel FOOD PACKAGING ;;BOTTLE;FP;PET;SL;3;Sabang;Aceh;30/09/2023;Outdoor;Coast/Shoreline
fanta;The Coca-Cola Company;;;FP;LDPE;SL;2;Sabang;Aceh;30/09/2023;Outdoor;Coast/Shoreline
kiss;Mayora Indah;;BOTTLE;FP;LDPE;ML;1;Sabang;Aceh;30/09/2023;Outdoor;Coast/Shoreline
ainiqua;;PT aini Sejahtera;FOOD PACKAGING ;FP;LDPE;SL;1;Sabang;Aceh;30/09/2023;Outdoor;Coast/Shoreline
coffee mix;;Indocafe;BOTTLE;FP;LDPE;ML;17;Sabang;Aceh;30/09/2023;Outdoor;Coast/Shoreline
sania;Bina Karya Prima;;COOKING OIL;FP;LDPE;SL;1;Sabang;Aceh;30/09/2023;Outdoor;Coast/Shoreline
unknown;Unbranded;;STRAW;FP;LDPE;SL;42;Sabang;Aceh;30/09/2023;Outdoor;Coast/Shoreline
sunlight;Unilever;;SOAP;PC;LDPE;ML;1;Sabang;Aceh;30/09/2023;Outdoor;Coast/Shoreline
VIT;Tirta Investama;;BOTTLE;FP;LDPE;SL;1;Sabang;Aceh;30/09/2023;Outdoor;Coast/Shoreline
chitato;IndoFOOD PACKAGING ;;FOOD PACKAGING ;FP;LDPE;ML;6;Sabang;Aceh;30/09/2023;Outdoor;Coast/Shoreline
soya;Unbranded;PT Soya Farm Indonesia;BOTTLE;FP;LDPE;SL;2;Sabang;Aceh;30/09/2023;Outdoor;Coast/Shoreline
tebs;Sinar Sosro;;BOTTLE;FP;LDPE;SL;2;Sabang;Aceh;30/09/2023;Outdoor;Coast/Shoreline
teh botol;Sinar Sosro;PT sinar sosro;BOTTLE;FP;LDPE;SL;1;Sabang;Aceh;30/09/2023;Outdoor;Coast/Shoreline
mie sukses;Wings;;FOOD PACKAGING ;FP;LDPE;SL;6;Sabang;Aceh;30/09/2023;Outdoor;Coast/Shoreline
indoches;Unbranded;;FOOD PACKAGING ;FP;LDPE;SL;1;Sabang;Aceh;30/09/2023;Outdoor;Coast/Shoreline
Qlia;Unbranded;;BOTTLE;FP;LDPE;SL;3;Sabang;Aceh;30/09/2023;Outdoor;Coast/Shoreline
lem fox;Aica Indria;PT. Aica Indria;FOOD PACKAGING ;O;LDPE;SL;1;Sabang;Aceh;30/09/2023;Outdoor;Coast/Shoreline
extra jos;;PT Bintang Toedjoe;BOTTLE;FP;LDPE;ML;3;Sabang;Aceh;30/09/2023;Outdoor;Coast/Shoreline
ladaku;Motasa Indonesia;;SEASONING;FP;LDPE;ML;2;Sabang;Aceh;30/09/2023;Outdoor;Coast/Shoreline
softex;Softex Indonesia;;BANDAGE;O;O;ML;32;Sabang;Aceh;30/09/2023;Outdoor;Coast/Shoreline
milo;Nestle;;BOTTLE;FP;LDPE;ML;1;Sabang;Aceh;30/09/2023;Outdoor;Coast/Shoreline
top coffe;Wings;;BOTTLE;FP;LDPE;ML;4;Sabang;Aceh;30/09/2023;Outdoor;Coast/Shoreline
oreo;Dongsuh FOOD PACKAGING s;;FOOD PACKAGING ;FP;LDPE;ML;9;Sabang;Aceh;30/09/2023;Outdoor;Coast/Shoreline
gonono;Unbranded;;FOOD PACKAGING ;FP;LDPE;ML;16;Sabang;Aceh;30/09/2023;Outdoor;Coast/Shoreline
pop mie;IndoFOOD PACKAGING ;;FOOD PACKAGING ;FP;PS;SL;1;Sabang;Aceh;30/09/2023;Outdoor;Coast/Shoreline
gopek;Gopek Cipta Utama;;FOOD PACKAGING ;FP;LDPE;ML;1;Sabang;Aceh;30/09/2023;Outdoor;Coast/Shoreline
cappucino;Unbranded;;BOTTLE;FP;LDPE;ML;9;Sabang;Aceh;30/09/2023;Outdoor;Coast/Shoreline
delima;Unbranded;;BOTTLE;FP;LDPE;Unsure;1;Sabang;Aceh;30/09/2023;Outdoor;Coast/Shoreline
tango;Tango;;FOOD PACKAGING ;FP;LDPE;ML;2;Sabang;Aceh;30/09/2023;Outdoor;Coast/Shoreline
teh gelas;Orang Tua;;BOTTLE;FP;LDPE;SL;3;Sabang;Aceh;30/09/2023;Outdoor;Coast/Shoreline
okky jelly drink ;;PT suntory Garuda BOTTLE;BOTTLE;FP;LDPE;SL;21;Sabang;Aceh;30/09/2023;Outdoor;Coast/Shoreline
milk bar;Unbranded;;CANDY;FP;LDPE;ML;1;Sabang;Aceh;30/09/2023;Outdoor;Coast/Shoreline
MS mocca;Unbranded;;BOTTLE;FP;LDPE;ML;1;Sabang;Aceh;30/09/2023;Outdoor;Coast/Shoreline
roma kelapa;Mayora Indah;;FOOD PACKAGING ;FP;LDPE;ML;2;Sabang;Aceh;30/09/2023;Outdoor;Coast/Shoreline
selamat;Ceres;;FOOD PACKAGING ;FP;LDPE;ML;1;Sabang;Aceh;30/09/2023;Outdoor;Coast/Shoreline
bon cabe;Kobe;;SEASONING;FP;LDPE;ML;1;Sabang;Aceh;30/09/2023;Outdoor;Coast/Shoreline
hothot;;PT. Bronson Prima Industri;CANDY;FP;LDPE;ML;1;Sabang;Aceh;30/09/2023;Outdoor;Coast/Shoreline
s tea;;PT sinar sosro;BOTTLE;FP;LDPE;SL;1;Sabang;Aceh;30/09/2023;Outdoor;Coast/Shoreline
mountea;Tudung Group;PT suntory Group;BOTTLE;FP;LDPE;SL;3;Sabang;Aceh;30/09/2023;Outdoor;Coast/Shoreline
white coffee;Java Prima Abadi;;BOTTLE;FP;LDPE;ML;12;Sabang;Aceh;30/09/2023;Outdoor;Coast/Shoreline
super star;Mayora Indah;;FOOD PACKAGING ;FP;LDPE;ML;2;Sabang;Aceh;30/09/2023;Outdoor;Coast/Shoreline
kopi ule kareng;;PT. Ulee Kareng coffe;BOTTLE;FP;LDPE;ML;128;Sabang;Aceh;30/09/2023;Outdoor;Coast/Shoreline
zee;Sanhiang Perkasa;Kalbe Nutritionals;BOTTLE;FP;LDPE;ML;1;Sabang;Aceh;30/09/2023;Outdoor;Coast/Shoreline
ale ale;Tirta Alam;;BOTTLE;FP;LDPE;SL;4;Sabang;Aceh;30/09/2023;Outdoor;Coast/Shoreline
tea jus;Wings;;BOTTLE;FP;LDPE;SL;9;Sabang;Aceh;30/09/2023;Outdoor;Coast/Shoreline
sasa;Sasa Inti;;SEASONING;FP;LDPE;SL;1;Sabang;Aceh;30/09/2023;Outdoor;Coast/Shoreline
saus dena;Unbranded;PT. duta ayumas persada;SEASONING;FP;LDPE;SL;1;Sabang;Aceh;30/09/2023;Outdoor;Coast/Shoreline
kecap ABC;ABC;;SEASONING;FP;LDPE;SL;3;Sabang;Aceh;30/09/2023;Outdoor;Coast/Shoreline
truck;Unbranded;;FOOD PACKAGING ;FP;LDPE;ML;1;Sabang;Aceh;30/09/2023;Outdoor;Coast/Shoreline
nabati;Nabati Group.;;FOOD PACKAGING ;FP;LDPE;ML;2;Sabang;Aceh;30/09/2023;Outdoor;Coast/Shoreline
salt cheese;Khong Guan;;FOOD PACKAGING ;FP;LDPE;SL;1;Sabang;Aceh;30/09/2023;Outdoor;Coast/Shoreline
kecap asin;Unbranded;;SEASONING;FP;LDPE;SL;1;Sabang;Aceh;30/09/2023;Outdoor;Coast/Shoreline
toplofe;Unbranded;;BOTTLE;FP;LDPE;SL;2;Sabang;Aceh;30/09/2023;Outdoor;Coast/Shoreline
chocolatos;Garuda FOOD PACKAGING ;;FOOD PACKAGING ;FP;LDPE;ML;5;Sabang;Aceh;30/09/2023;Outdoor;Coast/Shoreline
mie sedap;Wings;;FOOD PACKAGING ;FP;LDPE;SL;7;Sabang;Aceh;30/09/2023;Outdoor;Coast/Shoreline
miibu;Unbranded;;BOTTLE;FP;LDPE;SL;4;Sabang;Aceh;30/09/2023;Outdoor;Coast/Shoreline
kuku bima;Sido Muncul;;BOTTLE;FP;LDPE;ML;16;Sabang;Aceh;30/09/2023;Outdoor;Coast/Shoreline
sukro;Dua Kelinci;;FOOD PACKAGING ;FP;LDPE;ML;4;Sabang;Aceh;30/09/2023;Outdoor;Coast/Shoreline
lemon tea;Unbranded;;BOTTLE;FP;LDPE;Unsure;1;Sabang;Aceh;30/09/2023;Outdoor;Coast/Shoreline
floridina;Wings Indonesia;;BOTTLE;FP;LDPE;ML;1;Sabang;Aceh;30/09/2023;Outdoor;Coast/Shoreline
no brand;Unbranded;;wadah minum;FP;LDPE;SL;31;Sabang;Aceh;30/09/2023;Outdoor;Coast/Shoreline
no brand;Unbranded;;BOTTLE;FP;LDPE;ML;1;Sabang;Aceh;30/09/2023;Outdoor;Coast/Shoreline
no brand;Unbranded;;FOOD PACKAGING ;FP;LDPE;SL;1;Sabang;Aceh;30/09/2023;Outdoor;Coast/Shoreline
coca cola;The Coca-Cola Company;; BOTTLE;FP;LDPE;SL;1;Sabang;Aceh;30/09/2023;Outdoor;Coast/Shoreline
air minum keluarga;Unbranded;;BOTTLE;FP;LDPE;SL;2;Sabang;Aceh;30/09/2023;Outdoor;Coast/Shoreline
mild;;PT Hanjaya Mandala Sampoerna Tbk;CIGARETTE;SM;O;Unsure;2;Sabang;Aceh;30/09/2023;Outdoor;Coast/Shoreline
esse;Korea Tomorrow & Global Corporation;;CIGARETTE;SM;O;Unsure;1;Sabang;Aceh;30/09/2023;Outdoor;Coast/Shoreline
HD;Unbranded;PT. Adhi Mukti Persada;CIGARETTE;SM;O;Unsure;1;Sabang;Aceh;30/09/2023;Outdoor;Coast/Shoreline
nipis madu;;PT Tirta Fresindo Jaya;BOTTLE;FP;LDPE;SL;1;Sabang;Aceh;30/09/2023;Outdoor;Coast/Shoreline
pocari sweat;Otsuka;;BOTTLE;FP;LDPE;SL;2;Sabang;Aceh;30/09/2023;Outdoor;Coast/Shoreline
SUN kacang hijau;;PT Ultrajaya Milk Industry & Trading Company TBK;FOOD PACKAGING ;FP;LDPE;ML;2;Sabang;Aceh;30/09/2023;Outdoor;Coast/Shoreline
taro;Premier Marketing Public Company Limited;;FOOD PACKAGING ;FP;LDPE;ML;2;Sabang;Aceh;30/09/2023;Outdoor;Coast/Shoreline
tictac;Dua Kelinci;;FOOD PACKAGING ;FP;LDPE;ML;1;Sabang;Aceh;30/09/2023;Outdoor;Coast/Shoreline
intemi;;PT indoFOOD PACKAGING  sukses makmur;FOOD PACKAGING ;FP;LDPE;SL;4;Sabang;Aceh;30/09/2023;Outdoor;Coast/Shoreline
chiki;IndoFOOD PACKAGING ;;FOOD PACKAGING ;FP;LDPE;ML;4;Sabang;Aceh;30/09/2023;Outdoor;Coast/Shoreline
medan jaya;;PT. Medan Jaya Pangan Mutu;FOOD PACKAGING ;FP;LDPE;ML;16;Sabang;Aceh;30/09/2023;Outdoor;Coast/Shoreline
jas jus;Wings;;BOTTLE;FP;LDPE;ML;40;Sabang;Aceh;30/09/2023;Outdoor;Coast/Shoreline
momogi;Sari Murni;;FOOD PACKAGING ;FP;LDPE;ML;6;Sabang;Aceh;30/09/2023;Outdoor;Coast/Shoreline
koko crunch;Nestle;;FOOD PACKAGING ;FP;LDPE;ML;2;Sabang;Aceh;30/09/2023;Outdoor;Coast/Shoreline
mie goreng spick;;PT. Siantar Top, Tbk;FOOD PACKAGING ;FP;LDPE;ML;6;Sabang;Aceh;30/09/2023;Outdoor;Coast/Shoreline
laurier;Kao Corporation Chemicals company;;BANDAGE;PC;O;ML;1;Sabang;Aceh;30/09/2023;Outdoor;Coast/Shoreline
teh pucuk harum;Mayora Indah;;BOTTLE;FP;LDPE;SL;23;Sabang;Aceh;30/09/2023;Outdoor;Coast/Shoreline
lifebuoy;Unilever;;SHAMPOO;PC;LDPE;SL;6;Sabang;Aceh;30/09/2023;Outdoor;Coast/Shoreline
magnum;Unilever;PT HM Sampoerna Tbk;CIGARETTE;SM;O;Unsure;1;Sabang;Aceh;30/09/2023;Outdoor;Coast/Shoreline
Dji sam soe;HM Sampoerna, Tbk;;CIGARETTE;SM;O;Unsure;11;Sabang;Aceh;30/09/2023;Outdoor;Coast/Shoreline
gudang garam;Gudang Garam Tbk.;;CIGARETTE;SM;O;Unsure;1;Sabang;Aceh;30/09/2023;Outdoor;Coast/Shoreline
charm;Unbranded;PT Uni-Charm Indonesia Tbk;BANDAGE;O;O;ML;6;Sabang;Aceh;30/09/2023;Outdoor;Coast/Shoreline
sprite;The Coca-Cola Company;;BOTTLE;FP;LDPE;SL;1;Sabang;Aceh;30/09/2023;Outdoor;Coast/Shoreline
kopiko;Mayora Indah;;CANDY;FP;LDPE;ML;6;Sabang;Aceh;30/09/2023;Outdoor;Coast/Shoreline
fruit tea;Sinar Sosro;;BOTTLE;FP;LDPE;SL;2;Sabang;Aceh;30/09/2023;Outdoor;Coast/Shoreline
ultra;;PT sintong abadi;SOAP;PC;LDPE;SL;2;Sabang;Aceh;30/09/2023;Outdoor;Coast/Shoreline
rebo;Gumindo Bogamanis;;FOOD PACKAGING ;FP;LDPE;ML;23;Sabang;Aceh;30/09/2023;Outdoor;Coast/Shoreline
ABC;Santos Jaya Abadi;;FOOD PACKAGING ;FP;LDPE;ML;4;Sabang;Aceh;30/09/2023;Outdoor;Coast/Shoreline
masako;Ajinomoto;;SEASONING;FP;LDPE;ML;9;Sabang;Aceh;30/09/2023;Outdoor;Coast/Shoreline
so klin;Wings;;SOAP;PC;LDPE;ML;6;Sabang;Aceh;30/09/2023;Outdoor;Coast/Shoreline
indomie;IndoFOOD PACKAGING ;;FOOD PACKAGING ;FP;LDPE;SL;121;Sabang;Aceh;30/09/2023;Outdoor;Coast/Shoreline
mie gelas;Mayora Indah;;FOOD PACKAGING ;FP;LDPE;SL;1;Sabang;Aceh;30/09/2023;Outdoor;Coast/Shoreline
DAIA;Wings;;SOAP;PC;LDPE;SL;8;Sabang;Aceh;30/09/2023;Outdoor;Coast/Shoreline
le minerale;Mayora Indah;;BOTTLE;FP;LDPE;SL;1;Sabang;Aceh;30/09/2023;Outdoor;Coast/Shoreline
mazna;unbranded;;BOTTLE;O;LDPE;Unsure;2;Sabang;Aceh;30/09/2023;Outdoor;Coast/Shoreline
madna;unbranded;;;O;LDPE;Unsure;145;Sabang;Aceh;30/09/2023;Outdoor;Coast/Shoreline
good day;Britania Industries Ltd.;PT Santos Jaya Abadi;BOTTLE;FP;LDPE;ML;2;Sabang;Aceh;30/09/2023;Outdoor;Coast/Shoreline
nescafe;Nestle;nestle;BOTTLE;FP;LDPE;ML;20;Sabang;Aceh;30/09/2023;Outdoor;Coast/Shoreline
unknown;Unbranded;;BOTTLE;FP;LDPE;Unsure;35;Sabang;Aceh;30/09/2023;Outdoor;Coast/Shoreline
unknown;Unbranded;;sterofoam;FP;PS;Unsure;5;Sabang;Aceh;30/09/2023;Outdoor;Coast/Shoreline
unknown;Unbranded;;BOWL;FP;HDPE;ML;9;Sabang;Aceh;30/09/2023;Outdoor;Coast/Shoreline
lasegar;Sinde;;BOTTLE;FP;LDPE;SL;1;Sabang;Aceh;30/09/2023;Outdoor;Coast/Shoreline
MILK kurma;;PT Jaya Utama Santikah;BOTTLE;FP;O;Unsure;1;Sabang;Aceh;30/09/2023;Outdoor;Coast/Shoreline
sajiku;Ajinomoto;;SEASONING;FP;LDPE;ML;3;Sabang;Aceh;30/09/2023;Outdoor;Coast/Shoreline
unknown;Unbranded;;BOTTLE;FP;LDPE;SL;22;Sabang;Aceh;30/09/2023;Outdoor;Coast/Shoreline
unknown;Unbranded;;SANDAL;HP;O;Unsure;13;Sabang;Aceh;30/09/2023;Outdoor;Coast/Shoreline
unknown;Unbranded;;plastic cutlery;HP;O;SL;5;Sabang;Aceh;30/09/2023;Outdoor;Coast/Shoreline
unknown;Unbranded;;fishing equipment;FG;O;Unsure;14;Sabang;Aceh;30/09/2023;Outdoor;Coast/Shoreline
unknown;Unbranded;;glass bottle;O;O;Unsure;12;Sabang;Aceh;30/09/2023;Outdoor;Coast/Shoreline
unknown;Unbranded;;BOX;PM;O;Unsure;11;Sabang;Aceh;30/09/2023;Outdoor;Coast/Shoreline
unknown;Unbranded;;;O;O;Unsure;358;Sabang;Aceh;30/09/2023;Outdoor;Coast/Shoreline
aqua;Danone;;BOTTLE;FP;LDPE;SL;151;Sabang;Aceh;30/09/2023;Outdoor;Coast/Shoreline
unknown;Unbranded;;PLASTIC;O;LDPE;SL;2429;Sabang;Aceh;30/09/2023;Outdoor;Coast/Shoreline
unknown;Unbranded;;FOOD PACKAGING ;FP;LDPE;ML;2;Sabang;Aceh;30/09/2023;Outdoor;Coast/Shoreline
french fries;Siantar Top;;FOOD PACKAGING ;FP;LDPE;ML;5;Sabang;Aceh;30/09/2023;Outdoor;Coast/Shoreline
ponds;Unilever;;cosmetics;PC;PET;ML;1;Sabang;Aceh;30/09/2023;Outdoor;Coast/Shoreline
unknown;Unbranded;;BOTTLE CAP;FP;PET;SL;13;Sabang;Aceh;30/09/2023;Outdoor;Coast/Shoreline
hatari;ASW FOOD PACKAGING ;;FOOD PACKAGING ;FP;LDPE;ML;1;Sabang;Aceh;30/09/2023;Outdoor;Coast/Shoreline
beng beng;Mayora Inda;;FOOD PACKAGING ;FP;LDPE;ML;7;Sabang;Aceh;30/09/2023;Outdoor;Coast/Shoreline
nata de coco;National Coconut Corporation;;BOTTLE;FP;LDPE;ML;2;Sabang;Aceh;30/09/2023;Outdoor;Coast/Shoreline
ekonomi;Wings;;SOAP;PM;LDPE;ML;4;Sabang;Aceh;30/09/2023;Outdoor;Coast/Shoreline
pampers;Procter & Gamble;;pampers;PM;LDPE;Unsure;3;Sabang;Aceh;30/09/2023;Outdoor;Coast/Shoreline
good time;Arnott's;;FOOD PACKAGING ;FP;LDPE;ML;3;Sabang;Aceh;30/09/2023;Outdoor;Coast/Shoreline
Garuda;Tudung Group;;FOOD PACKAGING ;FP;LDPE;ML;14;Sabang;Aceh;30/09/2023;Outdoor;Coast/Shoreline
tamago;unbranded;;FOOD PACKAGING ;FP;LDPE;ML;3;Sabang;Aceh;30/09/2023;Outdoor;Coast/Shoreline
dua kelinci;Dua Kelinci;;FOOD PACKAGING ;FP;LDPE;ML;6;Sabang;Aceh;30/09/2023;Outdoor;Coast/Shoreline
my baby;;PT. Barclay Products;cosmetics;PC;PET;ML;1;Sabang;Aceh;30/09/2023;Outdoor;Coast/Shoreline
sampoerna;Philip Morris International;PT Hanjaya Mandala Sampoerna Tbk;CIGARETTE;SM;O;Unsure;1;Sabang;Aceh;30/09/2023;Outdoor;Coast/Shoreline
cimory;Mountain Dairy;;BOTTLE;FP;LDPE;SL;3;Sabang;Aceh;30/09/2023;Outdoor;Coast/Shoreline
bon bon;Unbranded;;CANDY;FP;LDPE;SL;2;Sabang;Aceh;30/09/2023;Outdoor;Coast/Shoreline
sari gandum;Mayora Indah;;FOOD PACKAGING ;FP;LDPE;ML;2;Sabang;Aceh;30/09/2023;Outdoor;Coast/Shoreline
pocky;;PT glico indonesia;FOOD PACKAGING ;FP;LDPE;ML;1;Sabang;Aceh;30/09/2023;Outdoor;Coast/Shoreline
nutrisari;NutriFOOD PACKAGING ;;BOTTLE;FP;LDPE;ML;42;Sabang;Aceh;30/09/2023;Outdoor;Coast/Shoreline
marlboro;Philip Morris International;;CIGARETTE;SM;O;Unsure;2;Sabang;Aceh;30/09/2023;Outdoor;Coast/Shoreline
LE MINERALE;Mayora Indah;;BOTTLE CAP;FP;PET;SL;10;Bontang;East Kalimantan;29/09/2023;Outdoor;Coast/Shoreline
POCARI SWEAT;Otsuka;;BOTTLE;FP;PET;SL;3;Bontang;East Kalimantan;29/09/2023;Outdoor;Coast/Shoreline
UNKNOWN;Unbranded;;CUP;FP;PET;SL;25;Bontang;East Kalimantan;29/09/2023;Outdoor;Coast/Shoreline
GOLDA;Wings;;BOTTLE CAP;FP;PET;SL;10;Bontang;East Kalimantan;29/09/2023;Outdoor;Coast/Shoreline
CUSSONS BABY;Cussons;;BOTTLE CAP;FP;PET;SL;1;Bontang;East Kalimantan;29/09/2023;Outdoor;Coast/Shoreline
TEH RIO;Wings;;MINUMAN FOOD PACKAGING;FP;PET;SL;7;Bontang;East Kalimantan;29/09/2023;Outdoor;Coast/Shoreline
AQUA;Danone;;BOTTLE;FP;PET;SL;10;Bontang;East Kalimantan;29/09/2023;Outdoor;Coast/Shoreline
AQUA;Danone;;BOTTLE CAP;FP;PET;SL;6;Bontang;East Kalimantan;29/09/2023;Outdoor;Coast/Shoreline
SPRITE;The Coca-Cola Company;;BOTTLE CAP;FP;HDPE;SL;3;Bontang;East Kalimantan;29/09/2023;Outdoor;Coast/Shoreline
TEH PUCUK HARUM;Mayora Indah;;BOTTLE CAP;FP;HDPE;SL;10;Bontang;East Kalimantan;29/09/2023;Outdoor;Coast/Shoreline
KOPIKO;Mayora Indah;;BOTTLE CAP;FP;HDPE;SL;2;Bontang;East Kalimantan;29/09/2023;Outdoor;Coast/Shoreline
FANTA;The Coca-Cola Company;;BOTTLE CAP;FP;HDPE;SL;2;Bontang;East Kalimantan;29/09/2023;Outdoor;Coast/Shoreline
PEPSODENT;Unilever;;TUTUP TUBE;PC;PP;ML;2;Bontang;East Kalimantan;29/09/2023;Outdoor;Coast/Shoreline
REXONA;Unilever;;TUTUP;PC;PP;ML;1;Bontang;East Kalimantan;29/09/2023;Outdoor;Coast/Shoreline
UNKNOWN;Unbranded;;MASKER;PC;PP;Unsure;3;Bontang;East Kalimantan;29/09/2023;Outdoor;Coast/Shoreline
FLORIDINA;Wings Indonesia;;BOTTLE;FP;PET;SL;3;Bontang;East Kalimantan;29/09/2023;Outdoor;Coast/Shoreline
FLORIDINA;Wings Indonesia;;BOTTLE CAP;FP;PP;SL;1;Bontang;East Kalimantan;29/09/2023;Outdoor;Coast/Shoreline
FLORIDINA;Wings Indonesia;;PLASTIK LABEL;FP;PET;SL;1;Bontang;East Kalimantan;29/09/2023;Outdoor;Coast/Shoreline
GOLDA;Wings;;BOTTLE;FP;PET;SL;6;Bontang;East Kalimantan;29/09/2023;Outdoor;Coast/Shoreline
HOLISTICARE ESTER C;;PT INDOCARE CITRAPASIFIC;BOTTLE;FP;PET;SL;1;Bontang;East Kalimantan;29/09/2023;Outdoor;Coast/Shoreline
UNKNOWN;Unbranded;;PLASTIK LABEL;FP;PET;SL;1;Bontang;East Kalimantan;29/09/2023;Outdoor;Coast/Shoreline
POWER F;Wings;;CUP;FP;PET;SL;20;Bontang;East Kalimantan;29/09/2023;Outdoor;Coast/Shoreline
TEH CUP;Orang Tua;;CUP;FP;PET;SL;3;Bontang;East Kalimantan;29/09/2023;Outdoor;Coast/Shoreline
ALE-ALE;Wings;;CUP;FP;PET;SL;6;Bontang;East Kalimantan;29/09/2023;Outdoor;Coast/Shoreline
CLUB;Indofood;;CUP;FP;PET;SL;10;Bontang;East Kalimantan;29/09/2023;Outdoor;Coast/Shoreline
KOPIKO;Mayora Indah;;BOTTLE;FP;PET;SL;1;Bontang;East Kalimantan;29/09/2023;Outdoor;Coast/Shoreline
CLEO;Tanobel Food;;BOTTLE;FP;PET;SL;3;Bontang;East Kalimantan;29/09/2023;Outdoor;Coast/Shoreline
TEH RIO;Wings;;CUP;FP;PET;SL;5;Bontang;East Kalimantan;29/09/2023;Outdoor;Coast/Shoreline
SPRITE;The Coca-Cola Company;;BOTTLE;FP;PET;SL;1;Bontang;East Kalimantan;29/09/2023;Outdoor;Coast/Shoreline
PRIM-A;;PT SINAR SOSRO;BOTTLE;FP;PET;SL;1;Bontang;East Kalimantan;29/09/2023;Outdoor;Coast/Shoreline
COCA COLA;The Coca-Cola Company;;BOTTLE;FP;PET;SL;2;Bontang;East Kalimantan;29/09/2023;Outdoor;Coast/Shoreline
ABC;Santos Jaya Abadi;PT HEINZ ABC INDONESIA;BOTTLE KECAP;FP;PET;SL;1;Bontang;East Kalimantan;29/09/2023;Outdoor;Coast/Shoreline
SIJIRO;;CV TIRTA MITRA SEJATI;CUP;FP;PET;SL;14;Bontang;East Kalimantan;29/09/2023;Outdoor;Coast/Shoreline
NU MILK TEA;;PT ABC PRESIDENT INDONESIA;BOTTLE;FP;PET;SL;1;Bontang;East Kalimantan;29/09/2023;Outdoor;Coast/Shoreline
UNKNOWN;Unbranded;;PLASTIC BAG;PM;PET;SL;20;Bontang;East Kalimantan;29/09/2023;Outdoor;Coast/Shoreline
UNKNOWN;Unbranded;;CAP;FP;PET;SL;19;Bontang;East Kalimantan;29/09/2023;Outdoor;Coast/Shoreline
OLALA;Wings;;CUP;FP;PET;SL;1;Bontang;East Kalimantan;29/09/2023;Outdoor;Coast/Shoreline
UNKNOWN;Unbranded;;LABEL;FP;PET;SL;1;Bontang;East Kalimantan;29/09/2023;Outdoor;Coast/Shoreline
OREO;Dongsuh Foods;PT MONDELEZ INDONESIA MANUFACTURING;FOOD PACKAGING;FP;PET;SL;1;Bontang;East Kalimantan;29/09/2023;Outdoor;Coast/Shoreline
UNKNOWN;Unbranded;;PLASTIC BAG;HP;PET;SL;11;Bontang;East Kalimantan;29/09/2023;Outdoor;Coast/Shoreline
UNKNOWN;Unbranded;;PLASTIC BAG;HP;PET;SL;30;Bontang;East Kalimantan;29/09/2023;Outdoor;Coast/Shoreline
UNKNOWN;Unbranded;;STRAW;O;PET;SL;40;Bontang;East Kalimantan;29/09/2023;Outdoor;Coast/Shoreline
UNKNOWN;Unbranded;;CUP;FP;PET;SL;15;Bontang;East Kalimantan;29/09/2023;Outdoor;Coast/Shoreline
POWER F;Wings;;GLASS;FP;PET;SL;12;Bontang;East Kalimantan;29/09/2023;Outdoor;Coast/Shoreline
LE MINERALE;Mayora Indah;;BOTTLE;FP;PET;SL;1;Bontang;East Kalimantan;29/09/2023;Outdoor;Coast/Shoreline
SIIP;Nabati Snack;;FOOD PACKAGING;FP;PET;SL;1;Bontang;East Kalimantan;29/09/2023;Outdoor;Coast/Shoreline
CLEO;Tanobel Food;;BOTTLE;FP;PET;SL;1;Bontang;East Kalimantan;29/09/2023;Outdoor;Coast/Shoreline
INDOMIE;Indofood;;FOOD PACKAGING;FP;PET;SL;1;Bontang;East Kalimantan;29/09/2023;Outdoor;Coast/Shoreline
MAMY POKO;Unicharm;;PAMPERS;PC;O;Unsure;1;Bontang;East Kalimantan;29/09/2023;Outdoor;Coast/Shoreline
DAIA;Wings;;DETERGEN;HP;PET;SL;1;Bontang;East Kalimantan;29/09/2023;Outdoor;Coast/Shoreline
JANJI JIWA;;PT LUNA BOGA NARAYAN;CUP;FP;PET;SL;1;Bontang;East Kalimantan;29/09/2023;Outdoor;Coast/Shoreline
CLUB;Indofood;;CUP;FP;PET;SL;6;Bontang;East Kalimantan;29/09/2023;Outdoor;Coast/Shoreline
MOUNTEA;Tudung Group;;CUP;FP;PET;SL;1;Bontang;East Kalimantan;29/09/2023;Outdoor;Coast/Shoreline
AQUA;Danone;;BOTTLE;FP;PET;SL;3;Bontang;East Kalimantan;29/09/2023;Outdoor;Coast/Shoreline
ALE-ALE;Wings;;CUP;FP;PET;SL;1;Bontang;East Kalimantan;29/09/2023;Outdoor;Coast/Shoreline
Q-BIC;;PT DIFUSI GOLDEN UTAMA;CUP;FP;PET;SL;3;Bontang;East Kalimantan;29/09/2023;Outdoor;Coast/Shoreline
TEH CUP;Orang Tua;;CUP;FP;PET;SL;1;Bontang;East Kalimantan;29/09/2023;Outdoor;Coast/Shoreline
KOEPOE KOEPOE;;PT GUNACIPTA MULTIRASA;BOTTLE;FP;PET;SL;1;Bontang;East Kalimantan;29/09/2023;Outdoor;Coast/Shoreline
YAKULT;Yakult;;BOTTLE;FP;PET;SL;10;Bontang;East Kalimantan;29/09/2023;Outdoor;Coast/Shoreline
PUCELLE;Mandom;;BOTTLE;PC;PET;SL;1;Bontang;East Kalimantan;29/09/2023;Outdoor;Coast/Shoreline
ROSTA;Wings;PT GARUDAFOOD PUTRA PUTRI JAYA TBK;FOOD PACKAGING;FP;PET;SL;1;Bontang;East Kalimantan;29/09/2023;Outdoor;Coast/Shoreline
ABC;Santos Jaya Abadi;;FOOD PACKAGING;FP;PET;SL;5;Bontang;East Kalimantan;29/09/2023;Outdoor;Coast/Shoreline
MY BABY;;TEMPO SCAN PACIFIC;BOTTLE;PC;PET;SL;1;Bontang;East Kalimantan;29/09/2023;Outdoor;Coast/Shoreline
KUKUBIMA;Sidomuncul;;FOOD PACKAGING;FP;PET;SL;3;Bontang;East Kalimantan;29/09/2023;Outdoor;Coast/Shoreline
MAXTEA;;PT SARI INCOFOOD CORPORATION;FOOD PACKAGING;FP;PET;SL;1;Bontang;East Kalimantan;29/09/2023;Outdoor;Coast/Shoreline
REXONA;Unilever;;FOOD PACKAGING;PC;PET;SL;1;Bontang;East Kalimantan;29/09/2023;Outdoor;Coast/Shoreline
POP ICE;Forisa;;FOOD PACKAGING;FP;PET;SL;1;Bontang;East Kalimantan;29/09/2023;Outdoor;Coast/Shoreline
NABATI;Nabati Group.;;FOOD PACKAGING;FP;PET;SL;1;Bontang;East Kalimantan;29/09/2023;Outdoor;Coast/Shoreline
ULTRA MILK;Ultrajaya;;MILK;FP;LDPE;ML;3;Bontang;East Kalimantan;29/09/2023;Outdoor;Coast/Shoreline
LE MINERALE;Mayora Indah;;BOTTLE;FP;PET;SL;13;Bontang;East Kalimantan;29/09/2023;Outdoor;Coast/Shoreline
AQUA;Danone;;BOTTLE;FP;PET;SL;15;Bontang;East Kalimantan;29/09/2023;Outdoor;Coast/Shoreline
TEH CUP;Orang Tua;;CUP;FP;PET;SL;6;Bontang;East Kalimantan;29/09/2023;Outdoor;Coast/Shoreline
TEH PUCUK HARUM;Mayora Indah;;BOTTLE;FP;PET;SL;7;Bontang;East Kalimantan;29/09/2023;Outdoor;Coast/Shoreline
FANTA;The Coca-Cola Company;;BOTTLE;FP;PET;SL;4;Bontang;East Kalimantan;29/09/2023;Outdoor;Coast/Shoreline
DAIA;Wings;;DETERGEN;HP;PET;SL;3;Bontang;East Kalimantan;29/09/2023;Outdoor;Coast/Shoreline
MILKU;Wings;;BOTTLE;FP;PET;SL;5;Bontang;East Kalimantan;29/09/2023;Outdoor;Coast/Shoreline
POP MIE;Indofood;;CUP;FP;PS;SL;3;Bontang;East Kalimantan;29/09/2023;Outdoor;Coast/Shoreline
ISOPLUS;Wings;;BOTTLE;FP;PET;SL;1;Bontang;East Kalimantan;29/09/2023;Outdoor;Coast/Shoreline
COCA COLA;The Coca-Cola Company;;BOTTLE;FP;PET;SL;4;Bontang;East Kalimantan;29/09/2023;Outdoor;Coast/Shoreline
AQUA;Danone;;BOTTLE;FP;PET;SL;40;Bontang;East Kalimantan;29/09/2023;Outdoor;Coast/Shoreline
AQUA;Danone;;BOTTLE CAP;FP;PP;SL;46;Bontang;East Kalimantan;29/09/2023;Outdoor;Coast/Shoreline
AQUA;Danone;;PLASTIK LABEL;FP;PET;SL;19;Bontang;East Kalimantan;29/09/2023;Outdoor;Coast/Shoreline
LE MINERALE;Mayora Indah;;BOTTLE;FP;PET;SL;64;Bontang;East Kalimantan;29/09/2023;Outdoor;Coast/Shoreline
LE MINERALE;Mayora Indah;;BOTTLE CAP;FP;PP;SL;45;Bontang;East Kalimantan;29/09/2023;Outdoor;Coast/Shoreline
LE MINERALE;Mayora Indah;;PLASTIK LABEL;FP;PET;SL;37;Bontang;East Kalimantan;29/09/2023;Outdoor;Coast/Shoreline
UNKNOWN;Unbranded;;GALON CAP;FP;PP;SL;25;Bontang;East Kalimantan;29/09/2023;Outdoor;Coast/Shoreline
SO NICE;So Good;;FOOD PACKAGING;FP;PP;SL;1;Bontang;East Kalimantan;29/09/2023;Outdoor;Coast/Shoreline
SUNSILK;Unilever;;SHAMPOO;FP;PP;SL;1;Bontang;East Kalimantan;29/09/2023;Outdoor;Coast/Shoreline
FANTA;The Coca-Cola Company;;BOTTLE CAP;FP;PP;SL;5;Bontang;East Kalimantan;29/09/2023;Outdoor;Coast/Shoreline
MY BABY;;TEMPO SCAN PACIFIC;BOTTLE CAP;FP;PP;SL;1;Bontang;East Kalimantan;29/09/2023;Outdoor;Coast/Shoreline
TEH PUCUK HARUM;Mayora Indah;;BOTTLE;FP;PET;SL;20;Bontang;East Kalimantan;29/09/2023;Outdoor;Coast/Shoreline
UNKNOWN;Unbranded;;GLASS;FP;HDPE;SL;35;Bontang;East Kalimantan;29/09/2023;Outdoor;Coast/Shoreline
POP ICE;Forisa;;FOOD PACKAGING;FP;O;ML;15;Bontang;East Kalimantan;29/09/2023;Outdoor;Coast/Shoreline
UNKNOWN;Unbranded;;PLASTIC BAG;O;O;Unsure;68;Bontang;East Kalimantan;29/09/2023;Outdoor;Coast/Shoreline
POP MIE;Indofood;;CUP;FP;LDPE;SL;11;Bontang;East Kalimantan;29/09/2023;Outdoor;Coast/Shoreline
MARLBORO;Philip Morris International;;CIGARETTE PACKAGES;SM;O;Unsure;1;Bontang;East Kalimantan;29/09/2023;Outdoor;Coast/Shoreline
MAMY POKO;Unicharm;;PAMPERS;PC;O;Unsure;13;Bontang;East Kalimantan;29/09/2023;Outdoor;Coast/Shoreline
KOMIX;Bintang Toedjoe;;MEDICINE;PC;O;ML;2;Bontang;East Kalimantan;29/09/2023;Outdoor;Coast/Shoreline
ULTRA MILK;Ultrajaya;;MILK;FP;O;ML;5;Bontang;East Kalimantan;29/09/2023;Outdoor;Coast/Shoreline
AQUA;Danone;;BOTTLE;FP;PET;SL;1;Ternate;North Maluku;30/09/2023;Outdoor;Coast/Shoreline
UNKNOWN;Unbranded;;PLASTIC STRAP;HP;LDPE;SL;1;Ternate;North Maluku;30/09/2023;Outdoor;Coast/Shoreline
TEH GELAS;Orang Tua;;CUP;FP;PET;SL;1;Ternate;North Maluku;30/09/2023;Outdoor;Coast/Shoreline
TEH GELAS;Orang Tua;;LABEL;FP;LDPE;ML;1;Ternate;North Maluku;30/09/2023;Outdoor;Coast/Shoreline
SPRITE;The Coca-Cola Company;;BOTTLE;FP;PET;SL;1;Ternate;North Maluku;30/09/2023;Outdoor;Coast/Shoreline
SPRITE;The Coca-Cola Company;;BOTTLE CAP;FP;HDPE;SL;1;Ternate;North Maluku;30/09/2023;Outdoor;Coast/Shoreline
TEH ECO;Tri Sumber Makmur;;CUP;FP;PET;SL;1;Ternate;North Maluku;30/09/2023;Outdoor;Coast/Shoreline
TEH ECO;Tri Sumber Makmur;;LABEL;FP;LDPE;ML;1;Ternate;North Maluku;30/09/2023;Outdoor;Coast/Shoreline
LE MINERALE;Mayora Indah;;BOTTLE;FP;PET;SL;3;Ternate;North Maluku;30/09/2023;Outdoor;Coast/Shoreline
LE MINERALE;Mayora Indah;;BOTTLE CAP;FP;PP;SL;1;Ternate;North Maluku;30/09/2023;Outdoor;Coast/Shoreline
LE MINERALE;Mayora Indah;;LABEL;FP;LDPE;ML;2;Ternate;North Maluku;30/09/2023;Outdoor;Coast/Shoreline
DAG;;UNKNOWN;CUP;FP;PET;SL;5;Ternate;North Maluku;30/09/2023;Outdoor;Coast/Shoreline
DAG;;UNKNOWN;LABEL;FP;LDPE;ML;5;Ternate;North Maluku;30/09/2023;Outdoor;Coast/Shoreline
DAG;;UNKNOWN;STRAW;FP;LDPE;SL;5;Ternate;North Maluku;30/09/2023;Outdoor;Coast/Shoreline
KENMASTER;;UNKNOWN;LABEL;FP;LDPE;ML;1;Ternate;North Maluku;30/09/2023;Outdoor;Coast/Shoreline
MESRAN;;UNKNOWN;BOTTLE;HP;HDPE;SL;1;Ternate;North Maluku;30/09/2023;Outdoor;Coast/Shoreline
FLORIDINA;Wings Indonesia;;BOTTLE;FP;PET;SL;1;Ternate;North Maluku;30/09/2023;Outdoor;Coast/Shoreline
FLORIDINA;Wings Indonesia;;LABEL;FP;LDPE;ML;1;Ternate;North Maluku;30/09/2023;Outdoor;Coast/Shoreline
SUPERSTAR;Mayora Indah;;PLASTIC PACKAGING;FP;LDPE;ML;1;Ternate;North Maluku;30/09/2023;Outdoor;Coast/Shoreline
PEPSODENT;Unilever;;TUBE;PC;O;ML;1;Ternate;North Maluku;30/09/2023;Outdoor;Coast/Shoreline
PEPSODENT;Unilever;;BOTTLE CAP;FP;PP;SL;1;Ternate;North Maluku;30/09/2023;Outdoor;Coast/Shoreline
KUSUKA;CV Arira Pangindo;;PLASTIC PACKAGING;FP;LDPE;ML;1;Ternate;North Maluku;30/09/2023;Outdoor;Coast/Shoreline
MEDICINE BOTTLE;Unbranded;;BOTTLE;FP;PET;SL;1;Ternate;North Maluku;30/09/2023;Outdoor;Coast/Shoreline
MEDICINE BOTTLE;Unbranded;;BOTTLE CAP;FP;PP;SL;1;Ternate;North Maluku;30/09/2023;Outdoor;Coast/Shoreline
PRESSOL;;PRESSOL SCHMIERGERÄTE, GMBH;BOTTLE;HP;HDPE;SL;1;Ternate;North Maluku;30/09/2023;Outdoor;Coast/Shoreline
GRIGEN;;UNKNOWN;BOTTLE;HP;LDPE;SL;1;Ternate;North Maluku;30/09/2023;Outdoor;Coast/Shoreline
LUNCH BOX;;UNKNOWN;PLASTIC PACKAGING;FP;PS;SL;4;Ternate;North Maluku;30/09/2023;Outdoor;Coast/Shoreline
AICE;Aice;;PLASTIC PACKAGING;FP;LDPE;ML;1;Ternate;North Maluku;30/09/2023;Outdoor;Coast/Shoreline
JASJUS;Wings;;PLASTIC PACKAGING;FP;LDPE;ML;1;Ternate;North Maluku;30/09/2023;Outdoor;Coast/Shoreline
MILKU;Wings;;PLASTIC PACKAGING;FP;LDPE;ML;1;Ternate;North Maluku;30/09/2023;Outdoor;Coast/Shoreline
PLASTIC;Unbranded;;PLASTIC PACKAGING;FP;LDPE;ML;17;Ternate;North Maluku;30/09/2023;Outdoor;Coast/Shoreline
FRENCH FRIES;Siantar Top;;PLASTIC PACKAGING;FP;LDPE;ML;1;Ternate;North Maluku;30/09/2023;Outdoor;Coast/Shoreline
ROMA MALKIST;Mayora Indah;;PLASTIC PACKAGING;FP;LDPE;ML;1;Ternate;North Maluku;30/09/2023;Outdoor;Coast/Shoreline
HAIR CLIP;Unbranded;;PLASTIC PACKAGING;HP;PVC;SL;1;Ternate;North Maluku;30/09/2023;Outdoor;Coast/Shoreline
FRUITAMIN;Indofood;;CUP;FP;PET;SL;1;Ternate;North Maluku;30/09/2023;Outdoor;Coast/Shoreline
FRUITAMIN;Indofood;;STRAW;FP;PET;SL;1;Ternate;North Maluku;30/09/2023;Outdoor;Coast/Shoreline
FRUITAMIN;Indofood;;LABEL;FP;PS;ML;1;Ternate;North Maluku;30/09/2023;Outdoor;Coast/Shoreline
DAG;;UNKNOWN;CUP;FP;PET;SL;3;Ternate;North Maluku;30/09/2023;Outdoor;Coast/Shoreline
DAG;;UNKNOWN;STRAW;FP;PET;SL;3;Ternate;North Maluku;30/09/2023;Outdoor;Coast/Shoreline
DAG;;UNKNOWN;LABEL;FP;PS;SL;3;Ternate;North Maluku;30/09/2023;Outdoor;Coast/Shoreline
ICE TEA;Lipton Ice Tea;;CUP;FP;PET;SL;1;Ternate;North Maluku;30/09/2023;Outdoor;Coast/Shoreline
ICE TEA;Lipton Ice Tea;;LABEL;FP;PS;SL;1;Ternate;North Maluku;30/09/2023;Outdoor;Coast/Shoreline
AICE;Aice;;PLASTIC PACKAGING;FP;PS;ML;1;Ternate;North Maluku;30/09/2023;Outdoor;Coast/Shoreline
OKKY JELLY DRINK;Tudung Group;;CUP;FP;PET;SL;1;Ternate;North Maluku;30/09/2023;Outdoor;Coast/Shoreline
OKKY JELLY DRINK;Tudung Group;;LABEL;FP;PS;SL;1;Ternate;North Maluku;30/09/2023;Outdoor;Coast/Shoreline
PEPSODENT;Unilever;;TUBE;PC;LDPE;ML;1;Ternate;North Maluku;30/09/2023;Outdoor;Coast/Shoreline
MOMOGI;Sari Murni;;PLASTIC PACKAGING;FP;PS;ML;1;Ternate;North Maluku;30/09/2023;Outdoor;Coast/Shoreline
POP MIE;Indofood;;STYROFOAM CUP;FP;O;Unsure;1;Ternate;North Maluku;30/09/2023;Outdoor;Coast/Shoreline
POP MIE;Indofood;;LABEL;FP;PS;ML;1;Ternate;North Maluku;30/09/2023;Outdoor;Coast/Shoreline
LE MINERALE;Mayora Indah;;BOTTLE;FP;PET;SL;1;Ternate;North Maluku;30/09/2023;Outdoor;Coast/Shoreline
LE MINERALE;Mayora Indah;;LABEL;FP;PS;SL;1;Ternate;North Maluku;30/09/2023;Outdoor;Coast/Shoreline
LE MINERALE;Mayora Indah;;BOTTLE CAP;FP;PP;SL;1;Ternate;North Maluku;30/09/2023;Outdoor;Coast/Shoreline
GOOD DAY COFFEE;;PT SANTOS JAYA ABADI;BOTTLE;FP;PET;SL;1;Ternate;North Maluku;30/09/2023;Outdoor;Coast/Shoreline
GOOD DAY COFFEE;;PT SANTOS JAYA ABADI;LABEL;FP;PS;SL;1;Ternate;North Maluku;30/09/2023;Outdoor;Coast/Shoreline
GOOD DAY COFFEE;;PT SANTOS JAYA ABADI;BOTTLE CAP;FP;PP;SL;1;Ternate;North Maluku;30/09/2023;Outdoor;Coast/Shoreline
SUKY SUKY;;PT LIWAYWAY;PLASTIC PACKAGING;FP;PS;ML;1;Ternate;North Maluku;30/09/2023;Outdoor;Coast/Shoreline
HAPPY DAY CUP;;UNKNOWN;CUP;FP;PS;SL;1;Ternate;North Maluku;30/09/2023;Outdoor;Coast/Shoreline
GORIORIO;Siantar Top;;PLASTIC PACKAGING;FP;PS;ML;1;Ternate;North Maluku;30/09/2023;Outdoor;Coast/Shoreline
KUKU BIMA;Sido Muncul;;PLASTIC PACKAGING;FP;LDPE;ML;1;Ternate;North Maluku;30/09/2023;Outdoor;Coast/Shoreline
SAMPOERNA;Philip Morris International;;BOX;SM;PET;ML;1;Ternate;North Maluku;30/09/2023;Outdoor;Coast/Shoreline
SAMPOERNA;Philip Morris International;;PLASTIC PACKAGING;SM;PET;SL;1;Ternate;North Maluku;30/09/2023;Outdoor;Coast/Shoreline
PLASTIC PLATE;Unbranded;;CUTLERY;FP;O;SL;1;Ternate;North Maluku;30/09/2023;Outdoor;Coast/Shoreline
CHEW CHEW BALL;;PT KINO INDONESIA TBK;PLASTIC PACKAGING;FP;O;ML;1;Ternate;North Maluku;30/09/2023;Outdoor;Coast/Shoreline
SURYA;Gudang Garam Tbk.;;BOX;SM;PET;ML;1;Ternate;North Maluku;30/09/2023;Outdoor;Coast/Shoreline
SURYA;Gudang Garam Tbk.;;PLASTIC PACKAGING;SM;PET;SL;1;Ternate;North Maluku;30/09/2023;Outdoor;Coast/Shoreline
ROMA KELAPA;Mayora Indah;;PLASTIC PACKAGING;FP;PS;SL;1;Ternate;North Maluku;30/09/2023;Outdoor;Coast/Shoreline
POP MIE;Indofood;;STYROFOAM CUP;FP;O;SL;2;Ternate;North Maluku;30/09/2023;Outdoor;Coast/Shoreline
POP MIE;Indofood;;LABEL;FP;PS;ML;2;Ternate;North Maluku;30/09/2023;Outdoor;Coast/Shoreline
CIMORY;Mountain Dairy;;TETRA PAK;FP;HDPE;ML;1;Ternate;North Maluku;30/09/2023;Outdoor;Coast/Shoreline
CIMORY;Mountain Dairy;;STRAW;FP;PET;SL;1;Ternate;North Maluku;30/09/2023;Outdoor;Coast/Shoreline
DANCOW;Nestle;;PLASTIC PACKAGING;FP;O;ML;1;Ternate;North Maluku;30/09/2023;Outdoor;Coast/Shoreline
SUPERSTAR;Mayora Indah;;PLASTIC PACKAGING;FP;LDPE;ML;1;Ternate;North Maluku;30/09/2023;Outdoor;Coast/Shoreline
JERIGEN MINYAK;;UNKNOWN;PLASTIC;HP;HDPE;SL;1;Ternate;North Maluku;30/09/2023;Outdoor;Coast/Shoreline
PRESSOL;;PRESSOL SCHMIERGERÄTE, GMBH;PLASTIC;HP;HDPE;SL;1;Ternate;North Maluku;30/09/2023;Outdoor;Coast/Shoreline
KIMIA FARMA;;KIMIA FARMA;BOTTLE;PC;PET;SL;2;Ternate;North Maluku;30/09/2023;Outdoor;Coast/Shoreline
KIMIA FARMA;;KIMIA FARMA;BOTTLE CAP;PC;PP;SL;2;Ternate;North Maluku;30/09/2023;Outdoor;Coast/Shoreline
SKINCARE;;UNKNOWN;PLASTIC BOX;PC;LDPE;ML;1;Ternate;North Maluku;30/09/2023;Outdoor;Coast/Shoreline
SKINCARE;;UNKNOWN;PLASTIC CAP;PC;LDPE;ML;1;Ternate;North Maluku;30/09/2023;Outdoor;Coast/Shoreline
MILKU;Wings;;BOTTLE;PC;PET;SL;1;Ternate;North Maluku;30/09/2023;Outdoor;Coast/Shoreline
MILKU;Wings;;BOTTLE CAP;PC;PP;SL;1;Ternate;North Maluku;30/09/2023;Outdoor;Coast/Shoreline
MILKU;Wings;;LABEL;FP;LDPE;SL;1;Ternate;North Maluku;30/09/2023;Outdoor;Coast/Shoreline
TEH PUCUK;Mayora Indah;;LABEL;FP;PET;Unsure;1;Ternate;North Maluku;30/09/2023;Outdoor;Coast/Shoreline
TEH PUCUK;Mayora Indah;;BOTTLE;FP;PET;Unsure;1;Ternate;North Maluku;30/09/2023;Outdoor;Coast/Shoreline
TEH PUCUK;Mayora Indah;;BOTTLE CAP;FP;HDPE;Unsure;1;Ternate;North Maluku;30/09/2023;Outdoor;Coast/Shoreline
COCA COLA;The Coca-Cola Company;;BOTTLE;FP;PET;SL;1;Ternate;North Maluku;30/09/2023;Outdoor;Coast/Shoreline
COCA COLA;The Coca-Cola Company;;BOTTLE CAP;FP;PP;SL;1;Ternate;North Maluku;30/09/2023;Outdoor;Coast/Shoreline
FLORIDINA;Wings Indonesia;;BOTTLE;FP;PET;SL;1;Ternate;North Maluku;30/09/2023;Outdoor;Coast/Shoreline
FLORIDINA;Wings Indonesia;;BOTTLE CAP;FP;PP;SL;1;Ternate;North Maluku;30/09/2023;Outdoor;Coast/Shoreline
OKKY JELLY DRINK;Tudung Group;;CUP;FP;PET;SL;1;Ternate;North Maluku;30/09/2023;Outdoor;Coast/Shoreline
FRISIAN FLAG;FrieslandCampina;;PLASTIC PACKAGING;FP;LDPE;ML;1;Ternate;North Maluku;30/09/2023;Outdoor;Coast/Shoreline
JELLY GUM;Yupi Indo Jelly Gum;;PLASTIC PACKAGING;FP;LDPE;ML;1;Ternate;North Maluku;30/09/2023;Outdoor;Coast/Shoreline
BETTER;Mayora Indah;;PLASTIC PACKAGING;FP;LDPE;ML;1;Ternate;North Maluku;30/09/2023;Outdoor;Coast/Shoreline
EXTRA JOSS;Bintang Toedjoe;;PLASTIC PACKAGING;FP;LDPE;ML;1;Ternate;North Maluku;30/09/2023;Outdoor;Coast/Shoreline
ESSE;Korea Tomorrow & Global Corporation;;BOX;SM;PS;ML;1;Ternate;North Maluku;30/09/2023;Outdoor;Coast/Shoreline
ESSE;Korea Tomorrow & Global Corporation;;PLASTIC PACKAGING;SM;HDPE;ML;1;Ternate;North Maluku;30/09/2023;Outdoor;Coast/Shoreline
INDOMIE;Indofood;;PLASTIC PACKAGING;FP;LDPE;ML;1;Ternate;North Maluku;30/09/2023;Outdoor;Coast/Shoreline
PILUS GARUDA;Tudung Group;;PLASTIC PACKAGING;FP;LDPE;ML;1;Ternate;North Maluku;30/09/2023;Outdoor;Coast/Shoreline
OVALTINE;ABF;;PLASTIC PACKAGING;FP;LDPE;ML;1;Ternate;North Maluku;30/09/2023;Outdoor;Coast/Shoreline
PARAGON;;PT TRIO MAHA JAYA;PLASTIC PACKAGING;FP;LDPE;ML;1;Ternate;North Maluku;30/09/2023;Outdoor;Coast/Shoreline
MI GELAS;Mayora Indah;;PLASTIC PACKAGING;FP;LDPE;ML;1;Ternate;North Maluku;30/09/2023;Outdoor;Coast/Shoreline
EASY TOUCH;;PT HIDUP BAHAGIA MEDIKA;BOTTLE;FP;PET;SL;1;Ternate;North Maluku;30/09/2023;Outdoor;Coast/Shoreline
EASY TOUCH;;PT HIDUP BAHAGIA MEDIKA;BOTTLE CAP;FP;PP;SL;1;Ternate;North Maluku;30/09/2023;Outdoor;Coast/Shoreline
CIMORY;Mountain Dairy;;TETRA PAK;FP;HDPE;ML;1;Ternate;North Maluku;30/09/2023;Outdoor;Coast/Shoreline
DANCOW;Nestle;;TETRA PAK;FP;O;ML;1;Ternate;North Maluku;30/09/2023;Outdoor;Coast/Shoreline
SUPERSTAR;Mayora Indah;;PLASTIC PACKAGING;FP;PP;ML;1;Ternate;North Maluku;30/09/2023;Outdoor;Coast/Shoreline
JERIGEN MINYAK;;UNKNOWN;PLASTIC;HP;HDPE;SL;1;Ternate;North Maluku;30/09/2023;Outdoor;Coast/Shoreline
PRESSOL;;PRESSOL SCHMIERGERÄTE, GMBH;PLASTIC;HP;HDPE;SL;1;Ternate;North Maluku;30/09/2023;Outdoor;Coast/Shoreline
DAG;;UNKNOWN;PLASTIC PACKAGING;FP;PP;SL;6;Ternate;North Maluku;30/09/2023;Outdoor;Coast/Shoreline
OBAT SIRUP;;UNKNOWN;BOTTLE;PC;PET;SL;2;Ternate;North Maluku;30/09/2023;Outdoor;Coast/Shoreline
SKINCARE;;UNKNOWN;PLASTIC PACKAGING;PC;O;ML;1;Ternate;North Maluku;30/09/2023;Outdoor;Coast/Shoreline
MINUMAN;;UNKNOWN;PLASTIC PACKAGING;FP;PP;SL;1;Ternate;North Maluku;30/09/2023;Outdoor;Coast/Shoreline
MILKU;Wings;;BOTTLE;FP;PET;ML;1;Ternate;North Maluku;30/09/2023;Outdoor;Coast/Shoreline
MINERAL A;;PT MEDION ARDHIKA BHAKTI;PLASTIC PACKAGING;FP;PP;SL;5;Ternate;North Maluku;30/09/2023;Outdoor;Coast/Shoreline
FLORIDINA;Wings Indonesia;;BOTTLE;FP;PET;ML;1;Ternate;North Maluku;30/09/2023;Outdoor;Coast/Shoreline
TEH PUCUK;Mayora Indah;;LABEL;FP;PET;SL;1;Ternate;North Maluku;30/09/2023;Outdoor;Coast/Shoreline
TEH PUCUK;Mayora Indah;;BOTTLE;FP;PET;SL;1;Ternate;North Maluku;30/09/2023;Outdoor;Coast/Shoreline
TEH PUCUK;Mayora Indah;;BOTTLE CAP;FP;HDPE;SL;1;Ternate;North Maluku;30/09/2023;Outdoor;Coast/Shoreline
COCA COLA;The Coca-Cola Company;;BOTTLE;FP;PET;SL;1;Ternate;North Maluku;30/09/2023;Outdoor;Coast/Shoreline
LE MINERALE;Mayora Indah;;BOTTLE CAP;FP;HDPE;SL;11;Ternate;North Maluku;30/09/2023;Outdoor;Coast/Shoreline
LE MINERALE;Mayora Indah;;BOTTLE;FP;PET;SL;13;Ternate;North Maluku;30/09/2023;Outdoor;Coast/Shoreline
LE MINERALE;Mayora Indah;;LABEL;FP;LDPE;SL;7;Ternate;North Maluku;30/09/2023;Outdoor;Coast/Shoreline
DAG;;UNKNOWN;CUP;FP;PP;SL;20;Ternate;North Maluku;30/09/2023;Outdoor;Coast/Shoreline
DAG;;UNKNOWN;PLASTIC PACKAGING;FP;LDPE;SL;20;Ternate;North Maluku;30/09/2023;Outdoor;Coast/Shoreline
ASEGAR;Asegar Murni Jaya;;BOTTLE CAP;FP;HDPE;SL;1;Ternate;North Maluku;30/09/2023;Outdoor;Coast/Shoreline
ASEGAR;Asegar Murni Jaya;;BOTTLE;FP;PET;SL;1;Ternate;North Maluku;30/09/2023;Outdoor;Coast/Shoreline
ASEGAR;Asegar Murni Jaya;;LABEL;FP;LDPE;SL;1;Ternate;North Maluku;30/09/2023;Outdoor;Coast/Shoreline
DAG;;UNKNOWN;CUP;FP;LDPE;SL;18;Ternate;North Maluku;30/09/2023;Outdoor;Coast/Shoreline
DAG;;UNKNOWN;LABEL;FP;LDPE;SL;17;Ternate;North Maluku;30/09/2023;Outdoor;Coast/Shoreline
LE MINERALE;Mayora Indah;;BOTTLE CAP;FP;HDPE;SL;1;Ternate;North Maluku;30/09/2023;Outdoor;Coast/Shoreline
LE MINERALE;Mayora Indah;;BOTTLE;FP;PET;SL;13;Ternate;North Maluku;30/09/2023;Outdoor;Coast/Shoreline
LE MINERALE;Mayora Indah;;LABEL;FP;LDPE;SL;0;Ternate;North Maluku;30/09/2023;Outdoor;Coast/Shoreline
CUP KECIL;;UNKNOWN;CUP;FP;PET;SL;1;Ternate;North Maluku;30/09/2023;Outdoor;Coast/Shoreline
SUNTORY;Suntory;;BOTTLE CAP;FP;HDPE;SL;1;Ternate;North Maluku;30/09/2023;Outdoor;Coast/Shoreline
KECAP;;UNKNOWN;BOTTLE;FP;PET;SL;1;Ternate;North Maluku;30/09/2023;Outdoor;Coast/Shoreline
LE MINERALE;Mayora Indah;;BOTTLE CAP;FP;HDPE;SL;19;Ternate;North Maluku;30/09/2023;Outdoor;Coast/Shoreline
LE MINERALE;Mayora Indah;;BOTTLE;FP;PET;SL;22;Ternate;North Maluku;30/09/2023;Outdoor;Coast/Shoreline
LE MINERALE;Mayora Indah;;LABEL;FP;LDPE;SL;7;Ternate;North Maluku;30/09/2023;Outdoor;Coast/Shoreline
DAG;;UNKNOWN;CUP;FP;PP;SL;20;Ternate;North Maluku;30/09/2023;Outdoor;Coast/Shoreline
DAG;;UNKNOWN;LABEL;FP;LDPE;SL;20;Ternate;North Maluku;30/09/2023;Outdoor;Coast/Shoreline
CHO CHO;;PT DOLPHIN FOOD & BEVERAGES INDUSTRY;CUP;FP;PP;ML;1;Ternate;North Maluku;30/09/2023;Outdoor;Coast/Shoreline
TEH PUCUK;Mayora Indah;;BOTTLE;FP;PET;SL;5;Ternate;North Maluku;30/09/2023;Outdoor;Coast/Shoreline
TEH PUCUK;Mayora Indah;;LABEL;FP;LDPE;SL;5;Ternate;North Maluku;30/09/2023;Outdoor;Coast/Shoreline
MAULKHAIRAT;;UNKNOWN;CUP;FP;PET;SL;4;Ternate;North Maluku;30/09/2023;Outdoor;Coast/Shoreline
MAULKHAIRAT;;UNKNOWN;LABEL;FP;LDPE;SL;4;Ternate;North Maluku;30/09/2023;Outdoor;Coast/Shoreline
AQUA;Danone;;BOTTLE CAP;FP;HDPE;SL;13;Ternate;North Maluku;30/09/2023;Outdoor;Coast/Shoreline
AQUA;Danone;;BOTTLE;FP;PET;SL;21;Ternate;North Maluku;30/09/2023;Outdoor;Coast/Shoreline
GOOD DAY COFFEE;;PT SANTOS JAYA ABADI;BOTTLE;FP;PET;SL;1;Ternate;North Maluku;30/09/2023;Outdoor;Coast/Shoreline
INDOMATER;;UNKNOWN;BOTTLE;FP;PET;SL;1;Ternate;North Maluku;30/09/2023;Outdoor;Coast/Shoreline
GOLDA;Wings;;BOTTLE;FP;PET;SL;3;Ternate;North Maluku;30/09/2023;Outdoor;Coast/Shoreline
GOLDA;Wings;;LABEL;FP;LDPE;SL;3;Ternate;North Maluku;30/09/2023;Outdoor;Coast/Shoreline
FLOW;;PT SUMBER BENING LESTARI;CUP;FP;PP;SL;20;Ternate;North Maluku;30/09/2023;Outdoor;Coast/Shoreline
FLOW;;PT SUMBER BENING LESTARI;STRAW;FP;LDPE;SL;19;Ternate;North Maluku;30/09/2023;Outdoor;Coast/Shoreline
FLOW;;PT SUMBER BENING LESTARI;PLASTIC PACKAGING;FP;LDPE;SL;5;Ternate;North Maluku;30/09/2023;Outdoor;Coast/Shoreline
AQUA;Danone;;CUP;FP;PP;SL;4;Ternate;North Maluku;30/09/2023;Outdoor;Coast/Shoreline
AQUA;Danone;;LABEL;FP;LDPE;SL;4;Ternate;North Maluku;30/09/2023;Outdoor;Coast/Shoreline
ASEGAR;Asegar Murni Jaya;;CUP;FP;PP;Unsure;5;Ternate;North Maluku;30/09/2023;Outdoor;Coast/Shoreline
ASEGAR;Asegar Murni Jaya;;LABEL;FP;LDPE;SL;5;Ternate;North Maluku;30/09/2023;Outdoor;Coast/Shoreline
UNKNOWN;Unbranded;;BOTTLE CAP;FP;PP;SL;1;Ternate;North Maluku;30/09/2023;Outdoor;Coast/Shoreline
GOOD DAY COFFEE;;PT SANTOS JAYA ABADI;BOTTLE CAP;FP;HDPE;Unsure;2;Ternate;North Maluku;30/09/2023;Outdoor;Coast/Shoreline
GOOD DAY COFFEE;;PT SANTOS JAYA ABADI;BOTTLE;FP;PET;Unsure;3;Ternate;North Maluku;30/09/2023;Outdoor;Coast/Shoreline
GOOD DAY COFFEE;;PT SANTOS JAYA ABADI;PLASTIC PACKAGING;FP;LDPE;Unsure;2;Ternate;North Maluku;30/09/2023;Outdoor;Coast/Shoreline
BKP;;PT BINA KARYA PRIMA;BOTTLE;FP;PET;Unsure;1;Ternate;North Maluku;30/09/2023;Outdoor;Coast/Shoreline
BKP;;PT BINA KARYA PRIMA;BOTTLE CAP;FP;HDPE;Unsure;1;Ternate;North Maluku;30/09/2023;Outdoor;Coast/Shoreline
FLORIDINA;Wings Indonesia;;BOTTLE CAP;FP;HDPE;SL;1;Ternate;North Maluku;30/09/2023;Outdoor;Coast/Shoreline
FLORIDINA;Wings Indonesia;;BOTTLE;FP;PET;SL;2;Ternate;North Maluku;30/09/2023;Outdoor;Coast/Shoreline
FLORIDINA;Wings Indonesia;;PLASTIC PACKAGING;FP;LDPE;SL;1;Ternate;North Maluku;30/09/2023;Outdoor;Coast/Shoreline
TEH GELAS;Orang Tua;;CUP;FP;PP;SL;0;Ternate;North Maluku;30/09/2023;Outdoor;Coast/Shoreline
TEBS;Sinar Sosro;;BOTTLE CAP;FP;HDPE;SL;0;Ternate;North Maluku;30/09/2023;Outdoor;Coast/Shoreline
TEBS;Sinar Sosro;;BOTTLE;FP;PET;SL;1;Ternate;North Maluku;30/09/2023;Outdoor;Coast/Shoreline
TEBS;Sinar Sosro;;LABEL;FP;HDPE;SL;1;Ternate;North Maluku;30/09/2023;Outdoor;Coast/Shoreline
ROYAL;The Coca-Cola Company;UNKNOWN;BOTTLE;FP;PET;SL;1;Ternate;North Maluku;30/09/2023;Outdoor;Coast/Shoreline
ROYAL;The Coca-Cola Company;UNKNOWN;BOTTLE CAP;FP;O;SL;1;Ternate;North Maluku;30/09/2023;Outdoor;Coast/Shoreline
CLEO;Tanobel Food;;BOTTLE;FP;PET;SL;2;Ternate;North Maluku;30/09/2023;Outdoor;Coast/Shoreline
CLEO;Tanobel Food;;BOTTLE CAP;FP;O;SL;2;Ternate;North Maluku;30/09/2023;Outdoor;Coast/Shoreline
UNKNOWN;Unbranded;;BOTTLE;PC;PET;SL;1;Ternate;North Maluku;30/09/2023;Outdoor;Coast/Shoreline
UNKNOWN;Unbranded;;BOTTLE CAP;PC;O;SL;1;Ternate;North Maluku;30/09/2023;Outdoor;Coast/Shoreline
SPRITE;The Coca-Cola Company;;BOTTLE;FP;O;SL;1;Ternate;North Maluku;30/09/2023;Outdoor;Coast/Shoreline
SPRITE;The Coca-Cola Company;;BOTTLE CAP;FP;O;SL;1;Ternate;North Maluku;30/09/2023;Outdoor;Coast/Shoreline
KISS;Mayora Indah;;PLASTIC PACKAGING;FP;LDPE;ML;1;Ternate;North Maluku;30/09/2023;Outdoor;Coast/Shoreline
ASEGAR;Asegar Murni Jaya;;CUP;FP;PET;SL;1;Ternate;North Maluku;30/09/2023;Outdoor;Coast/Shoreline
ASEGAR;Asegar Murni Jaya;;LABEL;FP;LDPE;SL;1;Ternate;North Maluku;30/09/2023;Outdoor;Coast/Shoreline
GOLCO;CV Permata Kuning;;BOTTLE;HP;PET;SL;1;Ternate;North Maluku;30/09/2023;Outdoor;Coast/Shoreline
GOLCO;CV Permata Kuning;;BOTTLE CAP;HP;PET;SL;1;Ternate;North Maluku;30/09/2023;Outdoor;Coast/Shoreline
GOLCO;CV Permata Kuning;;LABEL;HP;LDPE;SL;1;Ternate;North Maluku;30/09/2023;Outdoor;Coast/Shoreline
AQUA;Danone;;CUP;FP;PP;SL;1;Ternate;North Maluku;30/09/2023;Outdoor;Coast/Shoreline
AQUA;Danone;;LABEL;FP;LDPE;ML;1;Ternate;North Maluku;30/09/2023;Outdoor;Coast/Shoreline
WALLS;Unilever;;CUP;FP;PS;SL;1;Ternate;North Maluku;30/09/2023;Outdoor;Coast/Shoreline
PAISU;;UNKNOWN;CUP;FP;PET;SL;1;Ternate;North Maluku;30/09/2023;Outdoor;Coast/Shoreline
PAISU;;UNKNOWN;LABEL;FP;LDPE;ML;1;Ternate;North Maluku;30/09/2023;Outdoor;Coast/Shoreline
INDOMILK;Indofood;;BOTTLE;FP;HDPE;SL;1;Ternate;North Maluku;30/09/2023;Outdoor;Coast/Shoreline
AJM;;UNKNOWN;PLASTIC PACKAGING;FP;PS;SL;3;Ternate;North Maluku;30/09/2023;Outdoor;Coast/Shoreline
AJM;;UNKNOWN;LABEL;FP;LDPE;ML;3;Ternate;North Maluku;30/09/2023;Outdoor;Coast/Shoreline
AJM;;UNKNOWN;PLASTIC PACKAGING;FP;PS;SL;3;Ternate;North Maluku;30/09/2023;Outdoor;Coast/Shoreline
AJM;;UNKNOWN;LABEL;FP;LDPE;ML;3;Ternate;North Maluku;30/09/2023;Outdoor;Coast/Shoreline
ES TEH INDONESIA;;PT ESTEH INDONESIA MAKMUR;CUP;FP;PP;SL;1;Ternate;North Maluku;30/09/2023;Outdoor;Coast/Shoreline
GO VIT;;PT INDOFOOD CBP SUKSES MAKMUR TBK;CUP;FP;PS;SL;1;Ternate;North Maluku;30/09/2023;Outdoor;Coast/Shoreline
GO VIT;;PT INDOFOOD CBP SUKSES MAKMUR TBK;LABEL;FP;LDPE;SL;1;Ternate;North Maluku;30/09/2023;Outdoor;Coast/Shoreline
AKE;CV.Ake Abadi;;CUP;FP;PS;SL;1;Ternate;North Maluku;30/09/2023;Outdoor;Coast/Shoreline
AKE;CV.Ake Abadi;;LABEL;FP;LDPE;ML;1;Ternate;North Maluku;30/09/2023;Outdoor;Coast/Shoreline
ALE ALE;Tirta Alam;;CUP;FP;PET;SL;14;Ternate;North Maluku;30/09/2023;Outdoor;Coast/Shoreline
ALE ALE;Tirta Alam;;LABEL;FP;HDPE;SL;6;Ternate;North Maluku;30/09/2023;Outdoor;Coast/Shoreline
TEH GELAS;Orang Tua;;CUP;FP;PET;SL;12;Ternate;North Maluku;30/09/2023;Outdoor;Coast/Shoreline
TEH GELAS;Orang Tua;;LABEL;FP;HDPE;SL;6;Ternate;North Maluku;30/09/2023;Outdoor;Coast/Shoreline
FRUIT TEA;Sinar Sosro;;BOTTLE;FP;PET;SL;1;Ternate;North Maluku;30/09/2023;Outdoor;Coast/Shoreline
FRUIT TEA;Sinar Sosro;;BOTTLE CAP;FP;PP;SL;3;Ternate;North Maluku;30/09/2023;Outdoor;Coast/Shoreline
FRUIT TEA;Sinar Sosro;;LABEL;FP;LDPE;SL;1;Ternate;North Maluku;30/09/2023;Outdoor;Coast/Shoreline
OKKY JELLY DRINK;Tudung Group;;CUP;FP;PET;SL;6;Ternate;North Maluku;30/09/2023;Outdoor;Coast/Shoreline
OKKY JELLY DRINK;Tudung Group;;LABEL;FP;HDPE;SL;1;Ternate;North Maluku;30/09/2023;Outdoor;Coast/Shoreline
HAPPY DAY CUP;;UNKNOWN;CUP;FP;PP;SL;13;Ternate;North Maluku;30/09/2023;Outdoor;Coast/Shoreline
UNKNOWN;Unbranded;;CUP;FP;PET;SL;30;Ternate;North Maluku;30/09/2023;Outdoor;Coast/Shoreline
UNKNOWN;Unbranded;;BOTTLE CAP;FP;PET;SL;7;Ternate;North Maluku;30/09/2023;Outdoor;Coast/Shoreline
OKKY KOKO DRINK;Suntory Garuda Beverage;;CUP;FP;PET;SL;1;Ternate;North Maluku;30/09/2023;Outdoor;Coast/Shoreline
OKKY KOKO DRINK;Suntory Garuda Beverage;;LABEL;FP;HDPE;SL;1;Ternate;North Maluku;30/09/2023;Outdoor;Coast/Shoreline
CIMORY;Mountain Dairy;;BOTTLE;FP;PET;SL;1;Ternate;North Maluku;30/09/2023;Outdoor;Coast/Shoreline
CIMORY;Mountain Dairy;;BOTTLE CAP;FP;O;SL;1;Ternate;North Maluku;30/09/2023;Outdoor;Coast/Shoreline
CIMORY;Mountain Dairy;;LABEL;FP;HDPE;SL;1;Ternate;North Maluku;30/09/2023;Outdoor;Coast/Shoreline
ICE TEA;Lipton Ice Tea;;CUP;FP;PP;SL;2;Ternate;North Maluku;30/09/2023;Outdoor;Coast/Shoreline
ROMA SARI GANDUM;Mayora Indah;;PLASTIC PACKAGING;FP;O;SL;2;Ternate;North Maluku;30/09/2023;Outdoor;Coast/Shoreline
CLUB;Indofood;;BOTTLE;FP;PP;SL;1;Ternate;North Maluku;30/09/2023;Outdoor;Coast/Shoreline
CLUB;Indofood;;LABEL;FP;HDPE;SL;1;Ternate;North Maluku;30/09/2023;Outdoor;Coast/Shoreline
KOPI NONGKRONG;;PT SAYAP MAS UTAMA;CUP;FP;PP;SL;2;Ternate;North Maluku;30/09/2023;Outdoor;Coast/Shoreline
KOPI NONGKRONG;;PT SAYAP MAS UTAMA;LABEL;FP;HDPE;SL;2;Ternate;North Maluku;30/09/2023;Outdoor;Coast/Shoreline
MIZONE;Danone;;BOTTLE;FP;PP;SL;1;Ternate;North Maluku;30/09/2023;Outdoor;Coast/Shoreline
MIZONE;Danone;;BOTTLE CAP;FP;PP;SL;1;Ternate;North Maluku;30/09/2023;Outdoor;Coast/Shoreline
KIKO;Pandaria Makmur (Kiko Fact);PT UNITED FAMILY FOOD;PLASTIC PACKAGING;FP;PET;SL;2;Ternate;North Maluku;30/09/2023;Outdoor;Coast/Shoreline
AKE;CV.Ake Abadi;;BOTTLE;FP;PET;SL;2;Ternate;North Maluku;30/09/2023;Outdoor;Coast/Shoreline
AKE;CV.Ake Abadi;;BOTTLE CAP;FP;PP;SL;2;Ternate;North Maluku;30/09/2023;Outdoor;Coast/Shoreline
AKE;CV.Ake Abadi;;PLASTIC PACKAGING;FP;PET;SL;2;Ternate;North Maluku;30/09/2023;Outdoor;Coast/Shoreline
AKE;CV.Ake Abadi;;CUP;FP;PP;SL;1;Ternate;North Maluku;30/09/2023;Outdoor;Coast/Shoreline
UNKNOWN;Unbranded;;CUP;FP;PET;SL;2;Ternate;North Maluku;30/09/2023;Outdoor;Coast/Shoreline
UNKNOWN;Unbranded;;LABEL;FP;PET;SL;1;Ternate;North Maluku;30/09/2023;Outdoor;Coast/Shoreline
YUPI;Yupindo;;PLASTIC PACKAGING;FP;PP;SL;1;Ternate;North Maluku;30/09/2023;Outdoor;Coast/Shoreline
POCARI SWEAT;Otsuka;;BOTTLE CAP;FP;PP;SL;2;Ternate;North Maluku;30/09/2023;Outdoor;Coast/Shoreline
UNKNOWN;Unbranded;;CUP;FP;PET;SL;4;Ternate;North Maluku;30/09/2023;Outdoor;Coast/Shoreline
BIG BABOL;Perfetti van Melle;;PLASTIC PACKAGING;FP;PET;SL;1;Ternate;North Maluku;30/09/2023;Outdoor;Coast/Shoreline
UNKNOWN;Unbranded;;BOTTLE;PC;HDPE;SL;1;Ternate;North Maluku;30/09/2023;Outdoor;Coast/Shoreline
UNKNOWN;Unbranded;;CUP;HP;HDPE;SL;1;Ternate;North Maluku;30/09/2023;Outdoor;Coast/Shoreline
SARI GANDUM;Mayora Indah;;PLASTIC PACKAGING;FP;O;SL;1;Ternate;North Maluku;30/09/2023;Outdoor;Coast/Shoreline
UNKNOWN;Unbranded;;BOTTLE;FP;HDPE;SL;1;Ternate;North Maluku;30/09/2023;Outdoor;Coast/Shoreline
PLASTIK INDOMARET;;PT INDOMARCO PRISMATAMA;PLASTIC PACKAGING;PM;HDPE;SL;3;Ternate;North Maluku;30/09/2023;Outdoor;Coast/Shoreline
POP MIE;Indofood;;STYROFOAM CUP;PM;O;SL;9;Ternate;North Maluku;30/09/2023;Outdoor;Coast/Shoreline
POP MIE;Indofood;;LABEL;FP;O;ML;2;Ternate;North Maluku;30/09/2023;Outdoor;Coast/Shoreline
POP MIE;Indofood;;FORK;FP;PP;SL;9;Ternate;North Maluku;30/09/2023;Outdoor;Coast/Shoreline
HATARI;ASW Food;;PLASTIC PACKAGING;FP;O;SL;2;Ternate;North Maluku;30/09/2023;Outdoor;Coast/Shoreline
TWISTER;Unilever;;PLASTIC PACKAGING;FP;O;SL;2;Ternate;North Maluku;30/09/2023;Outdoor;Coast/Shoreline
KIKO;Pandaria Makmur (Kiko Fact);PT UNITED FAMILY FOOD;PLASTIC PACKAGING;FP;PP;SL;13;Ternate;North Maluku;30/09/2023;Outdoor;Coast/Shoreline
ALE ALE;Tirta Alam;;CUP;FP;PP;SL;1;Ternate;North Maluku;30/09/2023;Outdoor;Coast/Shoreline
UNKNOWN;Unbranded;;PLASTIC PACKAGING;PM;PET;SL;15;Ternate;North Maluku;30/09/2023;Outdoor;Coast/Shoreline
UNKNOWN;Unbranded;;PLASTIC PACKAGING;FP;PS;SL;1;Ternate;North Maluku;30/09/2023;Outdoor;Coast/Shoreline
MAX TEA;;PT SARI INCOFOOD CORPORATION;PLASTIC PACKAGING;FP;HDPE;ML;4;Ternate;North Maluku;30/09/2023;Outdoor;Coast/Shoreline
VINOLA;;SINAR SURYA FOOD;PLASTIC PACKAGING;FP;O;ML;2;Ternate;North Maluku;30/09/2023;Outdoor;Coast/Shoreline
ROMA WAFELLO;Mayora Indah;;PLASTIC PACKAGING;FP;O;ML;1;Ternate;North Maluku;30/09/2023;Outdoor;Coast/Shoreline
UNKNOWN;Unbranded;;PLASTIC PACKAGING;FP;PVC;SL;1;Ternate;North Maluku;30/09/2023;Outdoor;Coast/Shoreline
MIE SEDAP;Wings;;PLASTIC PACKAGING;FP;O;SL;10;Ternate;North Maluku;30/09/2023;Outdoor;Coast/Shoreline
INDOMIE;Indofood;;PLASTIC PACKAGING;FP;O;SL;9;Ternate;North Maluku;30/09/2023;Outdoor;Coast/Shoreline
POP ICE;Forisa;;PLASTIC PACKAGING;FP;O;ML;4;Ternate;North Maluku;30/09/2023;Outdoor;Coast/Shoreline
MIKAKO;Rubber Snack Industry;;PLASTIC PACKAGING;FP;O;ML;2;Ternate;North Maluku;30/09/2023;Outdoor;Coast/Shoreline
TEH KOTAK;Ultrajaya;;TETRA PAK;FP;O;ML;4;Ternate;North Maluku;30/09/2023;Outdoor;Coast/Shoreline
TEH KOTAK;Ultrajaya;;STRAW;FP;O;SL;4;Ternate;North Maluku;30/09/2023;Outdoor;Coast/Shoreline
ROMA KELAPA;Mayora Indah;;PLASTIC PACKAGING;FP;O;SL;2;Ternate;North Maluku;30/09/2023;Outdoor;Coast/Shoreline
ULTRAMILK;Ultrajaya;;TETRA PAK;FP;O;ML;6;Ternate;North Maluku;30/09/2023;Outdoor;Coast/Shoreline
ULTRAMILK;Ultrajaya;;STRAW;FP;O;SL;1;Ternate;North Maluku;30/09/2023;Outdoor;Coast/Shoreline
GOOD DAY COFFEE;;PT SANTOS JAYA ABADI;BOTTLE;FP;O;ML;3;Ternate;North Maluku;30/09/2023;Outdoor;Coast/Shoreline
LE MINERALE;Mayora Indah;;LABEL;FP;O;SL;8;Ternate;North Maluku;30/09/2023;Outdoor;Coast/Shoreline
LE MINERALE;Mayora Indah;;BOTTLE;FP;PET;SL;1;Ternate;North Maluku;30/09/2023;Outdoor;Coast/Shoreline
REBO;Gumindo Bogamanis;;PLASTIC PACKAGING;FP;O;ML;2;Ternate;North Maluku;30/09/2023;Outdoor;Coast/Shoreline
GO MALKIST;;PT JAYA UTAMA SANTIKAH;PLASTIC PACKAGING;FP;O;ML;3;Ternate;North Maluku;30/09/2023;Outdoor;Coast/Shoreline
UNKNOWN;Unbranded;;PLASTIC PACKAGING;PM;HDPE;SL;25;Ternate;North Maluku;30/09/2023;Outdoor;Coast/Shoreline
MIE SEDAP;Wings;;PLASTIC PACKAGING;FP;O;ML;4;Ternate;North Maluku;30/09/2023;Outdoor;Coast/Shoreline
CHOCHO ROYAL;;PT BAGUSFOOD;PLASTIC PACKAGING;FP;O;ML;1;Ternate;North Maluku;30/09/2023;Outdoor;Coast/Shoreline
SUPERMI;Indofood;;PLASTIC PACKAGING;FP;O;SL;1;Ternate;North Maluku;30/09/2023;Outdoor;Coast/Shoreline
MIE GELAS;Mayora Indah;;PLASTIC PACKAGING;FP;O;SL;3;Ternate;North Maluku;30/09/2023;Outdoor;Coast/Shoreline
JASJUS;Wings;;PLASTIC PACKAGING;FP;O;ML;3;Ternate;North Maluku;30/09/2023;Outdoor;Coast/Shoreline
UNKNOWN;Unbranded;;PLASTIC PACKAGING;HP;HDPE;SL;2;Ternate;North Maluku;30/09/2023;Outdoor;Coast/Shoreline
KUKU BIMA;Sido Muncul;;PLASTIC PACKAGING;FP;O;ML;1;Ternate;North Maluku;30/09/2023;Outdoor;Coast/Shoreline
BLUE BAND;unilever;;PLASTIC PACKAGING;FP;PP;SL;1;Ternate;North Maluku;30/09/2023;Outdoor;Coast/Shoreline
FRISIAN FLAG;FrieslandCampina;;TETRA PAK;FP;O;ML;2;Ternate;North Maluku;30/09/2023;Outdoor;Coast/Shoreline
MINYAKITA;;APICAL GROUP;PLASTIC PACKAGING;FP;LDPE;SL;1;Ternate;North Maluku;30/09/2023;Outdoor;Coast/Shoreline
MILO;Nestle;;PLASTIC PACKAGING;FP;O;ML;2;Ternate;North Maluku;30/09/2023;Outdoor;Coast/Shoreline
TEH GELAS;Orang Tua;;CUP;FP;O;SL;1;Ternate;North Maluku;30/09/2023;Outdoor;Coast/Shoreline
YORITOS;;PT MANOHARA ASRI;PLASTIC PACKAGING;FP;O;ML;1;Ternate;North Maluku;30/09/2023;Outdoor;Coast/Shoreline
LE MINERALE;Mayora Indah;;BOTTLE CAP;FP;PP;SL;1;Ternate;North Maluku;30/09/2023;Outdoor;Coast/Shoreline
MIZONE;Danone;;BOTTLE CAP;FP;PP;SL;1;Ternate;North Maluku;30/09/2023;Outdoor;Coast/Shoreline
NIVEA;Beiersdorf Global AG;;BOTTLE;PC;PP;SL;1;Ternate;North Maluku;30/09/2023;Outdoor;Coast/Shoreline
TOKAI;Tokai Dharma Indonesia;;PLASTIC PACKAGING;SM;PVC;SL;1;Ternate;North Maluku;30/09/2023;Outdoor;Coast/Shoreline
BLUEBERRY DARK CHOCO INDOMARET;;PT INDOMARCO PRISMATAMA;PLASTIC PACKAGING;FP;O;ML;1;Ternate;North Maluku;30/09/2023;Outdoor;Coast/Shoreline
UNKNOWN;Unbranded;;THINWALL;FP;O;SL;30;Ternate;North Maluku;30/09/2023;Outdoor;Coast/Shoreline
QTELA;Indofood;;PLASTIC PACKAGING;FP;LDPE;ML;1;Ternate;North Maluku;30/09/2023;Outdoor;Coast/Shoreline
SPONGE;;PT LIWAYWAY;PLASTIC PACKAGING;FP;LDPE;ML;1;Ternate;North Maluku;30/09/2023;Outdoor;Coast/Shoreline
KOPIKO;Mayora Indah;;PLASTIC PACKAGING;FP;LDPE;ML;2;Ternate;North Maluku;30/09/2023;Outdoor;Coast/Shoreline
UNKNOWN;Unbranded;;PLASTIC PACKAGING;PM;HDPE;SL;22;Ternate;North Maluku;30/09/2023;Outdoor;Coast/Shoreline
ROMA MALKIST;Mayora Indah;;PLASTIC PACKAGING;FP;PET;SL;3;Ternate;North Maluku;30/09/2023;Outdoor;Coast/Shoreline
MARLBORO;Philip Morris International;;BOX;SM;O;ML;1;Ternate;North Maluku;30/09/2023;Outdoor;Coast/Shoreline
MIRANDA;Unbranded;PT VICTORIA CARE INDONESIA;PLASTIC PACKAGING;PC;O;ML;1;Ternate;North Maluku;30/09/2023;Outdoor;Coast/Shoreline
UNKNOWN;Unbranded;;SPOON;HP;PS;SL;5;Ternate;North Maluku;30/09/2023;Outdoor;Coast/Shoreline
GERY SALUT;Garuda Food;;PLASTIC PACKAGING;FP;O;ML;9;Ternate;North Maluku;30/09/2023;Outdoor;Coast/Shoreline
BIG BABOL;Perfetti van Melle;;PLASTIC PACKAGING;PM;O;ML;7;Ternate;North Maluku;30/09/2023;Outdoor;Coast/Shoreline
INDOMIE;Indofood;;PLASTIC PACKAGING;FP;LDPE;ML;3;Ternate;North Maluku;30/09/2023;Outdoor;Coast/Shoreline
SURYA;Gudang Garam Tbk.;;BOX;SM;O;ML;8;Ternate;North Maluku;30/09/2023;Outdoor;Coast/Shoreline
UNKNOWN;Unbranded;;PLASTIC PACKAGING;FP;O;SL;1;Ternate;North Maluku;30/09/2023;Outdoor;Coast/Shoreline
UNKNOWN;Unbranded;;LABEL;FP;PP;SL;1;Ternate;North Maluku;30/09/2023;Outdoor;Coast/Shoreline
AICE;Aice;;PLASTIC PACKAGING;FP;PP;ML;3;Ternate;North Maluku;30/09/2023;Outdoor;Coast/Shoreline
CHA CHA CHOCOLATE;;PT PERUSAHAAN INDUSTRI CERES;PLASTIC PACKAGING;FP;PET;ML;2;Ternate;North Maluku;30/09/2023;Outdoor;Coast/Shoreline
UNKNOWN;Unbranded;;PLASTIC PACKAGING;FP;PP;SL;1;Ternate;North Maluku;30/09/2023;Outdoor;Coast/Shoreline
SAMPOERNA;Philip Morris International;;BOX;SM;O;ML;1;Ternate;North Maluku;30/09/2023;Outdoor;Coast/Shoreline
SAMPOERNA;Philip Morris International;;PLASTIC PACKAGING;PM;O;ML;1;Ternate;North Maluku;30/09/2023;Outdoor;Coast/Shoreline
DJARUM;Djarum Indonesia;;BOX;SM;O;ML;1;Ternate;North Maluku;30/09/2023;Outdoor;Coast/Shoreline
UNKNOWN;Unbranded;;STRAW;FP;PP;SL;25;Ternate;North Maluku;30/09/2023;Outdoor;Coast/Shoreline
SILVERQUEEN;;PT PERUSAHAAN INDUSTRI CERES;PLASTIC PACKAGING;FP;O;ML;1;Ternate;North Maluku;30/09/2023;Outdoor;Coast/Shoreline
SIIP;Nabati Snack;;PLASTIC PACKAGING;FP;PS;ML;3;Ternate;North Maluku;30/09/2023;Outdoor;Coast/Shoreline
RELAXA;Agel Langgeng;;PLASTIC PACKAGING;FP;PS;ML;5;Ternate;North Maluku;30/09/2023;Outdoor;Coast/Shoreline
HOT HOT;Bronson Prima Industri;;PLASTIC PACKAGING;FP;O;ML;6;Ternate;North Maluku;30/09/2023;Outdoor;Coast/Shoreline
FRENTA;Kino;;PLASTIC PACKAGING;FP;O;ML;2;Ternate;North Maluku;30/09/2023;Outdoor;Coast/Shoreline
KISS;Mayora Indah;;PLASTIC PACKAGING;FP;O;ML;1;Ternate;North Maluku;30/09/2023;Outdoor;Coast/Shoreline
GULAKU;Sugar Group;;PLASTIC PACKAGING;FP;O;SL;1;Ternate;North Maluku;30/09/2023;Outdoor;Coast/Shoreline
ENERGEN;Mayora Indah;;PLASTIC PACKAGING;FP;O;ML;2;Ternate;North Maluku;30/09/2023;Outdoor;Coast/Shoreline
KOPI DAN KACANG;;PT BRONSON PRIMA INDUSTRI;PLASTIC PACKAGING;FP;O;ML;1;Ternate;North Maluku;30/09/2023;Outdoor;Coast/Shoreline
SQUARE PUFF;;PT ANEKA INDOMAKMUR;PLASTIC PACKAGING;FP;O;SL;1;Ternate;North Maluku;30/09/2023;Outdoor;Coast/Shoreline
DJARUM;Djarum Indonesia;;PLASTIC PACKAGING;SM;O;ML;1;Ternate;North Maluku;30/09/2023;Outdoor;Coast/Shoreline
TOS TOS;;PT DUA KELINCI;PLASTIC PACKAGING;FP;O;ML;1;Ternate;North Maluku;30/09/2023;Outdoor;Coast/Shoreline
HATARI;ASW Food;;PLASTIC PACKAGING;FP;O;ML;1;Ternate;North Maluku;30/09/2023;Outdoor;Coast/Shoreline
STARBUCKS;Starbucks;;PLASTIC PACKAGING;FP;O;SL;1;Ternate;North Maluku;30/09/2023;Outdoor;Coast/Shoreline
GORIORIO;Siantar Top;;PLASTIC PACKAGING;FP;O;ML;1;Ternate;North Maluku;30/09/2023;Outdoor;Coast/Shoreline
ROYCO;Campbell Soup Company;;PLASTIC PACKAGING;FP;O;ML;2;Ternate;North Maluku;30/09/2023;Outdoor;Coast/Shoreline
NUTRISARI;NutriFood;;PLASTIC PACKAGING;FP;O;ML;8;Ternate;North Maluku;30/09/2023;Outdoor;Coast/Shoreline
DILAN CHOCOLATE CRUNCHY;;PT MAYORA INDAH;PLASTIC PACKAGING;FP;O;ML;1;Ternate;North Maluku;30/09/2023;Outdoor;Coast/Shoreline
SAMPOERNA;Philip Morris International;;PLASTIC PACKAGING;SM;O;ML;1;Ternate;North Maluku;30/09/2023;Outdoor;Coast/Shoreline
SOYJOY;;PT AMERTA INDAH OTSUKA;PLASTIC PACKAGING;FP;O;ML;1;Ternate;North Maluku;30/09/2023;Outdoor;Coast/Shoreline
DANCOW;Nestle;;PLASTIC PACKAGING;FP;O;ML;1;Ternate;North Maluku;30/09/2023;Outdoor;Coast/Shoreline
UNKNOWN;Unbranded;;PLASTIC PACKAGING;HP;O;SL;2;Ternate;North Maluku;30/09/2023;Outdoor;Coast/Shoreline
SWEETY DIAPERS;;PT SOFTEX INDONESIA;PLASTIC PACKAGING;O;O;SL;3;Ternate;North Maluku;30/09/2023;Outdoor;Coast/Shoreline
REXONA;Unilever;;PLASTIC PACKAGING;O;O;SL;1;Ternate;North Maluku;30/09/2023;Outdoor;Coast/Shoreline
GORIORIO;Siantar Top;;PLASTIC PACKAGING;FP;O;ML;1;Ternate;North Maluku;30/09/2023;Outdoor;Coast/Shoreline
DAG;;UNKNOWN;CUP;FP;O;SL;1;Ternate;North Maluku;30/09/2023;Outdoor;Coast/Shoreline
TIME BREAK;Nabati;;PLASTIC PACKAGING;FP;O;ML;1;Ternate;North Maluku;30/09/2023;Outdoor;Coast/Shoreline
GABIN;;UNKNOWN;PLASTIC PACKAGING;FP;O;ML;1;Ternate;North Maluku;30/09/2023;Outdoor;Coast/Shoreline
BEARBRAND;Nestle;;PLASTIC PACKAGING;FP;PET;SL;1;Ternate;North Maluku;30/09/2023;Outdoor;Coast/Shoreline
PONDS;Unilever;;PLASTIC PACKAGING;PC;O;SL;1;Ternate;North Maluku;30/09/2023;Outdoor;Coast/Shoreline
SAY BREAD;Indomaret Group;;PLASTIC PACKAGING;FP;O;SL;1;Ternate;North Maluku;30/09/2023;Outdoor;Coast/Shoreline
ALPENLIEBE;Perfetti van Melle;;PLASTIC PACKAGING;FP;O;ML;1;Ternate;North Maluku;30/09/2023;Outdoor;Coast/Shoreline
KISS;Mayora Indah;;PLASTIC PACKAGING;FP;O;ML;1;Ternate;North Maluku;30/09/2023;Outdoor;Coast/Shoreline
SARI GANDUM;Mayora Indah;;PLASTIC PACKAGING;FP;LDPE;ML;1;Ternate;North Maluku;30/09/2023;Outdoor;Coast/Shoreline
UNKNOWN;Unbranded;;LABEL;FP;LDPE;ML;1;Ternate;North Maluku;30/09/2023;Outdoor;Coast/Shoreline
KECAP ABC;ABC;;PLASTIC PACKAGING;FP;LDPE;ML;2;Ternate;North Maluku;30/09/2023;Outdoor;Coast/Shoreline
BISKUIT BALITA;;PT VADCO PROSPER MEGA;PLASTIC PACKAGING;FP;LDPE;ML;1;Ternate;North Maluku;30/09/2023;Outdoor;Coast/Shoreline
KUSUKA;CV Arira Pangindo;;PLASTIC PACKAGING;FP;PP;ML;4;Ternate;North Maluku;30/09/2023;Outdoor;Coast/Shoreline
SANDAL;Unbranded;;PLASTIC;O;O;SL;3;Ternate;North Maluku;30/09/2023;Outdoor;Coast/Shoreline
DANCOW;Nestle;;PLASTIC PACKAGING;FP;O;ML;1;Ternate;North Maluku;30/09/2023;Outdoor;Coast/Shoreline
TORABIKA;Mayora Indah;;PLASTIC PACKAGING;FP;LDPE;ML;1;Ternate;North Maluku;30/09/2023;Outdoor;Coast/Shoreline
MINYAK TELON;;UNKNOWN;BOTTLE;HP;PET;SL;1;Ternate;North Maluku;30/09/2023;Outdoor;Coast/Shoreline
MINYAK TELON;;UNKNOWN;BOTTLE CAP;HP;PP;SL;1;Ternate;North Maluku;30/09/2023;Outdoor;Coast/Shoreline
UNKNOWN;Unbranded;;PLASTIC PACKAGING;HP;O;SL;40;Ternate;North Maluku;30/09/2023;Outdoor;Coast/Shoreline
KELLY;;PT KELLY INTERNATIONAL COSMETICS;PLASTIC PACKAGING;PC;PVC;SL;1;Ternate;North Maluku;30/09/2023;Outdoor;Coast/Shoreline
CHA CHA CHOCOLATE;;PT PERUSAHAAN INDUSTRI CERES;PLASTIC PACKAGING;FP;LDPE;ML;1;Ternate;North Maluku;30/09/2023;Outdoor;Coast/Shoreline
MENTOS;Perfetti van Melle;;PLASTIC PACKAGING;FP;LDPE;ML;1;Ternate;North Maluku;30/09/2023;Outdoor;Coast/Shoreline
CAMELO;Sumber Tirta Pamenang;;PLASTIC PACKAGING;FP;LDPE;ML;1;Ternate;North Maluku;30/09/2023;Outdoor;Coast/Shoreline
RELAXA;Agel Langgeng;;PLASTIC PACKAGING;FP;LDPE;ML;1;Ternate;North Maluku;30/09/2023;Outdoor;Coast/Shoreline
UNKNOWN;Unbranded;;PLASTIC PACKAGING;HP;O;SL;34;Ternate;North Maluku;30/09/2023;Outdoor;Coast/Shoreline
GOOD DAY COFFEE;;PT SANTOS JAYA ABADI;PLASTIC PACKAGING;FP;LDPE;ML;2;Ternate;North Maluku;30/09/2023;Outdoor;Coast/Shoreline
JASJUS;Wings;;PLASTIC PACKAGING;FP;LDPE;ML;4;Ternate;North Maluku;30/09/2023;Outdoor;Coast/Shoreline
UNKNOWN;Unbranded;;SPOON;HP;PP;SL;10;Ternate;North Maluku;30/09/2023;Outdoor;Coast/Shoreline
SUPERMI;Indofood;;PLASTIC PACKAGING;FP;PP;ML;3;Ternate;North Maluku;30/09/2023;Outdoor;Coast/Shoreline
SUPERSTAR;Mayora Indah;;PLASTIC PACKAGING;FP;PP;ML;1;Ternate;North Maluku;30/09/2023;Outdoor;Coast/Shoreline
DEKA;;PT DUA KELINCI;PLASTIC PACKAGING;FP;PP;ML;1;Ternate;North Maluku;30/09/2023;Outdoor;Coast/Shoreline
KOPI ABC;Santos Jaya Abadi;;PLASTIC PACKAGING;FP;PP;ML;1;Ternate;North Maluku;30/09/2023;Outdoor;Coast/Shoreline
FLOW;;PT SUMBER BENING LESTARI;CUP;FP;LDPE;SL;2;Ternate;North Maluku;30/09/2023;Outdoor;Coast/Shoreline
FLOW;;PT SUMBER BENING LESTARI;LABEL;FP;LDPE;SL;1;Ternate;North Maluku;30/09/2023;Outdoor;Coast/Shoreline
ROYCO;Campbell Soup Company;;PLASTIC PACKAGING;FP;O;ML;2;Ternate;North Maluku;30/09/2023;Outdoor;Coast/Shoreline
TOP ICE;Forisa Nusa Persada;;PLASTIC PACKAGING;FP;O;ML;1;Ternate;North Maluku;30/09/2023;Outdoor;Coast/Shoreline
UNKNOWN;Unbranded;;PLASTIC PACKAGING;FP;LDPE;SL;1;Ternate;North Maluku;30/09/2023;Outdoor;Coast/Shoreline
KUKU BIMA;Sido Muncul;;PLASTIC PACKAGING;FP;O;ML;10;Ternate;North Maluku;30/09/2023;Outdoor;Coast/Shoreline
UNKNOWN;Unbranded;;PLASTIC PACKAGING;FP;LDPE;SL;3;Ternate;North Maluku;30/09/2023;Outdoor;Coast/Shoreline
UNKNOWN;Unbranded;;UNKNOWN;O;O;SL;25;Ternate;North Maluku;30/09/2023;Outdoor;Coast/Shoreline
DAIA;Wings;;PLASTIC PACKAGING;HP;LDPE;ML;4;Ternate;North Maluku;30/09/2023;Outdoor;Coast/Shoreline
KISS;Mayora Indah;;PLASTIC PACKAGING;FP;LDPE;ML;1;Ternate;North Maluku;30/09/2023;Outdoor;Coast/Shoreline
UNKNOWN;Unbranded;;PLASTIC PACKAGING;HP;PP;SL;4;Ternate;North Maluku;30/09/2023;Outdoor;Coast/Shoreline
UNKNOWN;Unbranded;;PLASTIC PACKAGING;FP;PP;SL;2;Ternate;North Maluku;30/09/2023;Outdoor;Coast/Shoreline
UNKNOWN;Unbranded;;GALON CAP;HP;PP;SL;2;Ternate;North Maluku;30/09/2023;Outdoor;Coast/Shoreline
SUPERMI;Indofood;;PLASTIC PACKAGING;FP;PP;ML;3;Ternate;North Maluku;30/09/2023;Outdoor;Coast/Shoreline
UNKNOWN;Unbranded;;PLASTIC PACKAGING;HP;O;SL;50;Ternate;North Maluku;30/09/2023;Outdoor;Coast/Shoreline
CLEO;Tanobel Food;;BOTTLE CAP;FP;PET;SL;13;Ternate;North Maluku;30/09/2023;Outdoor;Coast/Shoreline
CLEO;Tanobel Food;;LABEL;FP;LDPE;SL;2;Ternate;North Maluku;30/09/2023;Outdoor;Coast/Shoreline
CLEO;Tanobel Food;;BOTTLE;FP;PET;SL;2;Ternate;North Maluku;30/09/2023;Outdoor;Coast/Shoreline
PLASTIK INDOMARET;;PT INDOMARCO PRISMATAMA;PLASTIC PACKAGING;PC;LDPE;SL;1;Ternate;North Maluku;30/09/2023;Outdoor;Coast/Shoreline
UNKNOWN;Unbranded;;SEAL TAPE;PM;O;SL;1;Ternate;North Maluku;30/09/2023;Outdoor;Coast/Shoreline
PEWARNA MAKANAN;;UNKNOWN;BOTTLE;FP;PET;SL;2;Ternate;North Maluku;30/09/2023;Outdoor;Coast/Shoreline
PEWARNA MAKANAN;;UNKNOWN;BOTTLE CAP;FP;PP;SL;2;Ternate;North Maluku;30/09/2023;Outdoor;Coast/Shoreline
CIMORY;Mountain Dairy;;PLASTIC PACKAGING;FP;PP;ML;1;Ternate;North Maluku;30/09/2023;Outdoor;Coast/Shoreline
UNKNOWN;Unbranded;;BOX;FP;PS;SL;3;Ternate;North Maluku;30/09/2023;Outdoor;Coast/Shoreline
ROKOK WARUNG KOPI;;PT VICTORY SUPRA SIGARET;PLASTIC PACKAGING;SM;O;ML;1;Ternate;North Maluku;30/09/2023;Outdoor;Coast/Shoreline
UNKNOWN;Unbranded;;CUP;FP;PET;SL;3;Ternate;North Maluku;30/09/2023;Outdoor;Coast/Shoreline
OVALTINE;ABF;;PLASTIC PACKAGING;FP;LDPE;ML;1;Ternate;North Maluku;30/09/2023;Outdoor;Coast/Shoreline
ROMA MALKIST;Mayora Indah;;PLASTIC PACKAGING;FP;HDPE;ML;1;Ternate;North Maluku;30/09/2023;Outdoor;Coast/Shoreline
ROYCO;Campbell Soup Company;;PLASTIC PACKAGING;FP;HDPE;ML;3;Ternate;North Maluku;30/09/2023;Outdoor;Coast/Shoreline
ULTRAMILK;Ultrajaya;;PLASTIC PACKAGING;FP;O;ML;1;Ternate;North Maluku;30/09/2023;Outdoor;Coast/Shoreline
ULTRAMILK;Ultrajaya;;STRAW;FP;LDPE;SL;1;Ternate;North Maluku;30/09/2023;Outdoor;Coast/Shoreline
GO POTATO;Siantar Top;;PLASTIC PACKAGING;FP;HDPE;ML;1;Ternate;North Maluku;30/09/2023;Outdoor;Coast/Shoreline
DAG;;UNKNOWN;CUP;FP;PET;SL;5;Ternate;North Maluku;30/09/2023;Outdoor;Coast/Shoreline
CHOCO CHIPS;Simba;;PLASTIC PACKAGING;FP;HDPE;ML;1;Ternate;North Maluku;30/09/2023;Outdoor;Coast/Shoreline
TEH GELAS;Orang Tua;;CUP;FP;PET;SL;1;Ternate;North Maluku;30/09/2023;Outdoor;Coast/Shoreline
TEH GELAS;Orang Tua;;LABEL;FP;LDPE;SL;1;Ternate;North Maluku;30/09/2023;Outdoor;Coast/Shoreline
UNKNOWN;Unbranded;;STRAW;FP;PET;SL;47;Ternate;North Maluku;30/09/2023;Outdoor;Coast/Shoreline
GORIORIO;Siantar Top;;PLASTIC PACKAGING;FP;HDPE;ML;1;Ternate;North Maluku;30/09/2023;Outdoor;Coast/Shoreline
ENERGEN;Mayora Indah;;PLASTIC PACKAGING;FP;HDPE;ML;3;Ternate;North Maluku;30/09/2023;Outdoor;Coast/Shoreline
KIKO;Pandaria Makmur (Kiko Fact);PT UNITED FAMILY FOOD;PLASTIC PACKAGING;FP;PET;ML;19;Ternate;North Maluku;30/09/2023;Outdoor;Coast/Shoreline
DAG;;UNKNOWN;STRAW;FP;PET;SL;9;Ternate;North Maluku;30/09/2023;Outdoor;Coast/Shoreline
LE MINERALE;Mayora Indah;;BOTTLE;FP;PET;SL;4;Ternate;North Maluku;30/09/2023;Outdoor;Coast/Shoreline
BENG BENG;Mayora Inda;;PLASTIC PACKAGING;FP;LDPE;ML;2;Ternate;North Maluku;30/09/2023;Outdoor;Coast/Shoreline
UNKNOWN;Unbranded;;HELMET;HP;PVC;ML;1;Ternate;North Maluku;30/09/2023;Outdoor;Coast/Shoreline
UNKNOWN;Unbranded;;SPOON;FP;PS;ML;7;Ternate;North Maluku;30/09/2023;Outdoor;Coast/Shoreline
NUTRISARI;NutriFood;;PLASTIC PACKAGING;FP;LDPE;ML;2;Ternate;North Maluku;30/09/2023;Outdoor;Coast/Shoreline
WAFELO;Mayora Indah;;PLASTIC PACKAGING;FP;LDPE;ML;1;Ternate;North Maluku;30/09/2023;Outdoor;Coast/Shoreline
UNKNOWN;Unbranded;;LIGHTER (KOREK);SM;O;SL;4;Ternate;North Maluku;30/09/2023;Outdoor;Coast/Shoreline
EXTRA JOSS;Bintang Toedjoe;;PLASTIC PACKAGING;FP;LDPE;ML;4;Ternate;North Maluku;30/09/2023;Outdoor;Coast/Shoreline
UNKNOWN;Unbranded;;PLASTIC CAR TOYS;PM;PVC;SL;1;Ternate;North Maluku;30/09/2023;Outdoor;Coast/Shoreline
UNKNOWN;Unbranded;;BOTTLE CAP;FP;PET;SL;17;Ternate;North Maluku;30/09/2023;Outdoor;Coast/Shoreline
UNKNOWN;Unbranded;;OIL BOTTLE;HP;PVC;SL;2;Ternate;North Maluku;30/09/2023;Outdoor;Coast/Shoreline
CHOCOLATOS;Garuda Food;;PLASTIC PACKAGING;FP;LDPE;ML;3;Ternate;North Maluku;30/09/2023;Outdoor;Coast/Shoreline
OREO;Dongsuh Foods;PT MONDELEZ INDONESIA MANUFACTURING;PLASTIC PACKAGING;FP;LDPE;ML;1;Ternate;North Maluku;30/09/2023;Outdoor;Coast/Shoreline
UNKNOWN;Unbranded;;HONEY BOTTLE;FP;PET;SL;1;Ternate;North Maluku;30/09/2023;Outdoor;Coast/Shoreline
AIR MINERAL WAISERI;;UNKNOWN;LABEL;FP;HDPE;SL;1;Ternate;North Maluku;30/09/2023;Outdoor;Coast/Shoreline
SUPERCO;Khong Guan;;PLASTIC PACKAGING;FP;LDPE;ML;1;Ternate;North Maluku;30/09/2023;Outdoor;Coast/Shoreline
NABATI;Nabati Group.;;PLASTIC PACKAGING;FP;LDPE;ML;2;Ternate;North Maluku;30/09/2023;Outdoor;Coast/Shoreline
POPOK;;UNKNOWN;DIAPERS;PC;O;ML;59;Ternate;North Maluku;30/09/2023;Outdoor;Coast/Shoreline
HNI ZAITUN;;PT HALAL NETWORK INTERNATIONAL HERBA PENAWAR ALWAHIDA INDONESIA;BOTTLE;HP;PVC;SL;1;Ternate;North Maluku;30/09/2023;Outdoor;Coast/Shoreline
SURYA;Gudang Garam Tbk.;;PLASTIC PACKAGING;SM;O;ML;2;Ternate;North Maluku;30/09/2023;Outdoor;Coast/Shoreline
HOT HOT;Bronson Prima Industri;;PLASTIC PACKAGING;FP;LDPE;ML;4;Ternate;North Maluku;30/09/2023;Outdoor;Coast/Shoreline
ROKOK WARUNG KOPI;;PT VICTORY SUPRA SIGARET;PLASTIC PACKAGING;SM;O;ML;1;Ternate;North Maluku;30/09/2023;Outdoor;Coast/Shoreline
TEH PUCUK;Mayora Indah;;BOTTLE;FP;PET;SL;23;Ternate;North Maluku;30/09/2023;Outdoor;Coast/Shoreline
TEH PUCUK;Mayora Indah;;BOTTLE CAP;FP;PP;SL;15;Ternate;North Maluku;30/09/2023;Outdoor;Coast/Shoreline
TEH PUCUK;Mayora Indah;;LABEL;FP;PP;SL;19;Ternate;North Maluku;30/09/2023;Outdoor;Coast/Shoreline
CLEO;Tanobel Food;;BOTTLE;FP;PET;SL;9;Ternate;North Maluku;30/09/2023;Outdoor;Coast/Shoreline
CLEO;Tanobel Food;;BOTTLE CAP;FP;PP;SL;7;Ternate;North Maluku;30/09/2023;Outdoor;Coast/Shoreline
CLEO;Tanobel Food;;LABEL;FP;LDPE;SL;7;Ternate;North Maluku;30/09/2023;Outdoor;Coast/Shoreline
MILKU;Wings;;BOTTLE;FP;PET;SL;4;Ternate;North Maluku;30/09/2023;Outdoor;Coast/Shoreline
MILKU;Wings;;BOTTLE CAP;FP;PP;SL;4;Ternate;North Maluku;30/09/2023;Outdoor;Coast/Shoreline
MILKU;Wings;;LABEL;FP;LDPE;SL;4;Ternate;North Maluku;30/09/2023;Outdoor;Coast/Shoreline
AKE;CV.Ake Abadi;;CUP;FP;PP;SL;5;Ternate;North Maluku;30/09/2023;Outdoor;Coast/Shoreline
ULTRAMILK;Ultrajaya;;TETRA PAK;FP;O;ML;1;Ternate;North Maluku;30/09/2023;Outdoor;Coast/Shoreline
DAG;;UNKNOWN;CUP;FP;PP;SL;24;Ternate;North Maluku;30/09/2023;Outdoor;Coast/Shoreline
DAG;;UNKNOWN;LABEL;FP;LDPE;SL;24;Ternate;North Maluku;30/09/2023;Outdoor;Coast/Shoreline
FANTA;The Coca-Cola Company;;BOTTLE;FP;PET;SL;2;Ternate;North Maluku;30/09/2023;Outdoor;Coast/Shoreline
COCA COLA;The Coca-Cola Company;;BOTTLE;FP;PET;SL;3;Ternate;North Maluku;30/09/2023;Outdoor;Coast/Shoreline
COCA COLA;The Coca-Cola Company;;BOTTLE CAP;FP;PP;SL;4;Ternate;North Maluku;30/09/2023;Outdoor;Coast/Shoreline
NATUR E;;PT DARYA VARIA LABORATORIA TBK;BOTTLE CAP;PC;PP;SL;1;Ternate;North Maluku;30/09/2023;Outdoor;Coast/Shoreline
NATUR E;;PT DARYA VARIA LABORATORIA TBK;BOTTLE;PC;PET;SL;1;Ternate;North Maluku;30/09/2023;Outdoor;Coast/Shoreline
NATUR E;;PT DARYA VARIA LABORATORIA TBK;LABEL;PC;LDPE;SL;1;Ternate;North Maluku;30/09/2023;Outdoor;Coast/Shoreline
UNKNOWN;Unbranded;;BOTTLE;HP;HDPE;SL;1;Ternate;North Maluku;30/09/2023;Outdoor;Coast/Shoreline
ADEM SARI;Sari Enesis Indah;;BOTTLE;FP;PET;SL;1;Ternate;North Maluku;30/09/2023;Outdoor;Coast/Shoreline
ADEM SARI;Sari Enesis Indah;;LABEL;FP;LDPE;SL;1;Ternate;North Maluku;30/09/2023;Outdoor;Coast/Shoreline
ADEM SARI;Sari Enesis Indah;;BOTTLE CAP;FP;PP;SL;1;Ternate;North Maluku;30/09/2023;Outdoor;Coast/Shoreline
ZWITSAL;;UNILEVER;BOTTLE;HP;HDPE;SL;1;Ternate;North Maluku;30/09/2023;Outdoor;Coast/Shoreline
ZWITSAL;;UNILEVER;LABEL;HP;LDPE;SL;2;Ternate;North Maluku;30/09/2023;Outdoor;Coast/Shoreline
TEH GELAS;Orang Tua;;CUP;FP;PET;SL;5;Ternate;North Maluku;30/09/2023;Outdoor;Coast/Shoreline
TEH GELAS;Orang Tua;;LABEL;PM;LDPE;SL;4;Ternate;North Maluku;30/09/2023;Outdoor;Coast/Shoreline
POCARI SWEAT;Otsuka;;BOTTLE;FP;PET;SL;6;Ternate;North Maluku;30/09/2023;Outdoor;Coast/Shoreline
POCARI SWEAT;Otsuka;;BOTTLE CAP;FP;PP;SL;7;Ternate;North Maluku;30/09/2023;Outdoor;Coast/Shoreline
POCARI SWEAT;Otsuka;;LABEL;PM;LDPE;SL;3;Ternate;North Maluku;30/09/2023;Outdoor;Coast/Shoreline
LE MINERALE;Mayora Indah;;BOTTLE;FP;PET;SL;61;Ternate;North Maluku;30/09/2023;Outdoor;Coast/Shoreline
LE MINERALE;Mayora Indah;;LABEL;FP;LDPE;SL;32;Ternate;North Maluku;30/09/2023;Outdoor;Coast/Shoreline
LE MINERALE;Mayora Indah;;BOTTLE CAP;FP;PP;SL;38;Ternate;North Maluku;30/09/2023;Outdoor;Coast/Shoreline
AQUA;Danone;;BOTTLE;FP;PET;SL;19;Ternate;North Maluku;30/09/2023;Outdoor;Coast/Shoreline
AQUA;Danone;;LABEL;PM;LDPE;SL;6;Ternate;North Maluku;30/09/2023;Outdoor;Coast/Shoreline
AQUA;Danone;;BOTTLE CAP;FP;PP;SL;20;Ternate;North Maluku;30/09/2023;Outdoor;Coast/Shoreline
PRIMA MINERAL;;PT SINAR SOSRO;BOTTLE;FP;PET;SL;1;Ternate;North Maluku;30/09/2023;Outdoor;Coast/Shoreline
PRIMA MINERAL;;PT SINAR SOSRO;BOTTLE CAP;FP;PP;SL;1;Ternate;North Maluku;30/09/2023;Outdoor;Coast/Shoreline
PRIMA MINERAL;;PT SINAR SOSRO;LABEL;PM;LDPE;SL;1;Ternate;North Maluku;30/09/2023;Outdoor;Coast/Shoreline
DAG;;UNKNOWN;CUP;FP;PP;SL;62;Ternate;North Maluku;30/09/2023;Outdoor;Coast/Shoreline
DAG;;UNKNOWN;PLASTIC PACKAGING;PM;LDPE;SL;57;Ternate;North Maluku;30/09/2023;Outdoor;Coast/Shoreline
DAG;;UNKNOWN;STRAW;FP;O;SL;24;Ternate;North Maluku;30/09/2023;Outdoor;Coast/Shoreline
ALE ALE;Tirta Alam;;CUP;FP;PP;SL;2;Ternate;North Maluku;30/09/2023;Outdoor;Coast/Shoreline
ALE ALE;Tirta Alam;;LABEL;PM;LDPE;SL;2;Ternate;North Maluku;30/09/2023;Outdoor;Coast/Shoreline
FLORIDINA;Wings Indonesia;;BOTTLE;FP;PP;SL;3;Ternate;North Maluku;30/09/2023;Outdoor;Coast/Shoreline
FLORIDINA;Wings Indonesia;;LABEL;PM;LDPE;SL;3;Ternate;North Maluku;30/09/2023;Outdoor;Coast/Shoreline
UNKNOWN;Unbranded;;CUP;FP;PET;SL;51;Ternate;North Maluku;30/09/2023;Outdoor;Coast/Shoreline
UNKNOWN;Unbranded;;LABEL;PM;LDPE;SL;5;Ternate;North Maluku;30/09/2023;Outdoor;Coast/Shoreline
DAG;;UNKNOWN;CUP;FP;PET;SL;37;Ternate;North Maluku;30/09/2023;Outdoor;Coast/Shoreline
DAG;;UNKNOWN;LABEL;PM;LDPE;SL;38;Ternate;North Maluku;30/09/2023;Outdoor;Coast/Shoreline
AYUDES;Cv. Abadi 3 mandiri;;CUP;FP;PP;SL;1;Ternate;North Maluku;30/09/2023;Outdoor;Coast/Shoreline
AYUDES;Cv. Abadi 3 mandiri;;LABEL;PM;LDPE;SL;1;Ternate;North Maluku;30/09/2023;Outdoor;Coast/Shoreline
CIMORY;Mountain Dairy;;BOTTLE;FP;PET;SL;1;Ternate;North Maluku;30/09/2023;Outdoor;Coast/Shoreline
CIMORY;Mountain Dairy;;LABEL;PM;LDPE;SL;1;Ternate;North Maluku;30/09/2023;Outdoor;Coast/Shoreline
UNKNOWN;Unbranded;;BOTTLE;FP;PET;SL;42;Ternate;North Maluku;30/09/2023;Outdoor;Coast/Shoreline
ASEGAR;Asegar Murni Jaya;UNKNOWN;CUP;FP;PP;SL;1;Ternate;North Maluku;30/09/2023;Outdoor;Coast/Shoreline
AWESOME;;UNKNOWN;CUP;FP;PP;SL;1;Ternate;North Maluku;30/09/2023;Outdoor;Coast/Shoreline
ICHITAN;Ichitan Group;;BOTTLE;FP;PP;SL;1;Ternate;North Maluku;30/09/2023;Outdoor;Coast/Shoreline
GREEN TEA;;UNKNOWN;BOTTLE;FP;PP;SL;1;Ternate;North Maluku;30/09/2023;Outdoor;Coast/Shoreline
UNKNOWN;Unbranded;;BOTTLE;FP;PP;SL;17;Ternate;North Maluku;30/09/2023;Outdoor;Coast/Shoreline
UNKNOWN;Unbranded;;CUP;FP;PP;SL;4;Ternate;North Maluku;30/09/2023;Outdoor;Coast/Shoreline
TEH GELAS;Orang Tua;;CUP;FP;PET;SL;20;Ternate;North Maluku;30/09/2023;Outdoor;Coast/Shoreline
TEH GELAS;Orang Tua;;LABEL;PM;LDPE;SL;20;Ternate;North Maluku;30/09/2023;Outdoor;Coast/Shoreline
FLOW;;PT SUMBER BENING LESTARI;CUP;FP;PET;SL;10;Ternate;North Maluku;30/09/2023;Outdoor;Coast/Shoreline
FLOW;;PT SUMBER BENING LESTARI;LABEL;PM;LDPE;SL;10;Ternate;North Maluku;30/09/2023;Outdoor;Coast/Shoreline
MINYAKITA;;APICAL GROUP;BOTTLE;FP;PET;SL;4;Ternate;North Maluku;30/09/2023;Outdoor;Coast/Shoreline
MINYAKITA;;APICAL GROUP;LABEL;PM;LDPE;SL;3;Ternate;North Maluku;30/09/2023;Outdoor;Coast/Shoreline
MINYAKITA;;APICAL GROUP;BOTTLE CAP;FP;PP;SL;3;Ternate;North Maluku;30/09/2023;Outdoor;Coast/Shoreline
OKKY JELLY DRINK;Tudung Group;;CUP;FP;PET;SL;15;Ternate;North Maluku;30/09/2023;Outdoor;Coast/Shoreline
OKKY JELLY DRINK;Tudung Group;;LABEL;PM;LDPE;SL;4;Ternate;North Maluku;30/09/2023;Outdoor;Coast/Shoreline
AJM;;UNKNOWN;CUP;FP;PET;SL;5;Ternate;North Maluku;30/09/2023;Outdoor;Coast/Shoreline
AJM;;UNKNOWN;LABEL;PM;LDPE;SL;6;Ternate;North Maluku;30/09/2023;Outdoor;Coast/Shoreline
VIT;Tirta Investama;;CUP;FP;PET;SL;4;Ternate;North Maluku;30/09/2023;Outdoor;Coast/Shoreline
VIT;Tirta Investama;;LABEL;PM;LDPE;SL;4;Ternate;North Maluku;30/09/2023;Outdoor;Coast/Shoreline
FRUIT TEA;Sinar Sosro;;BOTTLE;FP;PET;SL;3;Ternate;North Maluku;30/09/2023;Outdoor;Coast/Shoreline
FRUIT TEA;Sinar Sosro;;LABEL;PM;LDPE;SL;3;Ternate;North Maluku;30/09/2023;Outdoor;Coast/Shoreline
FRUIT TEA;Sinar Sosro;;BOTTLE CAP;FP;PP;SL;3;Ternate;North Maluku;30/09/2023;Outdoor;Coast/Shoreline
FRESTEA;The Coca-Cola Company;;BOTTLE;FP;PET;SL;2;Ternate;North Maluku;30/09/2023;Outdoor;Coast/Shoreline
FRESTEA;The Coca-Cola Company;;LABEL;PM;LDPE;SL;2;Ternate;North Maluku;30/09/2023;Outdoor;Coast/Shoreline
FRESTEA;The Coca-Cola Company;; BOTTLE CAP;FP;PP;SL;2;Ternate;North Maluku;30/09/2023;Outdoor;Coast/Shoreline
MAULKHAIRAT;;UNKNOWN;CUP;FP;PET;SL;5;Ternate;North Maluku;30/09/2023;Outdoor;Coast/Shoreline
MAULKHAIRAT;;UNKNOWN;LABEL;PM;LDPE;SL;5;Ternate;North Maluku;30/09/2023;Outdoor;Coast/Shoreline
CRYSTALLINE;Orang Tua;;CUP;FP;PET;SL;2;Ternate;North Maluku;30/09/2023;Outdoor;Coast/Shoreline
CRYSTALLINE;Orang Tua;;LABEL;PM;LDPE;SL;2;Ternate;North Maluku;30/09/2023;Outdoor;Coast/Shoreline
DELICIOUS DRINK;;UNKNOWN;CUP;FP;PET;SL;3;Ternate;North Maluku;30/09/2023;Outdoor;Coast/Shoreline
DELICIOUS DRINK;;UNKNOWN;LABEL;PM;LDPE;SL;3;Ternate;North Maluku;30/09/2023;Outdoor;Coast/Shoreline
GOLDA;Wings;;BOTTLE;FP;PET;SL;5;Ternate;North Maluku;30/09/2023;Outdoor;Coast/Shoreline
GOLDA;Wings;;LABEL;PM;LDPE;SL;5;Ternate;North Maluku;30/09/2023;Outdoor;Coast/Shoreline
GOLDA;Wings;;BOTTLE CAP;FP;PP;SL;1;Ternate;North Maluku;30/09/2023;Outdoor;Coast/Shoreline
GOOD DAY COFFEE;;PT SANTOS JAYA ABADI;BOTTLE;FP;PET;SL;1;Ternate;North Maluku;30/09/2023;Outdoor;Coast/Shoreline
GOOD DAY COFFEE;;PT SANTOS JAYA ABADI;LABEL;PM;LDPE;SL;1;Ternate;North Maluku;30/09/2023;Outdoor;Coast/Shoreline
GOOD DAY COFFEE;;PT SANTOS JAYA ABADI;BOTTLE CAP;FP;PP;SL;1;Ternate;North Maluku;30/09/2023;Outdoor;Coast/Shoreline
PRIMA MINERAL;;PT SINAR SOSRO;BOTTLE;FP;PET;SL;1;Ternate;North Maluku;30/09/2023;Outdoor;Coast/Shoreline
PRIMA MINERAL;;PT SINAR SOSRO;LABEL;PM;LDPE;SL;1;Ternate;North Maluku;30/09/2023;Outdoor;Coast/Shoreline
PRIMA MINERAL;;PT SINAR SOSRO;BOTTLE CAP;FP;PP;SL;1;Ternate;North Maluku;30/09/2023;Outdoor;Coast/Shoreline
KUSUKA;CV Arira Pangindo;;PLASTIC PACKAGING;O;O;ML;1;Ternate;North Maluku;30/09/2023;Outdoor;Coast/Shoreline
GORIORIO;Siantar Top;;PLASTIC PACKAGING;FP;O;ML;10;Ternate;North Maluku;30/09/2023;Outdoor;Coast/Shoreline
SARI GANDUM;Mayora Indah;;PLASTIC PACKAGING;FP;O;ML;1;Ternate;North Maluku;30/09/2023;Outdoor;Coast/Shoreline
ROKOK CHIEF;;UNKNOWN;BOX;SM;O;ML;3;Ternate;North Maluku;30/09/2023;Outdoor;Coast/Shoreline
NABATI;Nabati Group.;;PLASTIC PACKAGING;FP;O;ML;3;Ternate;North Maluku;30/09/2023;Outdoor;Coast/Shoreline
OVALTINE;ABF;;PLASTIC PACKAGING;FP;O;ML;1;Ternate;North Maluku;30/09/2023;Outdoor;Coast/Shoreline
KOPIKO;Mayora Indah;;PLASTIC PACKAGING;FP;O;ML;5;Ternate;North Maluku;30/09/2023;Outdoor;Coast/Shoreline
JASJUS;Wings;;PLASTIC PACKAGING;FP;O;ML;6;Ternate;North Maluku;30/09/2023;Outdoor;Coast/Shoreline
EXTRA JOSS;Bintang Toedjoe;;PLASTIC PACKAGING;FP;O;ML;5;Ternate;North Maluku;30/09/2023;Outdoor;Coast/Shoreline
KOPI ABC;Santos Jaya Abadi;;PLASTIC PACKAGING;FP;O;ML;2;Ternate;North Maluku;30/09/2023;Outdoor;Coast/Shoreline
MADURASA;Madurasa Unggulan Nusantara;;PLASTIC PACKAGING;FP;O;SL;1;Ternate;North Maluku;30/09/2023;Outdoor;Coast/Shoreline
UNKNOWN;Unbranded;;SPOON;HP;O;SL;5;Ternate;North Maluku;30/09/2023;Outdoor;Coast/Shoreline
BIG BABOL;Perfetti van Melle;;PLASTIC PACKAGING;FP;O;ML;3;Ternate;North Maluku;30/09/2023;Outdoor;Coast/Shoreline
KUKU BIMA;Sido Muncul;;PLASTIC PACKAGING;FP;O;ML;4;Ternate;North Maluku;30/09/2023;Outdoor;Coast/Shoreline
DJI SAM SOE;HM Sampoerna, Tbk;;PLASTIC PACKAGING;SM;O;SL;2;Ternate;North Maluku;30/09/2023;Outdoor;Coast/Shoreline
DAG;;UNKNOWN;CUP;FP;PP;SL;3;Ternate;North Maluku;30/09/2023;Outdoor;Coast/Shoreline
DAG;;UNKNOWN;STRAW;SM;PP;SL;20;Ternate;North Maluku;30/09/2023;Outdoor;Coast/Shoreline
DAG;;UNKNOWN;LABEL;FP;PP;SL;3;Ternate;North Maluku;30/09/2023;Outdoor;Coast/Shoreline
CHOCOLATOS;Garuda Food;;PLASTIC PACKAGING;FP;O;ML;1;Ternate;North Maluku;30/09/2023;Outdoor;Coast/Shoreline
SURYA;Gudang Garam Tbk.;;PLASTIC PACKAGING;SM;O;ML;20;Ternate;North Maluku;30/09/2023;Outdoor;Coast/Shoreline
FRISIAN FLAG;FrieslandCampina;;PLASTIC PACKAGING;FP;O;ML;1;Ternate;North Maluku;30/09/2023;Outdoor;Coast/Shoreline
2 ANAK PINTAR;;UNKNOWN;PLASTIC PACKAGING;FP;O;SL;1;Ternate;North Maluku;30/09/2023;Outdoor;Coast/Shoreline
KENMASTER;;UNKNOWN;HANDSCOON;O;O;Unsure;6;Ternate;North Maluku;30/09/2023;Outdoor;Coast/Shoreline
MOLTO;Unilever;;PLASTIC PACKAGING;PC;O;ML;4;Ternate;North Maluku;30/09/2023;Outdoor;Coast/Shoreline
RELAXA;Agel Langgeng;;PLASTIC PACKAGING;FP;O;ML;2;Ternate;North Maluku;30/09/2023;Outdoor;Coast/Shoreline
KIKO;Pandaria Makmur (Kiko Fact);PT UNITED FAMILY FOOD;PLASTIC PACKAGING;FP;O;SL;13;Ternate;North Maluku;30/09/2023;Outdoor;Coast/Shoreline
HEMAVITON;Tempo Scan Pacific;;PLASTIC PACKAGING;FP;O;ML;1;Ternate;North Maluku;30/09/2023;Outdoor;Coast/Shoreline
MAMY POKO;Unicharm;;PLASTIC PACKAGING;PC;O;ML;1;Ternate;North Maluku;30/09/2023;Outdoor;Coast/Shoreline
MAMASUKA;;UNKNOWN;PLASTIC PACKAGING;FP;O;ML;1;Ternate;North Maluku;30/09/2023;Outdoor;Coast/Shoreline
REXONA;Unilever;;PLASTIC PACKAGING;PC;O;ML;1;Ternate;North Maluku;30/09/2023;Outdoor;Coast/Shoreline
DAIA;Wings;;PLASTIC PACKAGING;PC;O;SL;1;Ternate;North Maluku;30/09/2023;Outdoor;Coast/Shoreline
ALPENLIEBE;Perfetti van Melle;;PLASTIC PACKAGING;FP;O;ML;2;Ternate;North Maluku;30/09/2023;Outdoor;Coast/Shoreline
MENTOS;Perfetti van Melle;;PLASTIC PACKAGING;FP;O;SL;4;Ternate;North Maluku;30/09/2023;Outdoor;Coast/Shoreline
TERASI UDANG;;UNKNOWN;PLASTIC PACKAGING;FP;O;ML;1;Ternate;North Maluku;30/09/2023;Outdoor;Coast/Shoreline
TORABIKA;Mayora Indah;;PLASTIC PACKAGING;FP;O;SL;1;Ternate;North Maluku;30/09/2023;Outdoor;Coast/Shoreline
UNKNOWN;Unbranded;;MIE PACKAGING;FP;O;SL;3;Ternate;North Maluku;30/09/2023;Outdoor;Coast/Shoreline
NEXTAR;Nabati;;PLASTIC PACKAGING;FP;O;ML;1;Ternate;North Maluku;30/09/2023;Outdoor;Coast/Shoreline
FRENTA;Kino;;PLASTIC PACKAGING;FP;O;ML;1;Ternate;North Maluku;30/09/2023;Outdoor;Coast/Shoreline
GABIN;;UNKNOWN;PLASTIC PACKAGING;FP;O;ML;1;Ternate;North Maluku;30/09/2023;Outdoor;Coast/Shoreline
UNKNOWN;Unbranded;;STRAW;FP;O;SL;35;Ternate;North Maluku;30/09/2023;Outdoor;Coast/Shoreline
AMPICLIN;;UNKNOWN;PLASTIC PACKAGING;PC;O;ML;1;Ternate;North Maluku;30/09/2023;Outdoor;Coast/Shoreline
ROYCO;Campbell Soup Company;;PLASTIC PACKAGING;FP;O;ML;1;Ternate;North Maluku;30/09/2023;Outdoor;Coast/Shoreline
INDOMILK;Indofood;;PLASTIC PACKAGING;FP;O;ML;1;Ternate;North Maluku;30/09/2023;Outdoor;Coast/Shoreline
O'JOY;;PT AMERTA INDAH OTSUKA;PLASTIC PACKAGING;FP;O;ML;1;Ternate;North Maluku;30/09/2023;Outdoor;Coast/Shoreline
ARDEN;;Mayora indah;PLASTIC PACKAGING;FP;O;ML;1;Ternate;North Maluku;30/09/2023;Outdoor;Coast/Shoreline
CLEAR;Unilever;;PLASTIC PACKAGING;PC;O;SL;1;Ternate;North Maluku;30/09/2023;Outdoor;Coast/Shoreline
LE MINERALE;Mayora Indah;;PLASTIC PACKAGING;FP;O;SL;1;Ternate;North Maluku;30/09/2023;Outdoor;Coast/Shoreline
TUPPERWARE;Tupperware India Pvt. Ltd.;;COVER;FP;LDPE;SL;1;Ternate;North Maluku;30/09/2023;Outdoor;Coast/Shoreline
YEYE;UD ACP Surabaya;UNKNOWN;SANDAL;HP;PVC;Unsure;2;Ternate;North Maluku;30/09/2023;Outdoor;Coast/Shoreline
PORTO;;UNKNOWN;SANDAL;HP;PVC;Unsure;5;Ternate;North Maluku;30/09/2023;Outdoor;Coast/Shoreline
MARKERIS;;UNKNOWN;SANDAL;HP;PVC;Unsure;1;Ternate;North Maluku;30/09/2023;Outdoor;Coast/Shoreline
UNKNOWN;Unbranded;;CAR TOYS;HP;PVC;SL;4;Ternate;North Maluku;30/09/2023;Outdoor;Coast/Shoreline
UNKNOWN;Unbranded;;STRAW;FP;PET;SL;26;Ternate;North Maluku;30/09/2023;Outdoor;Coast/Shoreline
VASELINE;Unilever;;BOTTLE CAP;FP;PP;SL;1;Ternate;North Maluku;30/09/2023;Outdoor;Coast/Shoreline
VASELINE;Unilever;;BOTTLE;PC;HDPE;ML;1;Ternate;North Maluku;30/09/2023;Outdoor;Coast/Shoreline
UNKNOWN;Unbranded;;SAPU;HP;PVC;SL;1;Ternate;North Maluku;30/09/2023;Outdoor;Coast/Shoreline
CALADINE;;UNKNOWN;BOTTLE CAP;FP;PP;SL;1;Ternate;North Maluku;30/09/2023;Outdoor;Coast/Shoreline
CALADINE;;UNKNOWN;BOTTLE;PC;HDPE;SL;1;Ternate;North Maluku;30/09/2023;Outdoor;Coast/Shoreline
SCION;;UNKNOWN;BOTTLE;PC;HDPE;SL;1;Ternate;North Maluku;30/09/2023;Outdoor;Coast/Shoreline
REXONA;Unilever;;PLASTIC PACKAGING;HP;HDPE;SL;1;Ternate;North Maluku;30/09/2023;Outdoor;Coast/Shoreline
UNKNOWN;Unbranded;;MINYAK KAYU PUTIH;HP;PVC;SL;2;Ternate;North Maluku;30/09/2023;Outdoor;Coast/Shoreline
UNKNOWN;Unbranded;;PLASTIC PACKAGING;HP;PVC;SL;1;Ternate;North Maluku;30/09/2023;Outdoor;Coast/Shoreline
UNKNOWN;Unbranded;;GAYUNG;HP;PVC;SL;1;Ternate;North Maluku;30/09/2023;Outdoor;Coast/Shoreline
UNKNOWN;Unbranded;;KUAS;HP;PVC;Unsure;1;Ternate;North Maluku;30/09/2023;Outdoor;Coast/Shoreline
UNKNOWN;Unbranded;;LIGHTER (KOREK);SM;PVC;SL;1;Ternate;North Maluku;30/09/2023;Outdoor;Coast/Shoreline
UNKNOWN;Unbranded;UNKNOWN;BOTTLE;PC;HDPE;SL;1;Ternate;North Maluku;30/09/2023;Outdoor;Coast/Shoreline
UNKNOWN;Unbranded;UNKNOWN;MASCARA;HP;PVC;Unsure;1;Ternate;North Maluku;30/09/2023;Outdoor;Coast/Shoreline
KENMASTER;;UNKNOWN;PLASTIC PACKAGING;PM;LDPE;SL;2;Ternate;North Maluku;30/09/2023;Outdoor;Coast/Shoreline
TEH PUCUK;Mayora Indah;;BOTTLE CAP;FP;HDPE;SL;1;Ternate;North Maluku;30/09/2023;Outdoor;Coast/Shoreline
TEH PUCUK;Mayora Indah;;BOTTLE;FP;PET;SL;0;Ternate;North Maluku;30/09/2023;Outdoor;Coast/Shoreline
TEH PUCUK;Mayora Indah;;LABEL;FP;LDPE;SL;0;Ternate;North Maluku;30/09/2023;Outdoor;Coast/Shoreline
MINYAKITA;;APICAL GROUP;PLASTIC PACKAGING;FP;HDPE;ML;1;Ternate;North Maluku;30/09/2023;Outdoor;Coast/Shoreline
UNKNOWN;Unbranded;;PLASTIC PACKAGING;FP;PP;SL;1;Ternate;North Maluku;30/09/2023;Outdoor;Coast/Shoreline
UNKNOWN;Unbranded;;GALON CAP;FP;PP;SL;1;Ternate;North Maluku;30/09/2023;Outdoor;Coast/Shoreline
UNKNOWN;Unbranded;UNKNOWN;;FP;PP;SL;0;Ternate;North Maluku;30/09/2023;Outdoor;Coast/Shoreline
UNKNOWN;Unbranded;UNKNOWN;LABEL;FP;LDPE;ML;0;Ternate;North Maluku;30/09/2023;Outdoor;Coast/Shoreline
UNKNOWN;Unbranded;UNKNOWN;STRAW;FP;PS;SL;0;Ternate;North Maluku;30/09/2023;Outdoor;Coast/Shoreline
UNKNOWN;Unbranded;;SPOON;HP;PS;SL;1;Ternate;North Maluku;30/09/2023;Outdoor;Coast/Shoreline
TEH GELAS;Orang Tua;;CUP;FP;PP;SL;1;Ternate;North Maluku;30/09/2023;Outdoor;Coast/Shoreline
TEH GELAS;Orang Tua;;LABEL;FP;LDPE;ML;0;Ternate;North Maluku;30/09/2023;Outdoor;Coast/Shoreline
SWALLOW;sinar Jaya Perkasa;;SANDAL;HP;O;Unsure;1;Ternate;North Maluku;30/09/2023;Outdoor;Coast/Shoreline
UNKNOWN;Unbranded;;PLASTIK VIBER;FG;PVC;Unsure;1;Ternate;North Maluku;30/09/2023;Outdoor;Coast/Shoreline
UNKNOWN;Unbranded;;PLASTIC PACKAGING;FP;PP;SL;1;Ternate;North Maluku;30/09/2023;Outdoor;Coast/Shoreline
UNKNOWN;Unbranded;;BASKOM;HP;PS;SL;1;Ternate;North Maluku;30/09/2023;Outdoor;Coast/Shoreline
PERTAMINA OIL;;PERTAMINA;BOTTLE;HP;HDPE;ML;11;Ternate;North Maluku;30/09/2023;Outdoor;Coast/Shoreline
POP MIE;Indofood;;STYROFOAM CUP;FP;PS;Unsure;3;Ternate;North Maluku;30/09/2023;Outdoor;Coast/Shoreline
POP MIE;Indofood;;LABEL;PM;LDPE;ML;1;Ternate;North Maluku;30/09/2023;Outdoor;Coast/Shoreline
UNKNOWN;Unbranded;;PLASTIC PACKAGING;FP;PS;Unsure;2;Ternate;North Maluku;30/09/2023;Outdoor;Coast/Shoreline
JUMBO;Unbranded;PT JUMBO POWER INTERNATIONAL;MINYAK REM;HP;HDPE;SL;1;Ternate;North Maluku;30/09/2023;Outdoor;Coast/Shoreline
JUMBO;Unbranded;PT JUMBO POWER INTERNATIONAL;LABEL;HP;HDPE;SL;1;Ternate;North Maluku;30/09/2023;Outdoor;Coast/Shoreline
UNKNOWN;Unbranded;;CUP;FP;PP;Unsure;2;Ternate;North Maluku;30/09/2023;Outdoor;Coast/Shoreline
ROKOK NATION BOLD;;UNKNOWN;PLASTIC PACKAGING;SM;O;ML;1;Ternate;North Maluku;30/09/2023;Outdoor;Coast/Shoreline
UNKNOWN;Unbranded;;BALL PLASTIC TOYS;HP;PVC;SL;1;Ternate;North Maluku;30/09/2023;Outdoor;Coast/Shoreline
UNKNOWN;Unbranded;;LIGHTER (KOREK);SM;O;SL;16;Ternate;North Maluku;30/09/2023;Outdoor;Coast/Shoreline
OREO;Dongsuh Foods;PT MONDELEZ INDONESIA MANUFACTURING;PLASTIC PACKAGING;FP;PP;SL;1;Ternate;North Maluku;30/09/2023;Outdoor;Coast/Shoreline
OREO;Dongsuh Foods;PT MONDELEZ INDONESIA MANUFACTURING;LABEL;PM;LDPE;SL;1;Ternate;North Maluku;30/09/2023;Outdoor;Coast/Shoreline
JERIGEN MINYAK;;UNKNOWN;JERIGEN;HP;HDPE;Unsure;2;Ternate;North Maluku;30/09/2023;Outdoor;Coast/Shoreline
ABC SYRUP;;PT HEINZ ABC INDONESIA;BOTTLE;FP;HDPE;SL;2;Ternate;North Maluku;30/09/2023;Outdoor;Coast/Shoreline
UNKNOWN;Unbranded;;BOTTLE CAP;FP;PP;SL;1;Ternate;North Maluku;30/09/2023;Outdoor;Coast/Shoreline
UNKNOWN;Unbranded;;COVER;HP;LDPE;SL;1;Ternate;North Maluku;30/09/2023;Outdoor;Coast/Shoreline
UNKNOWN;Unbranded;;TABLE;HP;PVC;SL;1;Ternate;North Maluku;30/09/2023;Outdoor;Coast/Shoreline
PERTAMINA OIL;;PERTAMINA;BOTTLE;HP;PP;SL;6;Ternate;North Maluku;30/09/2023;Outdoor;Coast/Shoreline
UNKNOWN;Unbranded;;RAK SEPATU;HP;PVC;SL;1;Ternate;North Maluku;30/09/2023;Outdoor;Coast/Shoreline
DAG;;UNKNOWN;CUP;FP;PP;Unsure;4;Ternate;North Maluku;30/09/2023;Outdoor;Coast/Shoreline
DAG;;UNKNOWN;LABEL;PM;LDPE;SL;1;Ternate;North Maluku;30/09/2023;Outdoor;Coast/Shoreline
OKKY;Suntory Beverage & Food;;CUP;FP;PP;Unsure;1;Ternate;North Maluku;30/09/2023;Outdoor;Coast/Shoreline
OKKY;Suntory Beverage & Food;;LABEL;PM;LDPE;SL;1;Ternate;North Maluku;30/09/2023;Outdoor;Coast/Shoreline
UNKNOWN;Unbranded;;SEAL TAPE;PM;O;SL;1;Ternate;North Maluku;30/09/2023;Outdoor;Coast/Shoreline
UNKNOWN;Unbranded;;BOTTLE;HP;PVC;Unsure;1;Ternate;North Maluku;30/09/2023;Outdoor;Coast/Shoreline
BETADINE;Avrio Health LP;PT MUNDIPHARMA HEALTHCARE INDONESIA;BOTTLE;PC;HDPE;Unsure;1;Ternate;North Maluku;30/09/2023;Outdoor;Coast/Shoreline
BETADINE;Avrio Health LP;PT MUNDIPHARMA HEALTHCARE INDONESIA;LABEL;PM;LDPE;Unsure;1;Ternate;North Maluku;30/09/2023;Outdoor;Coast/Shoreline
UNKNOWN;Unbranded;;GALON CAP;FP;HDPE;Unsure;9;Ternate;North Maluku;30/09/2023;Outdoor;Coast/Shoreline
POP MIE;Indofood;;FORK;FP;PP;Unsure;1;Ternate;North Maluku;30/09/2023;Outdoor;Coast/Shoreline
LE MINERALE;Mayora Indah;;BOTTLE CAP;FP;PP;Unsure;5;Ternate;North Maluku;30/09/2023;Outdoor;Coast/Shoreline
GARNIER;L'Oreal;;BOTTLE;PC;HDPE;ML;1;Ternate;North Maluku;30/09/2023;Outdoor;Coast/Shoreline
INDODES;;UNKNOWN;CUP;FP;PET;SL;1;Toba;North Sumatra;22/09/2023;Outdoor;Mountain
CHOYA;;CHOYA UMESHU CO., LTD.;CUP;FP;PET;SL;1;Toba;North Sumatra;22/09/2023;Outdoor;Mountain
PROTIO;;Mual Tio Maju Bersama;CUP;FP;PET;SL;1;Toba;North Sumatra;22/09/2023;Outdoor;Mountain
OTHER;Unbranded;;CUP;FP;PS;SL;10;Toba;North Sumatra;22/09/2023;Outdoor;Mountain
AQUA;Danone;;BOTTLE;FP;PET;SL;15;Toba;North Sumatra;22/09/2023;Outdoor;Mountain
FLORIDINA;Wings Indonesia;;BOTTLE;FP;PET;SL;11;Toba;North Sumatra;22/09/2023;Outdoor;Mountain
TEH PUCUK;Mayora Indah;;BOTTLE;FP;PET;SL;8;Toba;North Sumatra;22/09/2023;Outdoor;Mountain
CLEO;Tanobel Food;;BOTTLE;FP;PET;SL;5;Toba;North Sumatra;22/09/2023;Outdoor;Mountain
SPRITE;The Coca-Cola Company;;BOTTLE;FP;PET;SL;3;Toba;North Sumatra;22/09/2023;Outdoor;Mountain
FANTA;The Coca-Cola Company;;BOTTLE;FP;PET;SL;8;Toba;North Sumatra;22/09/2023;Outdoor;Mountain
GOLDA;Wings;;BOTTLE;FP;PET;SL;6;Toba;North Sumatra;22/09/2023;Outdoor;Mountain
MILKU;Wings;;BOTTLE;FP;PET;SL;5;Toba;North Sumatra;22/09/2023;Outdoor;Mountain
NUTRIBOOST;The Coca-Cola Company;;BOTTLE;FP;PET;SL;3;Toba;North Sumatra;22/09/2023;Outdoor;Mountain
GOOD DAY;Britania Industries Ltd.;;BOTTLE;FP;PET;SL;2;Toba;North Sumatra;22/09/2023;Outdoor;Mountain
FRUIT TEA;Sinar Sosro;;BOTTLE;FP;PET;SL;1;Toba;North Sumatra;22/09/2023;Outdoor;Mountain
TEH BOTOL;Sinar Sosro;;BOTTLE;FP;PET;SL;1;Toba;North Sumatra;22/09/2023;Outdoor;Mountain
ICHITAN;Ichitan Group;;BOTTLE;FP;PET;SL;3;Toba;North Sumatra;22/09/2023;Outdoor;Mountain
TEBS;Sinar Sosro;;BOTTLE;FP;PET;SL;4;Toba;North Sumatra;22/09/2023;Outdoor;Mountain
KOPIKO;Mayora Indah;;BOTTLE;FP;PET;SL;1;Toba;North Sumatra;22/09/2023;Outdoor;Mountain
PRIMA;Imperial Brands;PT SINAR SOSRO;BOTTLE;FP;PET;SL;2;Toba;North Sumatra;22/09/2023;Outdoor;Mountain
OTIS;;UNKNOWN;BOTTLE;FP;PET;SL;1;Toba;North Sumatra;22/09/2023;Outdoor;Mountain
PULPY;The Coca-Cola Company;;BOTTLE;FP;PET;SL;1;Toba;North Sumatra;22/09/2023;Outdoor;Mountain
TEH BOTOL;Sinar Sosro;;BOTTLE;FP;PET;SL;5;Toba;North Sumatra;22/09/2023;Outdoor;Mountain
FRUIT TEA;Sinar Sosro;;BOTTLE;FP;PET;SL;2;Toba;North Sumatra;22/09/2023;Outdoor;Mountain
GALDONA;;UNKNOWN;BOTTLE;FP;PET;SL;3;Toba;North Sumatra;22/09/2023;Outdoor;Mountain
FLORIDINA;Wings Indonesia;;BOTTLE;FP;PET;SL;5;Toba;North Sumatra;22/09/2023;Outdoor;Mountain
AQUA;Danone;;BOTTLE;FP;PET;SL;7;Toba;North Sumatra;22/09/2023;Outdoor;Mountain
MILKU;Wings;;BOTTLE;FP;PET;SL;2;Toba;North Sumatra;22/09/2023;Outdoor;Mountain
TEH PUCUK;Mayora Indah;;BOTTLE;FP;PET;SL;5;Toba;North Sumatra;22/09/2023;Outdoor;Mountain
FRESTEA;The Coca-Cola Company;;BOTTLE;FP;PET;SL;1;Toba;North Sumatra;22/09/2023;Outdoor;Mountain
POCARI;Pocari;;BOTTLE;FP;PET;SL;1;Toba;North Sumatra;22/09/2023;Outdoor;Mountain
FANTA;The Coca-Cola Company;;BOTTLE;FP;PET;SL;3;Toba;North Sumatra;22/09/2023;Outdoor;Mountain
LE MINERALE;Mayora Indah;;BOTTLE;FP;PET;SL;2;Toba;North Sumatra;22/09/2023;Outdoor;Mountain
NIPIS MADU;;PT Tirta Fresindo Jaya (MAYORA);BOTTLE;FP;PET;SL;1;Toba;North Sumatra;22/09/2023;Outdoor;Mountain
TIRTA TIO;; PT Mual Tio Maju Bersama;BOTTLE;FP;PET;SL;1;Toba;North Sumatra;22/09/2023;Outdoor;Mountain
KIN;The Coca-Cola Company;;BOTTLE;FP;PET;SL;1;Toba;North Sumatra;22/09/2023;Outdoor;Mountain
POP MIE;Indofood;;NOODLE;HP;HDPE;SL;10;Toba;North Sumatra;22/09/2023;Outdoor;Mountain
YAMALUBE;Unbranded;;BOTTLE;FP;PET;SL;1;Toba;North Sumatra;22/09/2023;Outdoor;Mountain
SPRITE;The Coca-Cola Company;;BOTTLE;FP;PET;SL;1;Toba;North Sumatra;22/09/2023;Outdoor;Mountain
CLEO;Tanobel Food;;BOTTLE;FP;PET;SL;1;Toba;North Sumatra;22/09/2023;Outdoor;Mountain
CIMORY;Mountain Dairy;;BOTTLE;FP;PET;SL;1;Toba;North Sumatra;22/09/2023;Outdoor;Mountain
MOGU-MOGU;Sapanan General Food Co.;;BOTTLE;FP;PET;SL;1;Toba;North Sumatra;22/09/2023;Outdoor;Mountain
TORA CAFE;Torabika;;BOTTLE;FP;PET;SL;1;Toba;North Sumatra;22/09/2023;Outdoor;Mountain
TEH PUCUK;Mayora Indah;;BOTTLE CAP;FP;PP;SL;9;Toba;North Sumatra;22/09/2023;Outdoor;Mountain
FLORIDINA;Wings Indonesia;;BOTTLE CAP;FP;PP;SL;35;Toba;North Sumatra;22/09/2023;Outdoor;Mountain
AQUA;Danone;;BOTTLE CAP;FP;PP;SL;1;Toba;North Sumatra;22/09/2023;Outdoor;Mountain
MOGU-MOGU;Sapanan General Food Co.;;BOTTLE CAP;FP;PP;SL;12;Toba;North Sumatra;22/09/2023;Outdoor;Mountain
GOLDA;Wings;;BOTTLE CAP;FP;PP;SL;1;Toba;North Sumatra;22/09/2023;Outdoor;Mountain
TORA CAFE;Torabika;;BOTTLE CAP;FP;PP;SL;2;Toba;North Sumatra;22/09/2023;Outdoor;Mountain
MILKU;Wings;;BOTTLE CAP;FP;PP;SL;1;Toba;North Sumatra;22/09/2023;Outdoor;Mountain
POCARI;Pocari;;BOTTLE CAP;FP;PP;SL;3;Toba;North Sumatra;22/09/2023;Outdoor;Mountain
CIMORY;Mountain Dairy;;BOTTLE CAP;FP;PP;SL;1;Toba;North Sumatra;22/09/2023;Outdoor;Mountain
FRUIT TEA;Sinar Sosro;;BOTTLE CAP;FP;PP;SL;17;Toba;North Sumatra;22/09/2023;Outdoor;Mountain
FANTA;The Coca-Cola Company;;BOTTLE CAP;FP;PP;SL;4;Toba;North Sumatra;22/09/2023;Outdoor;Mountain
SPRITE;The Coca-Cola Company;;BOTTLE CAP;FP;PP;SL;1;Toba;North Sumatra;22/09/2023;Outdoor;Mountain
LE MINERALE;Mayora Indah;;BOTTLE CAP;FP;PP;SL;1;Toba;North Sumatra;22/09/2023;Outdoor;Mountain
CLEO;Tanobel Food;;BOTTLE CAP;FP;PP;SL;2;Toba;North Sumatra;22/09/2023;Outdoor;Mountain
TEH SOSRO;Indofood;;BOTTLE CAP;FP;PP;SL;1;Toba;North Sumatra;22/09/2023;Outdoor;Mountain
ORANG TUA;;PT Orang Tua;BOTTLE CAP;FP;PP;ML;1;Toba;North Sumatra;22/09/2023;Outdoor;Mountain
COMMODORE;;PT Adhitama Sejahtera Abadi;CIGARETTE PACKAGING;SM;PP;ML;1;Toba;North Sumatra;22/09/2023;Outdoor;Mountain
INDOMILK;Indofood;;BEVERAGE;FP;PP;ML;5;Toba;North Sumatra;22/09/2023;Outdoor;Mountain
FRISIAN FLAG;FrieslandCampina;;BEVERAGE;FP;PP;ML;1;Toba;North Sumatra;22/09/2023;Outdoor;Mountain
AQUA;Danone;;BOTTLE;FP;PP;SL;2;Toba;North Sumatra;22/09/2023;Outdoor;Mountain
CHOYA;;UNKNOWN;BEVERAGE;FP;PP;SL;1;Toba;North Sumatra;22/09/2023;Outdoor;Mountain
POWER F;Wings;;BEVERAGE;FP;PP;SL;1;Toba;North Sumatra;22/09/2023;Outdoor;Mountain
OTHER;Unbranded;;BEVERAGE;FP;PP;SL;2;Toba;North Sumatra;22/09/2023;Outdoor;Mountain
CIGARETTE MAGNUM;;PT HM Sampoerna Tbk;CIGARETTE PACKAGING;SM;O;ML;3;Toba;North Sumatra;22/09/2023;Outdoor;Mountain
ESSE CHANGE;;Korea Tomorrow & Global Indonesia;CIGARETTE PACKAGING;SM;O;ML;1;Toba;North Sumatra;22/09/2023;Outdoor;Mountain
H MILD;;;CIGARETTE PACKAGING;SM;O;ML;2;Toba;North Sumatra;22/09/2023;Outdoor;Mountain
SURYA;Gudang Garam Tbk.;;CIGARETTE PACKAGING;SM;O;ML;2;Toba;North Sumatra;22/09/2023;Outdoor;Mountain
EVO;;Wismilak Inti Makmur;CIGARETTE PACKAGING;SM;O;ML;1;Toba;North Sumatra;22/09/2023;Outdoor;Mountain
L.A;Djarum;;CIGARETTE PACKAGING;SM;O;ML;1;Toba;North Sumatra;22/09/2023;Outdoor;Mountain
CIGARETTE UNION;;Sumatra Tobacco Trading;CIGARETTE PACKAGING;SM;O;ML;1;Toba;North Sumatra;22/09/2023;Outdoor;Mountain
MALBORO;Philip Morris USA;;CIGARETTE PACKAGING;SM;O;ML;1;Toba;North Sumatra;22/09/2023;Outdoor;Mountain
DJI SAM SOE;HM Sampoerna, Tbk;;CIGARETTE PACKAGING;SM;O;ML;1;Toba;North Sumatra;22/09/2023;Outdoor;Mountain
SAMPOERNA;Philip Morris International;;CIGARETTE PACKAGING;SM;O;ML;8;Toba;North Sumatra;22/09/2023;Outdoor;Mountain
PLASTIK;;UNKNOWN;PLASTIC;SM;LDPE;SL;3;Toba;North Sumatra;22/09/2023;Outdoor;Mountain
UC 1000;Djojonegoro;;BOTTLE;HP;PET;SL;1;Toba;North Sumatra;22/09/2023;Outdoor;Mountain
ARTIC;;UNKNOWN;PILOX;FP;O;SL;1;Toba;North Sumatra;22/09/2023;Outdoor;Mountain
KRATINGDAENG;Asia Health Energi Beverages;;BEVERAGE;O;O;SL;1;Toba;North Sumatra;22/09/2023;Outdoor;Mountain
NESCAFE;Nestle;;BEVERAGE;O;O;SL;2;Toba;North Sumatra;22/09/2023;Outdoor;Mountain
SENDOK PLASTIK;Unbranded;;PLASTIC;O;PS;SL;24;Toba;North Sumatra;22/09/2023;Outdoor;Mountain
POP MIE;Indofood;;NOODLE;FP;PS;SL;12;Toba;North Sumatra;22/09/2023;Outdoor;Mountain
OTHER;Unbranded;;FOOD PACKAGING;FP;PS;SL;15;Toba;North Sumatra;22/09/2023;Outdoor;Mountain
OTHER;Unbranded;;FOOD PACKAGING;O;PET;SL;9;Toba;North Sumatra;22/09/2023;Outdoor;Mountain
OH5;;SURYA MAS RAJA TAWON;BEVERAGE;FP;PP;SL;29;Toba;North Sumatra;22/09/2023;Outdoor;Mountain
TIRTA TIO;;Mual Tio Maju Bersama;BEVERAGE;FP;PP;SL;17;Toba;North Sumatra;22/09/2023;Outdoor;Mountain
TEH GELAS;Orang Tua;;BEVERAGE;FP;PP;SL;2;Toba;North Sumatra;22/09/2023;Outdoor;Mountain
POWER F;Wings;;BEVERAGE;FP;PET;SL;78;Toba;North Sumatra;22/09/2023;Outdoor;Mountain
OTHER;Unbranded;;KEMASAN GELAS;FP;PET;SL;27;Toba;North Sumatra;22/09/2023;Outdoor;Mountain
CHS;;UNKNOWN;KEMASAN GELAS;FP;PET;SL;11;Toba;North Sumatra;22/09/2023;Outdoor;Mountain
TIRTA TIO;;Mual Tio Maju Bersama;KEMASAN GELAS;FP;PET;SL;19;Toba;North Sumatra;22/09/2023;Outdoor;Mountain
ASRI;Muawanah Al Ma'soem Cileunyi;;KEMASAN GELAS;FP;PET;SL;6;Toba;North Sumatra;22/09/2023;Outdoor;Mountain
CLEO;Tanobel Food;;KEMASAN GELAS;FP;PET;SL;5;Toba;North Sumatra;22/09/2023;Outdoor;Mountain
OLALA JELLY DRINK;Wings;;KEMASAN GELAS;FP;PET;SL;9;Toba;North Sumatra;22/09/2023;Outdoor;Mountain
ALE-ALE;Wings;;KEMASAN GELAS;FP;PET;SL;14;Toba;North Sumatra;22/09/2023;Outdoor;Mountain
TEH RIO;Wings;;KEMASAN GELAS;FP;PET;SL;1;Toba;North Sumatra;22/09/2023;Outdoor;Mountain
KOPI NONGKRONG;;WINGS;KEMASAN GELAS;FP;PET;SL;6;Toba;North Sumatra;22/09/2023;Outdoor;Mountain
AQUA;Danone;;KEMASAN GELAS;FP;PET;SL;1;Toba;North Sumatra;22/09/2023;Outdoor;Mountain
LABURA Q;;UNKNOWN;KEMASAN GELAS;FP;PET;SL;1;Toba;North Sumatra;22/09/2023;Outdoor;Mountain
CLINK;;UNKNOWN;BEVERAGE;FP;PP;SL;3;Toba;North Sumatra;22/09/2023;Outdoor;Mountain
ALE-ALE;Wings;;BEVERAGE;FP;PP;SL;1;Toba;North Sumatra;22/09/2023;Outdoor;Mountain
FRUIT TEA;Sinar Sosro;;BEVERAGE;FP;PP;SL;2;Toba;North Sumatra;22/09/2023;Outdoor;Mountain
QTELA;Indofood;;FOOD PACKAGING;FP;O;SL;2;Toba;North Sumatra;22/09/2023;Outdoor;Mountain
CHITATO;Indofood;;FOOD PACKAGING;FP;O;SL;1;Toba;North Sumatra;22/09/2023;Outdoor;Mountain
JAPOTA;Calbe Wings Food;;FOOD PACKAGING;FP;O;SL;1;Toba;North Sumatra;22/09/2023;Outdoor;Mountain
AQUA;Danone;;BOTTLE;FP;PET;SL;13;Toba;North Sumatra;22/09/2023;Outdoor;Mountain
PRIM-A;;PT SINAR SOSRO;BOTTLE;FP;PET;SL;3;Toba;North Sumatra;22/09/2023;Outdoor;Mountain
LE MINERALE;Mayora Indah;;BOTTLE;FP;PET;SL;2;Toba;North Sumatra;22/09/2023;Outdoor;Mountain
CLUB;Indofood;;BOTTLE;FP;PET;SL;1;Toba;North Sumatra;22/09/2023;Outdoor;Mountain
FANTA;The Coca-Cola Company;;BOTTLE;FP;PET;SL;4;Toba;North Sumatra;22/09/2023;Outdoor;Mountain
TEH PUCUK HARUM;Mayora Indah;;BOTTLE;FP;PET;SL;4;Toba;North Sumatra;22/09/2023;Outdoor;Mountain
GOLDA;Wings;;BOTTLE;FP;PET;SL;7;Toba;North Sumatra;22/09/2023;Outdoor;Mountain
FLORIDINA;Wings Indonesia;;BOTTLE;FP;PET;SL;3;Toba;North Sumatra;22/09/2023;Outdoor;Mountain
MINUTE MAID;Coca Cola Limited;;BOTTLE;FP;PET;SL;3;Toba;North Sumatra;22/09/2023;Outdoor;Mountain
KOPIKO;Mayora Indah;;BOTTLE;FP;PET;SL;2;Toba;North Sumatra;22/09/2023;Outdoor;Mountain
SPRITE;The Coca-Cola Company;;BOTTLE;FP;PET;SL;2;Toba;North Sumatra;22/09/2023;Outdoor;Mountain
COOLANT;sari enesis indah;;BOTTLE;FP;PET;SL;1;Toba;North Sumatra;22/09/2023;Outdoor;Mountain
TEH BOTOL;Sinar Sosro;;BOTTLE;FP;PET;SL;1;Toba;North Sumatra;22/09/2023;Outdoor;Mountain
COCOBIT;;INDOFOOD;BOTTLE;FP;PET;SL;1;Toba;North Sumatra;22/09/2023;Outdoor;Mountain
INDOMILK;Indofood;;BOTTLE;FP;PET;SL;1;Toba;North Sumatra;22/09/2023;Outdoor;Mountain
UNKNOWN;Unbranded;;MIKA MAKANAN;FP;PET;SL;6;Toba;North Sumatra;22/09/2023;Outdoor;Mountain
UNKNOWN;Unbranded;;TUTUP GELAS;FP;PET;SL;15;Toba;North Sumatra;22/09/2023;Outdoor;Mountain
AQUA;Danone;;BOTTLE CAP;FP;PET;SL;5;Toba;North Sumatra;22/09/2023;Outdoor;Mountain
PRIM-A;;PT SINAR SOSRO;BOTTLE CAP;FP;PET;SL;5;Toba;North Sumatra;22/09/2023;Outdoor;Mountain
LE MINERALE;Mayora Indah;;BOTTLE CAP;FP;PET;SL;2;Toba;North Sumatra;22/09/2023;Outdoor;Mountain
GOLDA;Wings;;BOTTLE CAP;FP;PET;SL;5;Toba;North Sumatra;22/09/2023;Outdoor;Mountain
COCA COLA;The Coca-Cola Company;;BOTTLE CAP;FP;PET;SL;6;Toba;North Sumatra;22/09/2023;Outdoor;Mountain
FANTA;The Coca-Cola Company;;BOTTLE CAP;FP;PET;SL;2;Toba;North Sumatra;22/09/2023;Outdoor;Mountain
SPRITE;The Coca-Cola Company;;BOTTLE CAP;FP;PET;SL;3;Toba;North Sumatra;22/09/2023;Outdoor;Mountain
KOPIKO;Mayora Indah;;BOTTLE CAP;FP;PET;SL;1;Toba;North Sumatra;22/09/2023;Outdoor;Mountain
FLORIDINA;Wings Indonesia;;BOTTLE CAP;FP;PET;SL;1;Toba;North Sumatra;22/09/2023;Outdoor;Mountain
INDODES;;PT TIRTASARI SUMBER MURNI;GELAS MINERAL;FP;PP;SL;7;Toba;North Sumatra;22/09/2023;Outdoor;Mountain
OH5;;SURYA MAS RAJA TAWON;GELAS MINERAL;FP;PP;SL;7;Toba;North Sumatra;22/09/2023;Outdoor;Mountain
AQUA;Danone;;GELAS MINERAL;FP;PP;SL;2;Toba;North Sumatra;22/09/2023;Outdoor;Mountain
CLEO;Tanobel Food;;GELAS MINERAL;FP;PP;SL;3;Toba;North Sumatra;22/09/2023;Outdoor;Mountain
VIT;Tirta Investama;;GELAS MINERAL;FP;PP;SL;3;Toba;North Sumatra;22/09/2023;Outdoor;Mountain
TIRTA TIO;;Mual Tio Maju Bersama;GELAS MINERAL;FP;PP;SL;9;Toba;North Sumatra;22/09/2023;Outdoor;Mountain
LINK-Q;;BUDI;GELAS MINERAL;FP;PP;SL;1;Toba;North Sumatra;22/09/2023;Outdoor;Mountain
FORMULA PALUTA;;UD FORMULA;GELAS MINERAL;FP;PP;SL;1;Toba;North Sumatra;22/09/2023;Outdoor;Mountain
UNKNOWN;Unbranded;;CUP;FP;PP;SL;17;Toba;North Sumatra;22/09/2023;Outdoor;Mountain
UNKNOWN;Unbranded;;CUP ES KRIM;FP;PP;SL;4;Toba;North Sumatra;22/09/2023;Outdoor;Mountain
ALE-ALE;Wings;;CUP;FP;PP;SL;1;Toba;North Sumatra;22/09/2023;Outdoor;Mountain
YAKULT;Yakult;;CUP;FP;PP;SL;1;Toba;North Sumatra;22/09/2023;Outdoor;Mountain
POP MIE;Indofood;;FOOD PACKAGING;FP;PS;SL;11;Toba;North Sumatra;22/09/2023;Outdoor;Mountain
MIE SEDAP;Wings;;FOOD PACKAGING;FP;PS;SL;1;Toba;North Sumatra;22/09/2023;Outdoor;Mountain
UNKNOWN;Unbranded;;FOOD PACKAGING;FP;PS;SL;1;Toba;North Sumatra;22/09/2023;Outdoor;Mountain
JOYDAY;Green Asia Food;;ICE CREAM;FP;PS;SL;1;Toba;North Sumatra;22/09/2023;Outdoor;Mountain
UNKNOWN;Unbranded;;PLASTIC BAG;HP;LDPE;SL;19;Toba;North Sumatra;22/09/2023;Outdoor;Mountain
LUFFMAN;;PT LEADON INTERNATIONAL;CIGARETTE;SM;O;ML;1;Toba;North Sumatra;22/09/2023;Outdoor;Mountain
SAHARA;;CV CAKRA MAS JAYA;CIGARETTE;SM;O;ML;1;Toba;North Sumatra;22/09/2023;Outdoor;Mountain
COMMODORE;;PT ADHITAMA SEJAHTERA ABADI;CIGARETTE;SM;O;ML;1;Toba;North Sumatra;22/09/2023;Outdoor;Mountain
ESSE;Korea Tomorrow & Global Corporation;;CIGARETTE;SM;O;ML;1;Toba;North Sumatra;22/09/2023;Outdoor;Mountain
SURYA;Gudang Garam Tbk.;;CIGARETTE;SM;O;ML;3;Toba;North Sumatra;22/09/2023;Outdoor;Mountain
MAGNUM;Unilever;PT HM SAMPOERNA TBK;CIGARETTE;SM;O;ML;1;Toba;North Sumatra;22/09/2023;Outdoor;Mountain
DJI SAM SOE;HM Sampoerna, Tbk;;CIGARETTE;SM;O;ML;1;Toba;North Sumatra;22/09/2023;Outdoor;Mountain
SAMPOERNA;Philip Morris International;;CIGARETTE;SM;O;ML;7;Toba;North Sumatra;22/09/2023;Outdoor;Mountain
KACANG KULIT GARUDA;GarudaFood;;FOOD PACKAGING;FP;LDPE;SL;7;Toba;North Sumatra;22/09/2023;Outdoor;Mountain
BENG BENG;Mayora Inda;;FOOD PACKAGING;FP;LDPE;SL;5;Toba;North Sumatra;22/09/2023;Outdoor;Mountain
CHACHA;;PT ARTHA SUMATERA ABADI'S;FOOD PACKAGING;FP;O;ML;20;Toba;North Sumatra;22/09/2023;Outdoor;Mountain
QTELA;Indofood;;FOOD PACKAGING;FP;LDPE;SL;3;Toba;North Sumatra;22/09/2023;Outdoor;Mountain
ROMA;Mayora Indah;;FOOD PACKAGING;FP;LDPE;SL;3;Toba;North Sumatra;22/09/2023;Outdoor;Mountain
TICTAC;Dua Kelinci;;FOOD PACKAGING;FP;LDPE;SL;3;Toba;North Sumatra;22/09/2023;Outdoor;Mountain
MILO;Nestle;;TETRA PACK;FP;O;ML;1;Toba;North Sumatra;22/09/2023;Outdoor;Mountain
CHITATO;Indofood;;FOOD PACKAGING;FP;LDPE;SL;2;Toba;North Sumatra;22/09/2023;Outdoor;Mountain
CIMORY;Mountain Dairy;;BEVERAGE;FP;LDPE;SL;2;Toba;North Sumatra;22/09/2023;Outdoor;Mountain
AQUA;Danone;;BOTTLE;FP;PET;SL;13;Toba;North Sumatra;22/09/2023;Outdoor;Mountain
TEH PUCUK HARUM;Mayora Indah;;BOTTLE;FP;PET;SL;7;Toba;North Sumatra;22/09/2023;Outdoor;Mountain
ICHITAN;Ichitan Group;;BOTTLE;FP;PET;SL;5;Toba;North Sumatra;22/09/2023;Outdoor;Mountain
FLORIDINA;Wings Indonesia;;BOTTLE;FP;PET;SL;9;Toba;North Sumatra;22/09/2023;Outdoor;Mountain
POCARI SWEAT;Otsuka;;BOTTLE;FP;PET;SL;2;Toba;North Sumatra;22/09/2023;Outdoor;Mountain
FANTA;The Coca-Cola Company;;BOTTLE;FP;PET;SL;5;Toba;North Sumatra;22/09/2023;Outdoor;Mountain
TEH BOTOL;Sinar Sosro;;BOTTLE;FP;PET;SL;3;Toba;North Sumatra;22/09/2023;Outdoor;Mountain
FRUIT TEA;Sinar Sosro;;BOTTLE;FP;PET;SL;2;Toba;North Sumatra;22/09/2023;Outdoor;Mountain
NU;;PT ABC PRESIDENT INDONESIA;BOTTLE;FP;PET;SL;2;Toba;North Sumatra;22/09/2023;Outdoor;Mountain
MILKU;Wings;;BOTTLE;FP;PET;SL;3;Toba;North Sumatra;22/09/2023;Outdoor;Mountain
INDOMILK;Indofood;;BOTTLE;FP;PET;SL;2;Toba;North Sumatra;22/09/2023;Outdoor;Mountain
GOLDA;Wings;;BOTTLE;FP;PET;SL;4;Toba;North Sumatra;22/09/2023;Outdoor;Mountain
GOOD DAY;Britania Industries Ltd.;PT SANTOS JAYA ABADI;BOTTLE;FP;PET;SL;3;Toba;North Sumatra;22/09/2023;Outdoor;Mountain
NONGKRONG;;WINGS FOOD;CUP;FP;PET;SL;6;Toba;North Sumatra;22/09/2023;Outdoor;Mountain
CLEO;Tanobel Food;;CUP;FP;PET;SL;2;Toba;North Sumatra;22/09/2023;Outdoor;Mountain
ALE-ALE;Wings;;CUP;FP;PET;SL;13;Toba;North Sumatra;22/09/2023;Outdoor;Mountain
TIRTA TIO;;Mual Tio Maju Bersama;CUP;FP;PET;SL;31;Toba;North Sumatra;22/09/2023;Outdoor;Mountain
OH5;;SURYA MAS RAJA TAWON;CUP;FP;PET;SL;39;Toba;North Sumatra;22/09/2023;Outdoor;Mountain
POWER F;Wings;;CUP;FP;PET;SL;17;Toba;North Sumatra;22/09/2023;Outdoor;Mountain
SIPPIN;;SIPPIN INDONESIA;CUP;FP;PET;SL;2;Toba;North Sumatra;22/09/2023;Outdoor;Mountain
KFC;KFC;;CUP;FP;PET;SL;1;Toba;North Sumatra;22/09/2023;Outdoor;Mountain
ENAKI SOYA;;PT INMAS SUNSHINE;CUP;FP;PET;SL;1;Toba;North Sumatra;22/09/2023;Outdoor;Mountain
YAKULT;Yakult;;CUP;FP;O;SL;3;Toba;North Sumatra;22/09/2023;Outdoor;Mountain
POP MIE;Indofood;;CUP;FP;PS;ML;10;Toba;North Sumatra;22/09/2023;Outdoor;Mountain
KFC;KFC;;CUP;FP;O;ML;3;Toba;North Sumatra;22/09/2023;Outdoor;Mountain
CIMORY;Mountain Dairy;;BEVERAGE;FP;O;ML;2;Toba;North Sumatra;22/09/2023;Outdoor;Mountain
FRISIAN FLAG;FrieslandCampina;;FOOD PACKAGING;FP;O;ML;3;Toba;North Sumatra;22/09/2023;Outdoor;Mountain
TARO;Premier Marketing Public Company Limited;PT TIGA PILAR SEJAHTERA FOOD, TBK;FOOD PACKAGING;FP;LDPE;SL;1;Toba;North Sumatra;22/09/2023;Outdoor;Mountain
CHITATO;Indofood;;FOOD PACKAGING;FP;LDPE;SL;3;Toba;North Sumatra;22/09/2023;Outdoor;Mountain
POTABEE;Wings;;FOOD PACKAGING;FP;LDPE;SL;4;Toba;North Sumatra;22/09/2023;Outdoor;Mountain
KACANG KULIT GARUDA;GarudaFood;;FOOD PACKAGING;FP;LDPE;SL;40;Toba;North Sumatra;22/09/2023;Outdoor;Mountain
TIME BREAK;Nabati;;FOOD PACKAGING;FP;LDPE;SL;12;Toba;North Sumatra;22/09/2023;Outdoor;Mountain
MEDAN JAYA;;PT MEDAN JAYA PANGAN MUTU;FOOD PACKAGING;FP;LDPE;SL;11;Toba;North Sumatra;22/09/2023;Outdoor;Mountain
ALFAMIDI;;PT MIDI UTAMA INDONESIA TBK;FOOD PACKAGING;FP;LDPE;SL;3;Toba;North Sumatra;22/09/2023;Outdoor;Mountain
KUACI;For East;PT GUMINDO BOGAMANIS;FOOD PACKAGING;FP;LDPE;SL;11;Toba;North Sumatra;22/09/2023;Outdoor;Mountain
DUA KELINCI;Dua Kelinci;;FOOD PACKAGING;FP;LDPE;SL;7;Toba;North Sumatra;22/09/2023;Outdoor;Mountain
YUPI;Yupindo;;FOOD PACKAGING;FP;PP;SL;7;Toba;North Sumatra;22/09/2023;Outdoor;Mountain
SURYA;Gudang Garam Tbk.;;CIGARETTE;SM;O;ML;56;Toba;North Sumatra;22/09/2023;Outdoor;Mountain
LE MINERALE;Mayora Indah;;BOTTLE;FP;PET;SL;15;Toba;North Sumatra;22/09/2023;Outdoor;Mountain
TEH PUCUK HARUM;Mayora Indah;;BOTTLE;FP;PET;SL;9;Toba;North Sumatra;22/09/2023;Outdoor;Mountain
POCARI SWEAT;Otsuka;;BOTTLE;FP;PET;SL;5;Toba;North Sumatra;22/09/2023;Outdoor;Mountain
FANTA;The Coca-Cola Company;;BOTTLE;FP;PET;SL;3;Toba;North Sumatra;22/09/2023;Outdoor;Mountain
INDOMILK;Indofood;;BOTTLE;FP;PET;SL;4;Toba;North Sumatra;22/09/2023;Outdoor;Mountain
GOLDA;Wings;;BOTTLE;FP;PET;SL;6;Toba;North Sumatra;22/09/2023;Outdoor;Mountain
GOOD DAY;Britania Industries Ltd.;PT SANTOS JAYA ABADI;BOTTLE;FP;PET;SL;6;Toba;North Sumatra;22/09/2023;Outdoor;Mountain
FLORIDINA;Wings Indonesia;;BOTTLE;FP;PET;SL;3;Toba;North Sumatra;22/09/2023;Outdoor;Mountain
TEH BOTOL;Sinar Sosro;;BOTTLE;FP;PET;SL;3;Toba;North Sumatra;22/09/2023;Outdoor;Mountain
NU GREEN TEA;;PT ABC PRESIDENT INDONESIA;BOTTLE;FP;PET;SL;5;Toba;North Sumatra;22/09/2023;Outdoor;Mountain
ICHITAN;Ichitan Group;;BOTTLE;FP;PET;SL;5;Toba;North Sumatra;22/09/2023;Outdoor;Mountain
TEH KOTAK;Ultrajaya;;BOTTLE;FP;HDPE;ML;5;Toba;North Sumatra;22/09/2023;Outdoor;Mountain
UNKNOWN;Unbranded;;CUP;FP;PP;SL;20;Toba;North Sumatra;22/09/2023;Outdoor;Mountain
POP MIE;Indofood;;CUP;FP;PS;ML;18;Toba;North Sumatra;22/09/2023;Outdoor;Mountain
KACANG KULIT GARUDA;GarudaFood;;FOOD PACKAGING;FP;LDPE;SL;50;Toba;North Sumatra;22/09/2023;Outdoor;Mountain
TARO;Premier Marketing Public Company Limited;PT TIGA PILAR SEJAHTERA FOOD, TBK;FOOD PACKAGING;FP;LDPE;SL;3;Toba;North Sumatra;22/09/2023;Outdoor;Mountain
CHITATO;Indofood;;FOOD PACKAGING;FP;LDPE;SL;5;Toba;North Sumatra;22/09/2023;Outdoor;Mountain
MEDAN JAYA;;PT MEDAN JAYA PANGAN MUTU;FOOD PACKAGING;FP;LDPE;SL;8;Toba;North Sumatra;22/09/2023;Outdoor;Mountain
KUACI;For East;PT GUMINDO BOGAMANIS;FOOD PACKAGING;FP;LDPE;SL;10;Toba;North Sumatra;22/09/2023;Outdoor;Mountain
DUA KELINCI;Dua Kelinci;;FOOD PACKAGING;FP;LDPE;SL;9;Toba;North Sumatra;22/09/2023;Outdoor;Mountain
LAYS;PepsiCo;;FOOD PACKAGING;FP;LDPE;SL;6;Toba;North Sumatra;22/09/2023;Outdoor;Mountain
ALE-ALE;Wings;;CUP;FP;PET;SL;8;Toba;North Sumatra;22/09/2023;Outdoor;Mountain
TIRTA TIO;;Mual Tio Maju Bersama;CUP;FP;PET;SL;10;Toba;North Sumatra;22/09/2023;Outdoor;Mountain
CLEO;Tanobel Food;;CUP;FP;PET;SL;3;Toba;North Sumatra;22/09/2023;Outdoor;Mountain
UNKNOWN;Unbranded;;PLASTIC BAG;HP;LDPE;SL;105;Toba;North Sumatra;22/09/2023;Outdoor;Mountain
UNKNOWN;Unbranded;;STRAW;FP;PP;SL;45;Toba;North Sumatra;22/09/2023;Outdoor;Mountain
SAMPOERNA;Philip Morris International;;CIGARETTE;SM;O;ML;31;Toba;North Sumatra;22/09/2023;Outdoor;Mountain
SURYA;Gudang Garam Tbk.;;CIGARETTE;SM;O;ML;46;Toba;North Sumatra;22/09/2023;Outdoor;Mountain
PANDAN;;Pandan Air Mineral;BOTTLE CAP;FP;HDPE;SL;1;East Lombok;West Nusa Tenggara;29/09/2023;Outdoor;Mountain
PANDAN;;Pandan Air Mineral;BOTTLE;FP;PET;SL;1;East Lombok;West Nusa Tenggara;29/09/2023;Outdoor;Mountain
PANDAN;;Pandan Air Mineral;LABEL;FP;PS;SL;1;East Lombok;West Nusa Tenggara;29/09/2023;Outdoor;Mountain
LE MINERALE;Mayora Indah;;BOTTLE;FP;PET;SL;10;East Lombok;West Nusa Tenggara;29/09/2023;Outdoor;Mountain
LE MINERALE;Mayora Indah;;LABEL;FP;PS;SL;9;East Lombok;West Nusa Tenggara;29/09/2023;Outdoor;Mountain
CLEO;Tanobel Food;;BOTTLE;FP;PET;SL;10;East Lombok;West Nusa Tenggara;29/09/2023;Outdoor;Mountain
CLEO;Tanobel Food;;LABEL;FP;PS;SL;6;East Lombok;West Nusa Tenggara;29/09/2023;Outdoor;Mountain
CLEO;Tanobel Food;;BOTTLE CAP;FP;HDPE;SL;8;East Lombok;West Nusa Tenggara;29/09/2023;Outdoor;Mountain
AGRO;;CV Alam Megah Jaya;BOTTLE;FP;PET;SL;3;East Lombok;West Nusa Tenggara;29/09/2023;Outdoor;Mountain
AGRO;;CV Alam Megah Jaya;LABEL;FP;PS;SL;6;East Lombok;West Nusa Tenggara;29/09/2023;Outdoor;Mountain
LE MINERALE;Mayora Indah;;BOTTLE CAP;FP;HDPE;SL;10;East Lombok;West Nusa Tenggara;29/09/2023;Outdoor;Mountain
AQUA;Danone;;BOTTLE CAP;FP;HDPE;SL;11;East Lombok;West Nusa Tenggara;29/09/2023;Outdoor;Mountain
AQUA;Danone;;LABEL;FP;PS;SL;7;East Lombok;West Nusa Tenggara;29/09/2023;Outdoor;Mountain
AQUA;Danone;;BOTTLE;FP;PET;SL;10;East Lombok;West Nusa Tenggara;29/09/2023;Outdoor;Mountain
UNKNOWN;Unbranded;;BOTTLE;FP;PET;SL;25;East Lombok;West Nusa Tenggara;29/09/2023;Outdoor;Mountain
AGRO;;CV Alam Megah Jaya;BOTTLE CAP;FP;HDPE;SL;1;East Lombok;West Nusa Tenggara;29/09/2023;Outdoor;Mountain
UNKNOWN;Unbranded;;BOTTLE;FP;PET;SL;20;East Lombok;West Nusa Tenggara;29/09/2023;Outdoor;Mountain
UNKNOWN;Unbranded;;BOTTLE CAP;FP;HDPE;SL;25;East Lombok;West Nusa Tenggara;29/09/2023;Outdoor;Mountain
NESTLE;Nestle;;BOTTLE;FP;PET;SL;3;East Lombok;West Nusa Tenggara;29/09/2023;Outdoor;Mountain
NESTLE;Nestle;;LABEL;FP;PS;SL;1;East Lombok;West Nusa Tenggara;29/09/2023;Outdoor;Mountain
NETRAL;;UNKNOWN;BOTTLE;FP;PET;SL;4;East Lombok;West Nusa Tenggara;29/09/2023;Outdoor;Mountain
NETRAL;;UNKNOWN;LABEL;FP;PS;SL;7;East Lombok;West Nusa Tenggara;29/09/2023;Outdoor;Mountain
NETRAL;;UNKNOWN;BOTTLE CAP;FP;HDPE;SL;5;East Lombok;West Nusa Tenggara;29/09/2023;Outdoor;Mountain
NESTLE;Nestle;;BOTTLE CAP;FP;HDPE;SL;4;East Lombok;West Nusa Tenggara;29/09/2023;Outdoor;Mountain
MINYAKITA;;PT Bina Karya Prima;LABEL;FP;PS;SL;1;East Lombok;West Nusa Tenggara;29/09/2023;Outdoor;Mountain
CRYSTALLINE;Orang Tua;;LABEL;FP;PS;SL;1;East Lombok;West Nusa Tenggara;29/09/2023;Outdoor;Mountain
TIRTA;;Tirta Sukses Perkasa;LABEL;FP;PS;SL;1;East Lombok;West Nusa Tenggara;29/09/2023;Outdoor;Mountain
MINYAKITA;;PT Bina Karya Prima;BOTTLE;FP;PET;SL;1;East Lombok;West Nusa Tenggara;29/09/2023;Outdoor;Mountain
UNKNOWN;Unbranded;;BOTTLE;FP;PET;SL;23;East Lombok;West Nusa Tenggara;29/09/2023;Outdoor;Mountain
UNKNOWN;Unbranded;;BOTTLE CAP;FP;HDPE;SL;25;East Lombok;West Nusa Tenggara;29/09/2023;Outdoor;Mountain
GELIKO;;UNKNOWN;FOOD PACKAGING;FP;PP;ML;1;East Lombok;West Nusa Tenggara;29/09/2023;Outdoor;Mountain
TIKTAK;;PT. Dua Kelinci;FOOD PACKAGING;FP;PP;ML;2;East Lombok;West Nusa Tenggara;29/09/2023;Outdoor;Mountain
INDOMIE;Indofood;;FOOD PACKAGING;FP;PP;SL;4;East Lombok;West Nusa Tenggara;29/09/2023;Outdoor;Mountain
MIE SEDAAP;Wings;;FOOD PACKAGING;FP;PP;SL;5;East Lombok;West Nusa Tenggara;29/09/2023;Outdoor;Mountain
MEAD JHONSON;;Bristol-Myers Squibb Company;NUTRITION;FP;PP;ML;1;East Lombok;West Nusa Tenggara;29/09/2023;Outdoor;Mountain
ROMA KELAPA;Mayora Indah;;FOOD PACKAGING;FP;PP;ML;5;East Lombok;West Nusa Tenggara;29/09/2023;Outdoor;Mountain
NABATI;Nabati Group.;;FOOD PACKAGING;FP;PP;ML;1;East Lombok;West Nusa Tenggara;29/09/2023;Outdoor;Mountain
PASEO;Asia Pulp & Paper Group;;TISSUE;PC;PP;SL;5;East Lombok;West Nusa Tenggara;29/09/2023;Outdoor;Mountain
MIE SEDAAP;Wings;;FOOD PACKAGING;FP;PP;SL;2;East Lombok;West Nusa Tenggara;29/09/2023;Outdoor;Mountain
MADU TJ;Ultrasakti;;MEDICINE;PC;PP;SL;12;East Lombok;West Nusa Tenggara;29/09/2023;Outdoor;Mountain
ENERGEN;Mayora Indah;;FOOD PACKAGING;FP;PP;ML;8;East Lombok;West Nusa Tenggara;29/09/2023;Outdoor;Mountain
INDOFOOD;Indofood;;FOOD PACKAGING;FP;PP;ML;8;East Lombok;West Nusa Tenggara;29/09/2023;Outdoor;Mountain
EXTRA JOSS;Bintang Toedjoe;;FOOD PACKAGING;FP;PP;ML;4;East Lombok;West Nusa Tenggara;29/09/2023;Outdoor;Mountain
TESSA;;PT. Graha Kerindo Utama;TISSUE;PC;PS;SL;1;East Lombok;West Nusa Tenggara;29/09/2023;Outdoor;Mountain
SOHIB;;UNKNOWN;FOOD PACKAGING;FP;PS;SL;1;East Lombok;West Nusa Tenggara;29/09/2023;Outdoor;Mountain
SOSIS SO NICE;So Good Food;;FOOD PACKAGING;FP;PS;SL;28;East Lombok;West Nusa Tenggara;29/09/2023;Outdoor;Mountain
TOLAK ANGIN;Sidomuncul;;FOOD PACKAGING;PC;PS;ML;4;East Lombok;West Nusa Tenggara;29/09/2023;Outdoor;Mountain
MAMA LIME;PT Lion Wings;;FOOD PACKAGING;HP;PS;ML;2;East Lombok;West Nusa Tenggara;29/09/2023;Outdoor;Mountain
INDOMILK;Indofood;;FOOD PACKAGING;FP;PS;ML;12;East Lombok;West Nusa Tenggara;29/09/2023;Outdoor;Mountain
KAPAL API;Santos Jaya Abadi;;FOOD PACKAGING;FP;PS;ML;7;East Lombok;West Nusa Tenggara;29/09/2023;Outdoor;Mountain
KOPI ABC;Santos Jaya Abadi;;FOOD PACKAGING;FP;PS;ML;5;East Lombok;West Nusa Tenggara;29/09/2023;Outdoor;Mountain
GOODDAY;;PT. Santos Jaya Abadi;FOOD PACKAGING;FP;PS;ML;6;East Lombok;West Nusa Tenggara;29/09/2023;Outdoor;Mountain
SIDOMUNCUL;Indurstri Jamu dan Farmasi Sido Muncul;;FOOD PACKAGING;FP;PS;ML;4;East Lombok;West Nusa Tenggara;29/09/2023;Outdoor;Mountain
INDOCAFE;Indofood;;FOOD PACKAGING;FP;PS;ML;3;East Lombok;West Nusa Tenggara;29/09/2023;Outdoor;Mountain
SIDOMUNCUL;Indurstri Jamu dan Farmasi Sido Muncul;;FOOD PACKAGING;FP;PS;ML;3;East Lombok;West Nusa Tenggara;29/09/2023;Outdoor;Mountain
DELIZIO CAPPUCINO;;PT. Sumber Kopi Prima;FOOD PACKAGING;FP;PS;ML;1;East Lombok;West Nusa Tenggara;29/09/2023;Outdoor;Mountain
SAJIKU;Ajinomoto;;FOOD PACKAGING;FP;PS;SL;4;East Lombok;West Nusa Tenggara;29/09/2023;Outdoor;Mountain
COCO DRINK;;Makmur Group;FOOD PACKAGING;FP;PS;ML;1;East Lombok;West Nusa Tenggara;29/09/2023;Outdoor;Mountain
NUTRISARI;NutriFood;;FOOD PACKAGING;FP;PS;ML;1;East Lombok;West Nusa Tenggara;29/09/2023;Outdoor;Mountain
MASAKO;Ajinomoto;;FOOD PACKAGING;FP;PS;ML;20;East Lombok;West Nusa Tenggara;29/09/2023;Outdoor;Mountain
SARI GANDUM;Mayora Indah;;FOOD PACKAGING;FP;PS;ML;2;East Lombok;West Nusa Tenggara;29/09/2023;Outdoor;Mountain
BENG BENG;Mayora Inda;;FOOD PACKAGING;FP;PS;ML;20;East Lombok;West Nusa Tenggara;29/09/2023;Outdoor;Mountain
CHOKI CHOKI;Mayora Indah;;FOOD PACKAGING;FP;PS;SL;15;East Lombok;West Nusa Tenggara;29/09/2023;Outdoor;Mountain
NESCAFE;Nestle;;FOOD PACKAGING;FP;PS;ML;4;East Lombok;West Nusa Tenggara;29/09/2023;Outdoor;Mountain
MIE SEDAAP;Wings;;FOOD PACKAGING;FP;PS;SL;29;East Lombok;West Nusa Tenggara;29/09/2023;Outdoor;Mountain
PROMOS;;UNKNOWN;;FP;PS;SL;1;East Lombok;West Nusa Tenggara;29/09/2023;Outdoor;Mountain
GANOSOR;;UNKNOWN;NUTS;FP;PS;SL;1;East Lombok;West Nusa Tenggara;29/09/2023;Outdoor;Mountain
H-EAT;;Cantigi Outdoor Indonesia;RICE;FP;PS;ML;2;East Lombok;West Nusa Tenggara;29/09/2023;Outdoor;Mountain
DUA KELINCI;Dua Kelinci;;NUTS;FP;PS;ML;1;East Lombok;West Nusa Tenggara;29/09/2023;Outdoor;Mountain
KRAFT;Kraft Heinz;;CHEESE;FP;PS;SL;1;East Lombok;West Nusa Tenggara;29/09/2023;Outdoor;Mountain
LEE KUM KEE;Lee Kum Kee Company Limite;;FOOD PACKAGING;FP;PS;ML;1;East Lombok;West Nusa Tenggara;29/09/2023;Outdoor;Mountain
REBO;Gumindo Bogamanis;;KUACI;FP;PS;ML;3;East Lombok;West Nusa Tenggara;29/09/2023;Outdoor;Mountain
INDOFOOD;Indofood;;SEASONING;FP;PS;ML;2;East Lombok;West Nusa Tenggara;29/09/2023;Outdoor;Mountain
TANGO;Tango;;WAFER;FP;PS;ML;1;East Lombok;West Nusa Tenggara;29/09/2023;Outdoor;Mountain
LIFEBUOY;Unilever;;SOAP;PC;PS;ML;1;East Lombok;West Nusa Tenggara;29/09/2023;Outdoor;Mountain
FOGNIA;;UNKNOWN;;FP;PS;ML;1;East Lombok;West Nusa Tenggara;29/09/2023;Outdoor;Mountain
INDOMOR;;UNKNOWN;TISU;PC;PS;SL;1;East Lombok;West Nusa Tenggara;29/09/2023;Outdoor;Mountain
PLASTIK LAUK;;UNKNOWN;PLASTIK;HP;HDPE;SL;92;East Lombok;West Nusa Tenggara;29/09/2023;Outdoor;Mountain
UNKNOWN;Unbranded;;PLASTIK;HP;O;SL;45;East Lombok;West Nusa Tenggara;29/09/2023;Outdoor;Mountain
SURYA;Gudang Garam Tbk.;;ROKOK;SM;O;SL;2;East Lombok;West Nusa Tenggara;29/09/2023;Outdoor;Mountain
SAMPOERNA;Philip Morris International;;ROKOK;SM;O;SL;1;East Lombok;West Nusa Tenggara;29/09/2023;Outdoor;Mountain
HD;Unbranded;;ROKOK;SM;O;SL;3;East Lombok;West Nusa Tenggara;29/09/2023;Outdoor;Mountain
VEGAS;;HM SAMPOERNA;ROKOK;SM;O;SL;2;East Lombok;West Nusa Tenggara;29/09/2023;Outdoor;Mountain
TWIZZ;;Putera Jaya Sakti Perkasa;ROKOK;SM;O;SL;1;East Lombok;West Nusa Tenggara;29/09/2023;Outdoor;Mountain
POWER;Abirami Soap Works;;ROKOK;SM;O;ML;1;East Lombok;West Nusa Tenggara;29/09/2023;Outdoor;Mountain
SOFTIES;;SOFTEX INDONESIA;PLASTIK;FP;PS;SL;1;East Lombok;West Nusa Tenggara;29/09/2023;Outdoor;Mountain
SEDAAP;Wings;;FOOD PACKAGING;FP;PS;SL;34;East Lombok;West Nusa Tenggara;29/09/2023;Outdoor;Mountain
SEDAAP;Wings;;FOOD PACKAGING;FP;PS;SL;19;East Lombok;West Nusa Tenggara;29/09/2023;Outdoor;Mountain
INDOMIE;Indofood;;FOOD PACKAGING;FP;PS;SL;7;East Lombok;West Nusa Tenggara;29/09/2023;Outdoor;Mountain
MIE SEDAAP;Wings;;FOOD PACKAGING;FP;PS;SL;50;East Lombok;West Nusa Tenggara;29/09/2023;Outdoor;Mountain
MIE SEDAAP;Wings;;FOOD PACKAGING;FP;PS;SL;27;East Lombok;West Nusa Tenggara;29/09/2023;Outdoor;Mountain
INDOMIE;Indofood;;FOOD PACKAGING;FP;PS;SL;12;East Lombok;West Nusa Tenggara;29/09/2023;Outdoor;Mountain
MIE SEDAAP;Wings;;FOOD PACKAGING;FP;PS;SL;68;East Lombok;West Nusa Tenggara;29/09/2023;Outdoor;Mountain
POWER MAXX;;UNKNOWN;CONDOM;FP;PS;ML;1;East Lombok;West Nusa Tenggara;29/09/2023;Outdoor;Mountain
QTELA;Indofood;;FOOD PACKAGING;FP;PS;ML;1;East Lombok;West Nusa Tenggara;29/09/2023;Outdoor;Mountain
MIE ABC;;ABC President Indonesia;FOOD PACKAGING;FP;PS;SL;3;East Lombok;West Nusa Tenggara;29/09/2023;Outdoor;Mountain
MIE SUKSES;Wings;;FOOD PACKAGING;FP;PS;SL;1;East Lombok;West Nusa Tenggara;29/09/2023;Outdoor;Mountain
MIE VITAMI;;Indofood;FOOD PACKAGING;FP;PS;SL;1;East Lombok;West Nusa Tenggara;29/09/2023;Outdoor;Mountain
NARMADA;Narmada Awet Muda;;BOTTLE;FP;PET;SL;23;East Lombok;West Nusa Tenggara;29/09/2023;Outdoor;Mountain
NARMADA;Narmada Awet Muda;;BOTTLE CAP;FP;PP;SL;25;East Lombok;West Nusa Tenggara;29/09/2023;Outdoor;Mountain
NARMADA;Narmada Awet Muda;;LABEL;FP;PS;SL;26;East Lombok;West Nusa Tenggara;29/09/2023;Outdoor;Mountain
NARMADA;Narmada Awet Muda;;BOTTLE;FP;PET;SL;33;East Lombok;West Nusa Tenggara;29/09/2023;Outdoor;Mountain
NARMADA;Narmada Awet Muda;;BOTTLE CAP;FP;PP;SL;50;East Lombok;West Nusa Tenggara;29/09/2023;Outdoor;Mountain
NARMADA;Narmada Awet Muda;;LABEL;FP;PS;SL;40;East Lombok;West Nusa Tenggara;29/09/2023;Outdoor;Mountain
NARMADA;Narmada Awet Muda;;BOTTLE;FP;PET;SL;35;East Lombok;West Nusa Tenggara;29/09/2023;Outdoor;Mountain
NARMADA;Narmada Awet Muda;;BOTTLE CAP;FP;PP;SL;65;East Lombok;West Nusa Tenggara;29/09/2023;Outdoor;Mountain
NARMADA;Narmada Awet Muda;;LABEL;FP;PS;SL;24;East Lombok;West Nusa Tenggara;29/09/2023;Outdoor;Mountain
BANGO;Unilever;;BOTTLE;FP;PET;SL;1;East Lombok;West Nusa Tenggara;29/09/2023;Outdoor;Mountain
BANGO;Unilever;;BOTTLE CAP;FP;PP;SL;1;East Lombok;West Nusa Tenggara;29/09/2023;Outdoor;Mountain
KETCHUP SEDAP;Karunia alam segar;;BOTTLE;FP;PET;SL;1;East Lombok;West Nusa Tenggara;29/09/2023;Outdoor;Mountain
KETCHUP SEDAP;Karunia alam segar;;BOTTLE;FP;PP;SL;1;East Lombok;West Nusa Tenggara;29/09/2023;Outdoor;Mountain
SAUS ABC;;Heinz ABC Indonesia;BOTTLE CAP;FP;PET;SL;6;East Lombok;West Nusa Tenggara;29/09/2023;Outdoor;Mountain
SAUS ABC;;Heinz ABC Indonesia;BOTTLE;FP;PET;SL;6;East Lombok;West Nusa Tenggara;29/09/2023;Outdoor;Mountain
KETCHUP INDOFOOD;;Indofood CBP Sukses Makmur;BOTTLE;FP;PET;SL;3;East Lombok;West Nusa Tenggara;29/09/2023;Outdoor;Mountain
KETCHUP INDOFOOD;;Indofood CBP Sukses Makmur;BOTTLE CAP;FP;PP;SL;3;East Lombok;West Nusa Tenggara;29/09/2023;Outdoor;Mountain
UNKNOWN;Unbranded;;BOTTLE CAP GAS;HP;HDPE;SL;31;East Lombok;West Nusa Tenggara;29/09/2023;Outdoor;Mountain
SO NICE;So Good;;TOPLES;FP;PET;SL;2;East Lombok;West Nusa Tenggara;29/09/2023;Outdoor;Mountain
SO NICE;So Good;;BOTTLE CAP;FP;PP;SL;2;East Lombok;West Nusa Tenggara;29/09/2023;Outdoor;Mountain
UNKNOWN;Unbranded;;TOPLES;FP;PET;SL;4;East Lombok;West Nusa Tenggara;29/09/2023;Outdoor;Mountain
NARMADA;Narmada Awet Muda;;BOTTLE CAP;FP;PP;SL;6;East Lombok;West Nusa Tenggara;29/09/2023;Outdoor;Mountain
UNKNOWN;Unbranded;;TOPLES;FP;PP;SL;5;East Lombok;West Nusa Tenggara;29/09/2023;Outdoor;Mountain
SPRITE;The Coca-Cola Company;;JAR;FP;O;SL;4;East Lombok;West Nusa Tenggara;29/09/2023;Outdoor;Mountain
UNKNOWN;Unbranded;;BOTTLE CAP ;FP;PP;SL;6;East Lombok;West Nusa Tenggara;29/09/2023;Outdoor;Mountain
INAURA;;UNKNOWN;JAR;FP;HDPE;SL;1;East Lombok;West Nusa Tenggara;29/09/2023;Outdoor;Mountain
UNKNOWN;Unbranded;;CUP;FP;PET;SL;15;East Lombok;West Nusa Tenggara;29/09/2023;Outdoor;Mountain
UNKNOWN;Unbranded;;PLASTIC SPOON;FP;PET;SL;1;East Lombok;West Nusa Tenggara;29/09/2023;Outdoor;Mountain
FITRI;Bina Karya Prima;;LABEL;FP;PS;SL;1;East Lombok;West Nusa Tenggara;29/09/2023;Outdoor;Mountain
NARMADA;Narmada Awet Muda;;LABEL;FP;PS;SL;1;East Lombok;West Nusa Tenggara;29/09/2023;Outdoor;Mountain
UNKNOWN;Unbranded;;PLASTIC PLATE;FP;PP;SL;1;East Lombok;West Nusa Tenggara;29/09/2023;Outdoor;Mountain
UNKNOWN;Unbranded;;BOTTLE CAP;FP;PET;SL;1;East Lombok;West Nusa Tenggara;29/09/2023;Outdoor;Mountain
ROYCO;Campbell Soup Company;;SEASONING;FP;PS;ML;4;East Lombok;West Nusa Tenggara;29/09/2023;Outdoor;Mountain
SARI BREAD;Nippon Indosari Corpindo;;BREAD;FP;PS;SL;4;East Lombok;West Nusa Tenggara;29/09/2023;Outdoor;Mountain
ANTANGIN;Deltomed Laboratories;;HERBAL;PC;PS;ML;8;East Lombok;West Nusa Tenggara;29/09/2023;Outdoor;Mountain
SUNBLMWI;;UNKNOWN;SOAP;PC;PS;ML;1;East Lombok;West Nusa Tenggara;29/09/2023;Outdoor;Mountain
KANZLER;;Macroprima Panganutama Semarang;SOSIS;FP;PS;SL;4;East Lombok;West Nusa Tenggara;29/09/2023;Outdoor;Mountain
YOGURT;Unbranded;;YOGURT;FP;PS;SL;1;East Lombok;West Nusa Tenggara;29/09/2023;Outdoor;Mountain
MIXED NUTS;;Dua Kelinci;NUT;FP;PS;ML;1;East Lombok;West Nusa Tenggara;29/09/2023;Outdoor;Mountain
TOLAK ANGIN;Sidomuncul;;HERBAL;FP;PS;SL;1;East Lombok;West Nusa Tenggara;29/09/2023;Outdoor;Mountain
SO NICE;So Good;;SOSIS;FP;PS;SL;7;East Lombok;West Nusa Tenggara;29/09/2023;Outdoor;Mountain
NEXTAR;Nabati;;BISCUIT;FP;PS;SL;1;East Lombok;West Nusa Tenggara;29/09/2023;Outdoor;Mountain
SLAI OLAI;Mayora Indah;;BISCUIT;FP;PS;SL;1;East Lombok;West Nusa Tenggara;29/09/2023;Outdoor;Mountain
NUTRIJEL;Forisa Nusa Persada;;FOOD PACKAGING;FP;PS;ML;1;East Lombok;West Nusa Tenggara;29/09/2023;Outdoor;Mountain
CHOCOLATE;Internasional bakery Denpasar;;FOOD PACKAGING;FP;PS;SL;2;East Lombok;West Nusa Tenggara;29/09/2023;Outdoor;Mountain
PEPSODENT;Unilever;;TOOTHPASTE;PC;PP;ML;1;East Lombok;West Nusa Tenggara;29/09/2023;Outdoor;Mountain
BEARBRAND;Nestle;;LABEL;FP;PS;SL;1;East Lombok;West Nusa Tenggara;29/09/2023;Outdoor;Mountain
FITBAR;Unbranded;;BISCUIT;FP;PS;ML;5;East Lombok;West Nusa Tenggara;29/09/2023;Outdoor;Mountain
TWINS;Prifood Corporation;;BISCUIT;FP;PS;SL;3;East Lombok;West Nusa Tenggara;29/09/2023;Outdoor;Mountain
MALKIST;PT Mayora Indah Tbk;;BISCUIT;FP;PET;ML;3;East Lombok;West Nusa Tenggara;29/09/2023;Outdoor;Mountain
GARY SALUT;Garuda Food;;BISCUIT;FP;PS;ML;2;East Lombok;West Nusa Tenggara;29/09/2023;Outdoor;Mountain
SUPERSTAR;Mayora Indah;;BISCUIT;FP;PS;ML;2;East Lombok;West Nusa Tenggara;29/09/2023;Outdoor;Mountain
PASEO;Asia Pulp & Paper Group;;TISU;PC;PS;SL;1;East Lombok;West Nusa Tenggara;29/09/2023;Outdoor;Mountain
SUN KARA;Pulau Sambu;;COCONUT CREAM;FP;PS;ML;4;East Lombok;West Nusa Tenggara;29/09/2023;Outdoor;Mountain
HEAD AND SHOULDER;Procter & Gamble;;SHAMPO;PC;PS;ML;1;East Lombok;West Nusa Tenggara;29/09/2023;Outdoor;Mountain
BETTER;Mayora Indah;;BISCUIT;FP;PS;ML;1;East Lombok;West Nusa Tenggara;29/09/2023;Outdoor;Mountain
KHONG GUAN;Khong Guan;;BISCUIT;FP;PS;ML;1;East Lombok;West Nusa Tenggara;29/09/2023;Outdoor;Mountain
CLEAR;Unilever;;SHAMPO;PC;PS;ML;2;East Lombok;West Nusa Tenggara;29/09/2023;Outdoor;Mountain
ZINC;PT Lion Wings;;SHAMPO;PC;PS;ML;1;East Lombok;West Nusa Tenggara;29/09/2023;Outdoor;Mountain
DOVE;Mars, Incorporated;;SHAMPO;PC;PS;ML;2;East Lombok;West Nusa Tenggara;29/09/2023;Outdoor;Mountain
ROSE BRAND;CV Bumi Waras;;FLOUR;FP;PS;SL;1;East Lombok;West Nusa Tenggara;29/09/2023;Outdoor;Mountain
OREO;Dongsuh Foods;;BISCUIT;FP;PS;SL;1;East Lombok;West Nusa Tenggara;29/09/2023;Outdoor;Mountain
BANGO;Unilever;;KETCHUP;FP;PS;ML;1;East Lombok;West Nusa Tenggara;29/09/2023;Outdoor;Mountain
BLUE BAND;unilever;;MARGARIN;FP;PS;SL;3;East Lombok;West Nusa Tenggara;29/09/2023;Outdoor;Mountain
MADURASA;Madurasa Unggulan Nusantara;;MADU;FP;PS;SL;1;East Lombok;West Nusa Tenggara;29/09/2023;Outdoor;Mountain
COCA COLA;The Coca-Cola Company;;BOTTLE;FP;PET;SL;5;East Lombok;West Nusa Tenggara;29/09/2023;Outdoor;Mountain
COCA COLA;The Coca-Cola Company;;LABEL;FP;HDPE;SL;5;East Lombok;West Nusa Tenggara;29/09/2023;Outdoor;Mountain
COCA COLA;The Coca-Cola Company;;BOTTLE CAP;FP;HDPE;SL;16;East Lombok;West Nusa Tenggara;29/09/2023;Outdoor;Mountain
POCARI SWEAT;Otsuka;;BOTTLE;FP;PET;SL;11;East Lombok;West Nusa Tenggara;29/09/2023;Outdoor;Mountain
POCARI SWEAT;Otsuka;;LABEL;FP;HDPE;SL;11;East Lombok;West Nusa Tenggara;29/09/2023;Outdoor;Mountain
POCARI SWEAT;Otsuka;;BOTTLE CAP;FP;HDPE;SL;14;East Lombok;West Nusa Tenggara;29/09/2023;Outdoor;Mountain
SPRITE;The Coca-Cola Company;;BOTTLE;FP;PET;SL;2;East Lombok;West Nusa Tenggara;29/09/2023;Outdoor;Mountain
SPRITE;The Coca-Cola Company;;LABEL;FP;HDPE;SL;1;East Lombok;West Nusa Tenggara;29/09/2023;Outdoor;Mountain
SPRITE;The Coca-Cola Company;;BOTTLE CAP;FP;HDPE;SL;2;East Lombok;West Nusa Tenggara;29/09/2023;Outdoor;Mountain
FLORIDINA;Wings Indonesia;;BOTTLE;FP;HDPE;SL;1;East Lombok;West Nusa Tenggara;29/09/2023;Outdoor;Mountain
FLORIDINA;Wings Indonesia;;LABEL;FP;HDPE;SL;1;East Lombok;West Nusa Tenggara;29/09/2023;Outdoor;Mountain
FLORIDINA;Wings Indonesia;;BOTTLE CAP;FP;HDPE;SL;2;East Lombok;West Nusa Tenggara;29/09/2023;Outdoor;Mountain
MIZONE;Danone;;BOTTLE CAP;FP;HDPE;SL;1;East Lombok;West Nusa Tenggara;29/09/2023;Outdoor;Mountain
TANOBEL;;PT Sariguna Primatirta Tbk;BOTTLE;FP;HDPE;SL;1;East Lombok;West Nusa Tenggara;29/09/2023;Outdoor;Mountain
TANOBEL;;PT Sariguna Primatirta Tbk;LABEL;FP;HDPE;SL;1;East Lombok;West Nusa Tenggara;29/09/2023;Outdoor;Mountain
TANOBEL;;PT Sariguna Primatirta Tbk;BOTTLE CAP;FP;HDPE;SL;1;East Lombok;West Nusa Tenggara;29/09/2023;Outdoor;Mountain
KAPAL API;Santos Jaya Abadi;;BOTTLE;FP;HDPE;SL;1;East Lombok;West Nusa Tenggara;29/09/2023;Outdoor;Mountain
KAPAL API;Santos Jaya Abadi;;LABEL;FP;HDPE;SL;1;East Lombok;West Nusa Tenggara;29/09/2023;Outdoor;Mountain
KAPAL API;Santos Jaya Abadi;;BOTTLE CAP;FP;HDPE;SL;1;East Lombok;West Nusa Tenggara;29/09/2023;Outdoor;Mountain
INDOMARET;Indomarco Prismatama;;BOTTLE;FP;HDPE;SL;1;East Lombok;West Nusa Tenggara;29/09/2023;Outdoor;Mountain
INDOMARET;Indomarco Prismatama;;LABEL;FP;HDPE;SL;1;East Lombok;West Nusa Tenggara;29/09/2023;Outdoor;Mountain
INDOMARET;Indomarco Prismatama;;BOTTLE CAP;FP;HDPE;SL;2;East Lombok;West Nusa Tenggara;29/09/2023;Outdoor;Mountain
PULPY;The Coca-Cola Company;;BOTTLE;FP;HDPE;SL;1;East Lombok;West Nusa Tenggara;29/09/2023;Outdoor;Mountain
PULPY;The Coca-Cola Company;;LABEL;FP;HDPE;SL;1;East Lombok;West Nusa Tenggara;29/09/2023;Outdoor;Mountain
PULPY;The Coca-Cola Company;;BOTTLE CAP;FP;HDPE;SL;1;East Lombok;West Nusa Tenggara;29/09/2023;Outdoor;Mountain
MADU TJ;Ultrasakti;;BOTTLE;FP;HDPE;SL;1;East Lombok;West Nusa Tenggara;29/09/2023;Outdoor;Mountain
MADU TJ;Ultrasakti;;LABEL;FP;HDPE;SL;1;East Lombok;West Nusa Tenggara;29/09/2023;Outdoor;Mountain
SKINCARE;;UNKNOWN;BOTTLE;FP;HDPE;SL;1;East Lombok;West Nusa Tenggara;29/09/2023;Outdoor;Mountain
KOPI ABC;Santos Jaya Abadi;;FOOD PACKAGING;FP;PS;ML;7;East Lombok;West Nusa Tenggara;29/09/2023;Outdoor;Mountain
MIE SEDAAP;Wings;;FOOD PACKAGING;FP;PS;SL;15;East Lombok;West Nusa Tenggara;29/09/2023;Outdoor;Mountain
BISCUIT ROMA;Mayora Indah;;FOOD PACKAGING;FP;PS;SL;2;East Lombok;West Nusa Tenggara;29/09/2023;Outdoor;Mountain
INDOMIE;Indofood;;FOOD PACKAGING;FP;PS;SL;2;East Lombok;West Nusa Tenggara;29/09/2023;Outdoor;Mountain
JOLLY;Comfoods Commonwealth Food Inc.;;FOOD PACKAGING;PC;PS;SL;4;East Lombok;West Nusa Tenggara;29/09/2023;Outdoor;Mountain
BENG BENG;Mayora Inda;;FOOD PACKAGING;FP;PS;SL;9;East Lombok;West Nusa Tenggara;29/09/2023;Outdoor;Mountain
SELERA PEDAS;;ABC PRESIDENT INDONESIA;FOOD PACKAGING;FP;PET;SL;1;East Lombok;West Nusa Tenggara;29/09/2023;Outdoor;Mountain
BIG BABOL;Perfetti van Melle;;FOOD PACKAGING;FP;PS;SL;1;East Lombok;West Nusa Tenggara;29/09/2023;Outdoor;Mountain
BETTER;Mayora Indah;;FOOD PACKAGING;FP;PS;SL;3;East Lombok;West Nusa Tenggara;29/09/2023;Outdoor;Mountain
RACIK;Indofood;;FOOD PACKAGING;FP;PS;SL;1;East Lombok;West Nusa Tenggara;29/09/2023;Outdoor;Mountain
MIE GELAS;Mayora Indah;;FOOD PACKAGING;FP;PS;SL;1;East Lombok;West Nusa Tenggara;29/09/2023;Outdoor;Mountain
KOPI YA;Santos Jaya Abadi;;FOOD PACKAGING;FP;PS;SL;4;East Lombok;West Nusa Tenggara;29/09/2023;Outdoor;Mountain
NUT GARUDA;Tudung Group;;FOOD PACKAGING;FP;PS;SL;4;East Lombok;West Nusa Tenggara;29/09/2023;Outdoor;Mountain
UNKNOWN;Unbranded;;PLASTIC BAG;O;HDPE;SL;165;East Lombok;West Nusa Tenggara;29/09/2023;Outdoor;Mountain
LUWAK;Java Prima Abadi;;FOOD PACKAGING;FP;PS;ML;3;East Lombok;West Nusa Tenggara;29/09/2023;Outdoor;Mountain
NUTRISARI;NutriFood;;FOOD PACKAGING;FP;PS;ML;14;East Lombok;West Nusa Tenggara;29/09/2023;Outdoor;Mountain
EXTRA JOSS;Bintang Toedjoe;;FOOD PACKAGING;FP;PS;ML;2;East Lombok;West Nusa Tenggara;29/09/2023;Outdoor;Mountain
SARI WANGI;Angri Wangi Indonesia;;FOOD PACKAGING;FP;PS;SL;2;East Lombok;West Nusa Tenggara;29/09/2023;Outdoor;Mountain
ENERGEN;Mayora Indah;;FOOD PACKAGING;FP;PS;ML;9;East Lombok;West Nusa Tenggara;29/09/2023;Outdoor;Mountain
INDOCAFE;Indofood;;FOOD PACKAGING;FP;PS;ML;2;East Lombok;West Nusa Tenggara;29/09/2023;Outdoor;Mountain
INDOMILK;Indofood;;FOOD PACKAGING;FP;PS;ML;15;East Lombok;West Nusa Tenggara;29/09/2023;Outdoor;Mountain
FRISIAN FLAG;FrieslandCampina;;FOOD PACKAGING;FP;PS;ML;11;East Lombok;West Nusa Tenggara;29/09/2023;Outdoor;Mountain
KOPI LIONG;;Ngesti Prima Makmur;FOOD PACKAGING;FP;PS;ML;1;East Lombok;West Nusa Tenggara;29/09/2023;Outdoor;Mountain
ADEM SARI;Sari Enesis Indah;;FOOD PACKAGING;FP;PS;ML;1;East Lombok;West Nusa Tenggara;29/09/2023;Outdoor;Mountain
CHOCOLATOS;Garuda Food;;FOOD PACKAGING;FP;PS;ML;2;East Lombok;West Nusa Tenggara;29/09/2023;Outdoor;Mountain
JAHE MERAH AMH;;ANUGRAH PERSADA ALAM;FOOD PACKAGING;FP;PS;SL;2;East Lombok;West Nusa Tenggara;29/09/2023;Outdoor;Mountain
HONEY LEMON;;UNKNOWN;FOOD PACKAGING;FP;PS;ML;1;East Lombok;West Nusa Tenggara;29/09/2023;Outdoor;Mountain
MARIMAS;Marimas Putera Kencana;;FOOD PACKAGING;FP;PS;ML;2;East Lombok;West Nusa Tenggara;29/09/2023;Outdoor;Mountain
JAS JUS;Wings;;FOOD PACKAGING;FP;PS;SL;1;East Lombok;West Nusa Tenggara;29/09/2023;Outdoor;Mountain
MILO;Nestle;;FOOD PACKAGING;FP;PS;ML;3;East Lombok;West Nusa Tenggara;29/09/2023;Outdoor;Mountain
KAPAL API;Santos Jaya Abadi;;FOOD PACKAGING;FP;PS;ML;3;East Lombok;West Nusa Tenggara;29/09/2023;Outdoor;Mountain
